
0.00 0.00 0.00
565.27 202.42 -112.45
565.27 202.42 -112.45
565.27 202.42 -112.45
565.27 202.42 -112.45
565.27 202.42 -112.45
565.27 202.42 -112.45
565.27 202.42 -112.45
565.27 202.42 -112.45
565.27 202.42 -112.45
565.27 202.42 -112.45
565.27 202.42 -112.45
565.27 202.42 -112.45
565.27 202.42 -112.45
560.77 215.91 -104.96
560.77 215.91 -104.96
560.77 215.91 -104.96
560.77 215.91 -104.96
560.77 215.91 -104.96
560.77 215.91 -104.96
560.77 215.91 -104.96
560.77 215.91 -104.96
560.77 215.91 -104.96
560.77 215.91 -104.96
560.77 215.91 -104.96
560.77 215.91 -104.96
553.27 220.41 -115.45
553.27 220.41 -115.45
553.27 220.41 -115.45
553.27 220.41 -115.45
553.27 220.41 -115.45
553.27 220.41 -115.45
553.27 220.41 -115.45
553.27 220.41 -115.45
553.27 220.41 -115.45
553.27 220.41 -115.45
553.27 220.41 -115.45
553.27 220.41 -115.45
553.27 220.41 -115.45
550.28 214.41 -109.46
550.28 214.41 -109.46
550.28 214.41 -109.46
550.28 214.41 -109.46
550.28 214.41 -109.46
550.28 214.41 -109.46
550.28 214.41 -109.46
550.28 214.41 -109.46
550.28 214.41 -109.46
550.28 214.41 -109.46
550.28 214.41 -109.46
550.28 214.41 -109.46
544.28 223.41 -118.45
544.28 223.41 -118.45
544.28 223.41 -118.45
544.28 223.41 -118.45
544.28 223.41 -118.45
544.28 223.41 -118.45
544.28 223.41 -118.45
544.28 223.41 -118.45
544.28 223.41 -118.45
544.28 223.41 -118.45
544.28 223.41 -118.45
544.28 223.41 -118.45
544.28 223.41 -118.45
545.78 236.90 -110.95
545.78 236.90 -110.95
545.78 236.90 -110.95
545.78 236.90 -110.95
545.78 236.90 -110.95
545.78 236.90 -110.95
545.78 236.90 -110.95
545.78 236.90 -110.95
545.78 236.90 -110.95
545.78 236.90 -110.95
545.78 236.90 -110.95
545.78 236.90 -110.95
539.78 245.90 -119.95
539.78 245.90 -119.95
539.78 245.90 -119.95
539.78 245.90 -119.95
539.78 245.90 -119.95
539.78 245.90 -119.95
539.78 245.90 -119.95
539.78 245.90 -119.95
539.78 245.90 -119.95
539.78 245.90 -119.95
539.78 245.90 -119.95
539.78 245.90 -119.95
539.78 245.90 -119.95
550.28 265.39 -136.44
550.28 265.39 -136.44
550.28 265.39 -136.44
550.28 265.39 -136.44
550.28 265.39 -136.44
550.28 265.39 -136.44
550.28 265.39 -136.44
550.28 265.39 -136.44
550.28 265.39 -136.44
550.28 265.39 -136.44
550.28 265.39 -136.44
550.28 265.39 -136.44
550.28 265.39 -136.44
532.28 262.39 -121.45
532.28 262.39 -121.45
532.28 262.39 -121.45
532.28 262.39 -121.45
532.28 262.39 -121.45
532.28 262.39 -121.45
532.28 262.39 -121.45
532.28 262.39 -121.45
532.28 262.39 -121.45
532.28 262.39 -121.45
532.28 262.39 -121.45
532.28 262.39 -121.45
526.29 280.39 -127.45
526.29 280.39 -127.45
526.29 280.39 -127.45
526.29 280.39 -127.45
526.29 280.39 -127.45
526.29 280.39 -127.45
526.29 280.39 -127.45
526.29 280.39 -127.45
526.29 280.39 -127.45
526.29 280.39 -127.45
526.29 280.39 -127.45
526.29 280.39 -127.45
526.29 280.39 -127.45
541.28 301.38 -124.45
541.28 301.38 -124.45
541.28 301.38 -124.45
541.28 301.38 -124.45
541.28 301.38 -124.45
541.28 301.38 -124.45
541.28 301.38 -124.45
541.28 301.38 -124.45
541.28 301.38 -124.45
541.28 301.38 -124.45
541.28 301.38 -124.45
541.28 301.38 -124.45
535.28 304.38 -142.44
535.28 304.38 -142.44
535.28 304.38 -142.44
535.28 304.38 -142.44
535.28 304.38 -142.44
535.28 304.38 -142.44
535.28 304.38 -142.44
535.28 304.38 -142.44
535.28 304.38 -142.44
535.28 304.38 -142.44
535.28 304.38 -142.44
535.28 304.38 -142.44
535.28 304.38 -142.44
523.29 316.37 -136.44
523.29 316.37 -136.44
523.29 316.37 -136.44
523.29 316.37 -136.44
523.29 316.37 -136.44
523.29 316.37 -136.44
523.29 316.37 -136.44
523.29 316.37 -136.44
523.29 316.37 -136.44
523.29 316.37 -136.44
523.29 316.37 -136.44
523.29 316.37 -136.44
524.79 332.86 -125.95
524.79 332.86 -125.95
524.79 332.86 -125.95
524.79 332.86 -125.95
524.79 332.86 -125.95
524.79 332.86 -125.95
524.79 332.86 -125.95
524.79 332.86 -125.95
524.79 332.86 -125.95
524.79 332.86 -125.95
524.79 332.86 -125.95
524.79 332.86 -125.95
524.79 332.86 -125.95
509.79 353.86 -140.94
509.79 353.86 -140.94
509.79 353.86 -140.94
509.79 353.86 -140.94
509.79 353.86 -140.94
509.79 353.86 -140.94
509.79 353.86 -140.94
509.79 353.86 -140.94
509.79 353.86 -140.94
509.79 353.86 -140.94
509.79 353.86 -140.94
509.79 353.86 -140.94
497.80 368.85 -149.94
497.80 368.85 -149.94
497.80 368.85 -149.94
497.80 368.85 -149.94
497.80 368.85 -149.94
497.80 368.85 -149.94
497.80 368.85 -149.94
497.80 368.85 -149.94
497.80 368.85 -149.94
497.80 368.85 -149.94
497.80 368.85 -149.94
497.80 368.85 -149.94
497.80 368.85 -149.94
496.30 376.35 -157.44
496.30 376.35 -157.44
496.30 376.35 -157.44
496.30 376.35 -157.44
496.30 376.35 -157.44
496.30 376.35 -157.44
496.30 376.35 -157.44
496.30 376.35 -157.44
496.30 376.35 -157.44
496.30 376.35 -157.44
496.30 376.35 -157.44
496.30 376.35 -157.44
496.30 376.35 -157.44
490.30 397.34 -142.44
490.30 397.34 -142.44
490.30 397.34 -142.44
490.30 397.34 -142.44
490.30 397.34 -142.44
490.30 397.34 -142.44
490.30 397.34 -142.44
490.30 397.34 -142.44
490.30 397.34 -142.44
490.30 397.34 -142.44
490.30 397.34 -142.44
490.30 397.34 -142.44
479.80 392.84 -143.94
479.80 392.84 -143.94
479.80 392.84 -143.94
479.80 392.84 -143.94
479.80 392.84 -143.94
479.80 392.84 -143.94
479.80 392.84 -143.94
479.80 392.84 -143.94
479.80 392.84 -143.94
479.80 392.84 -143.94
479.80 392.84 -143.94
479.80 392.84 -143.94
479.80 392.84 -143.94
488.80 410.83 -149.94
488.80 410.83 -149.94
488.80 410.83 -149.94
488.80 410.83 -149.94
488.80 410.83 -149.94
488.80 410.83 -149.94
488.80 410.83 -149.94
488.80 410.83 -149.94
488.80 410.83 -149.94
488.80 410.83 -149.94
488.80 410.83 -149.94
488.80 410.83 -149.94
476.81 425.83 -155.94
476.81 425.83 -155.94
476.81 425.83 -155.94
476.81 425.83 -155.94
476.81 425.83 -155.94
476.81 425.83 -155.94
476.81 425.83 -155.94
476.81 425.83 -155.94
476.81 425.83 -155.94
476.81 425.83 -155.94
476.81 425.83 -155.94
476.81 425.83 -155.94
476.81 425.83 -155.94
478.31 418.33 -139.44
478.31 418.33 -139.44
478.31 418.33 -139.44
478.31 418.33 -139.44
478.31 418.33 -139.44
478.31 418.33 -139.44
478.31 418.33 -139.44
478.31 418.33 -139.44
478.31 418.33 -139.44
478.31 418.33 -139.44
478.31 418.33 -139.44
478.31 418.33 -139.44
473.81 437.82 -152.94
473.81 437.82 -152.94
473.81 437.82 -152.94
473.81 437.82 -152.94
473.81 437.82 -152.94
473.81 437.82 -152.94
473.81 437.82 -152.94
473.81 437.82 -152.94
473.81 437.82 -152.94
473.81 437.82 -152.94
473.81 437.82 -152.94
473.81 437.82 -152.94
473.81 437.82 -152.94
455.81 446.82 -149.94
455.81 446.82 -149.94
455.81 446.82 -149.94
455.81 446.82 -149.94
455.81 446.82 -149.94
455.81 446.82 -149.94
455.81 446.82 -149.94
455.81 446.82 -149.94
455.81 446.82 -149.94
455.81 446.82 -149.94
455.81 446.82 -149.94
455.81 446.82 -149.94
455.81 446.82 -149.94
451.32 475.31 -151.44
451.32 475.31 -151.44
451.32 475.31 -151.44
451.32 475.31 -151.44
451.32 475.31 -151.44
451.32 475.31 -151.44
451.32 475.31 -151.44
451.32 475.31 -151.44
451.32 475.31 -151.44
451.32 475.31 -151.44
451.32 475.31 -151.44
451.32 475.31 -151.44
446.82 449.82 -137.94
446.82 449.82 -137.94
446.82 449.82 -137.94
446.82 449.82 -137.94
446.82 449.82 -137.94
446.82 449.82 -137.94
446.82 449.82 -137.94
446.82 449.82 -137.94
446.82 449.82 -137.94
446.82 449.82 -137.94
446.82 449.82 -137.94
446.82 449.82 -137.94
446.82 449.82 -137.94
430.32 478.31 -145.44
430.32 478.31 -145.44
430.32 478.31 -145.44
430.32 478.31 -145.44
430.32 478.31 -145.44
430.32 478.31 -145.44
430.32 478.31 -145.44
430.32 478.31 -145.44
430.32 478.31 -145.44
430.32 478.31 -145.44
430.32 478.31 -145.44
430.32 478.31 -145.44
425.83 485.80 -125.95
425.83 485.80 -125.95
425.83 485.80 -125.95
425.83 485.80 -125.95
425.83 485.80 -125.95
425.83 485.80 -125.95
425.83 485.80 -125.95
425.83 485.80 -125.95
425.83 485.80 -125.95
425.83 485.80 -125.95
425.83 485.80 -125.95
425.83 485.80 -125.95
425.83 485.80 -125.95
415.33 487.30 -145.44
415.33 487.30 -145.44
415.33 487.30 -145.44
415.33 487.30 -145.44
415.33 487.30 -145.44
415.33 487.30 -145.44
415.33 487.30 -145.44
415.33 487.30 -145.44
415.33 487.30 -145.44
415.33 487.30 -145.44
415.33 487.30 -145.44
415.33 487.30 -145.44
401.84 515.79 -128.95
401.84 515.79 -128.95
401.84 515.79 -128.95
401.84 515.79 -128.95
401.84 515.79 -128.95
401.84 515.79 -128.95
401.84 515.79 -128.95
401.84 515.79 -128.95
401.84 515.79 -128.95
401.84 515.79 -128.95
401.84 515.79 -128.95
401.84 515.79 -128.95
401.84 515.79 -128.95
394.34 508.29 -148.44
394.34 508.29 -148.44
394.34 508.29 -148.44
394.34 508.29 -148.44
394.34 508.29 -148.44
394.34 508.29 -148.44
394.34 508.29 -148.44
394.34 508.29 -148.44
394.34 508.29 -148.44
394.34 508.29 -148.44
394.34 508.29 -148.44
394.34 508.29 -148.44
394.34 508.29 -148.44
374.85 530.78 -134.95
374.85 530.78 -134.95
374.85 530.78 -134.95
374.85 530.78 -134.95
374.85 530.78 -134.95
374.85 530.78 -134.95
374.85 530.78 -134.95
374.85 530.78 -134.95
374.85 530.78 -134.95
374.85 530.78 -134.95
374.85 530.78 -134.95
374.85 530.78 -134.95
367.35 526.29 -154.44
367.35 526.29 -154.44
367.35 526.29 -154.44
367.35 526.29 -154.44
367.35 526.29 -154.44
367.35 526.29 -154.44
367.35 526.29 -154.44
367.35 526.29 -154.44
367.35 526.29 -154.44
367.35 526.29 -154.44
367.35 526.29 -154.44
367.35 526.29 -154.44
367.35 526.29 -154.44
352.36 538.28 -139.44
352.36 538.28 -139.44
352.36 538.28 -139.44
352.36 538.28 -139.44
352.36 538.28 -139.44
352.36 538.28 -139.44
352.36 538.28 -139.44
352.36 538.28 -139.44
352.36 538.28 -139.44
352.36 538.28 -139.44
352.36 538.28 -139.44
352.36 538.28 -139.44
344.86 554.77 -149.94
344.86 554.77 -149.94
344.86 554.77 -149.94
344.86 554.77 -149.94
344.86 554.77 -149.94
344.86 554.77 -149.94
344.86 554.77 -149.94
344.86 554.77 -149.94
344.86 554.77 -149.94
344.86 554.77 -149.94
344.86 554.77 -149.94
344.86 554.77 -149.94
344.86 554.77 -149.94
314.87 566.77 -146.94
314.87 566.77 -146.94
314.87 566.77 -146.94
314.87 566.77 -146.94
314.87 566.77 -146.94
314.87 566.77 -146.94
314.87 566.77 -146.94
314.87 566.77 -146.94
314.87 566.77 -146.94
314.87 566.77 -146.94
314.87 566.77 -146.94
314.87 566.77 -146.94
317.87 560.77 -143.94
317.87 560.77 -143.94
317.87 560.77 -143.94
317.87 560.77 -143.94
317.87 560.77 -143.94
317.87 560.77 -143.94
317.87 560.77 -143.94
317.87 560.77 -143.94
317.87 560.77 -143.94
317.87 560.77 -143.94
317.87 560.77 -143.94
317.87 560.77 -143.94
317.87 560.77 -143.94
293.88 569.77 -146.94
293.88 569.77 -146.94
293.88 569.77 -146.94
293.88 569.77 -146.94
293.88 569.77 -146.94
293.88 569.77 -146.94
293.88 569.77 -146.94
293.88 569.77 -146.94
293.88 569.77 -146.94
293.88 569.77 -146.94
293.88 569.77 -146.94
293.88 569.77 -146.94
292.38 553.27 -151.44
292.38 553.27 -151.44
292.38 553.27 -151.44
292.38 553.27 -151.44
292.38 553.27 -151.44
292.38 553.27 -151.44
292.38 553.27 -151.44
292.38 553.27 -151.44
292.38 553.27 -151.44
292.38 553.27 -151.44
292.38 553.27 -151.44
292.38 553.27 -151.44
292.38 553.27 -151.44
275.89 581.76 -155.94
275.89 581.76 -155.94
275.89 581.76 -155.94
275.89 581.76 -155.94
275.89 581.76 -155.94
275.89 581.76 -155.94
275.89 581.76 -155.94
275.89 581.76 -155.94
275.89 581.76 -155.94
275.89 581.76 -155.94
275.89 581.76 -155.94
275.89 581.76 -155.94
275.89 581.76 -155.94
266.89 557.77 -149.94
266.89 557.77 -149.94
266.89 557.77 -149.94
266.89 557.77 -149.94
266.89 557.77 -149.94
266.89 557.77 -149.94
266.89 557.77 -149.94
266.89 557.77 -149.94
266.89 557.77 -149.94
266.89 557.77 -149.94
266.89 557.77 -149.94
266.89 557.77 -149.94
253.40 568.27 -157.44
253.40 568.27 -157.44
253.40 568.27 -157.44
253.40 568.27 -157.44
253.40 568.27 -157.44
253.40 568.27 -157.44
253.40 568.27 -157.44
253.40 568.27 -157.44
253.40 568.27 -157.44
253.40 568.27 -157.44
253.40 568.27 -157.44
253.40 568.27 -157.44
253.40 568.27 -157.44
223.41 544.28 -169.43
223.41 544.28 -169.43
223.41 544.28 -169.43
223.41 544.28 -169.43
223.41 544.28 -169.43
223.41 544.28 -169.43
223.41 544.28 -169.43
223.41 544.28 -169.43
223.41 544.28 -169.43
223.41 544.28 -169.43
223.41 544.28 -169.43
223.41 544.28 -169.43
212.91 548.78 -155.94
212.91 548.78 -155.94
212.91 548.78 -155.94
212.91 548.78 -155.94
212.91 548.78 -155.94
212.91 548.78 -155.94
212.91 548.78 -155.94
212.91 548.78 -155.94
212.91 548.78 -155.94
212.91 548.78 -155.94
212.91 548.78 -155.94
212.91 548.78 -155.94
212.91 548.78 -155.94
196.42 559.27 -166.43
196.42 559.27 -166.43
196.42 559.27 -166.43
196.42 559.27 -166.43
196.42 559.27 -166.43
196.42 559.27 -166.43
196.42 559.27 -166.43
196.42 559.27 -166.43
196.42 559.27 -166.43
196.42 559.27 -166.43
196.42 559.27 -166.43
196.42 559.27 -166.43
182.93 536.78 -173.93
182.93 536.78 -173.93
182.93 536.78 -173.93
182.93 536.78 -173.93
182.93 536.78 -173.93
182.93 536.78 -173.93
182.93 536.78 -173.93
182.93 536.78 -173.93
182.93 536.78 -173.93
182.93 536.78 -173.93
182.93 536.78 -173.93
182.93 536.78 -173.93
182.93 536.78 -173.93
169.43 550.28 -166.43
169.43 550.28 -166.43
169.43 550.28 -166.43
169.43 550.28 -166.43
169.43 550.28 -166.43
169.43 550.28 -166.43
169.43 550.28 -166.43
169.43 550.28 -166.43
169.43 550.28 -166.43
169.43 550.28 -166.43
169.43 550.28 -166.43
169.43 550.28 -166.43
148.44 538.28 -169.43
148.44 538.28 -169.43
148.44 538.28 -169.43
148.44 538.28 -169.43
148.44 538.28 -169.43
148.44 538.28 -169.43
148.44 538.28 -169.43
148.44 538.28 -169.43
148.44 538.28 -169.43
148.44 538.28 -169.43
148.44 538.28 -169.43
148.44 538.28 -169.43
148.44 538.28 -169.43
146.94 518.79 -167.93
146.94 518.79 -167.93
146.94 518.79 -167.93
146.94 518.79 -167.93
146.94 518.79 -167.93
146.94 518.79 -167.93
146.94 518.79 -167.93
146.94 518.79 -167.93
146.94 518.79 -167.93
146.94 518.79 -167.93
146.94 518.79 -167.93
146.94 518.79 -167.93
119.95 515.79 -167.93
119.95 515.79 -167.93
119.95 515.79 -167.93
119.95 515.79 -167.93
119.95 515.79 -167.93
119.95 515.79 -167.93
119.95 515.79 -167.93
119.95 515.79 -167.93
119.95 515.79 -167.93
119.95 515.79 -167.93
119.95 515.79 -167.93
119.95 515.79 -167.93
119.95 515.79 -167.93
107.96 512.79 -161.93
107.96 512.79 -161.93
107.96 512.79 -161.93
107.96 512.79 -161.93
107.96 512.79 -161.93
107.96 512.79 -161.93
107.96 512.79 -161.93
107.96 512.79 -161.93
107.96 512.79 -161.93
107.96 512.79 -161.93
107.96 512.79 -161.93
107.96 512.79 -161.93
107.96 512.79 -161.93
85.47 514.29 -160.43
85.47 514.29 -160.43
85.47 514.29 -160.43
85.47 514.29 -160.43
85.47 514.29 -160.43
85.47 514.29 -160.43
85.47 514.29 -160.43
85.47 514.29 -160.43
85.47 514.29 -160.43
85.47 514.29 -160.43
85.47 514.29 -160.43
85.47 514.29 -160.43
68.97 500.80 -176.93
68.97 500.80 -176.93
68.97 500.80 -176.93
68.97 500.80 -176.93
68.97 500.80 -176.93
68.97 500.80 -176.93
68.97 500.80 -176.93
68.97 500.80 -176.93
68.97 500.80 -176.93
68.97 500.80 -176.93
68.97 500.80 -176.93
68.97 500.80 -176.93
68.97 500.80 -176.93
19.49 460.31 -166.43
19.49 460.31 -166.43
19.49 460.31 -166.43
19.49 460.31 -166.43
19.49 460.31 -166.43
19.49 460.31 -166.43
19.49 460.31 -166.43
19.49 460.31 -166.43
19.49 460.31 -166.43
19.49 460.31 -166.43
19.49 460.31 -166.43
19.49 460.31 -166.43
-41.98 407.83 -143.94
-41.98 407.83 -143.94
-41.98 407.83 -143.94
-41.98 407.83 -143.94
-41.98 407.83 -143.94
-41.98 407.83 -143.94
-41.98 407.83 -143.94
-41.98 407.83 -143.94
-41.98 407.83 -143.94
-41.98 407.83 -143.94
-41.98 407.83 -143.94
-41.98 407.83 -143.94
-41.98 407.83 -143.94
-43.48 352.36 -118.45
-43.48 352.36 -118.45
-43.48 352.36 -118.45
-43.48 352.36 -118.45
-43.48 352.36 -118.45
-43.48 352.36 -118.45
-43.48 352.36 -118.45
-43.48 352.36 -118.45
-43.48 352.36 -118.45
-43.48 352.36 -118.45
-43.48 352.36 -118.45
-43.48 352.36 -118.45
-65.97 296.88 -110.95
-65.97 296.88 -110.95
-65.97 296.88 -110.95
-65.97 296.88 -110.95
-65.97 296.88 -110.95
-65.97 296.88 -110.95
-65.97 296.88 -110.95
-65.97 296.88 -110.95
-65.97 296.88 -110.95
-65.97 296.88 -110.95
-65.97 296.88 -110.95
-65.97 296.88 -110.95
-65.97 296.88 -110.95
-79.47 265.39 -127.45
-79.47 265.39 -127.45
-79.47 265.39 -127.45
-79.47 265.39 -127.45
-79.47 265.39 -127.45
-79.47 265.39 -127.45
-79.47 265.39 -127.45
-79.47 265.39 -127.45
-79.47 265.39 -127.45
-79.47 265.39 -127.45
-79.47 265.39 -127.45
-79.47 265.39 -127.45
-94.46 235.40 -127.45
-94.46 235.40 -127.45
-94.46 235.40 -127.45
-94.46 235.40 -127.45
-94.46 235.40 -127.45
-94.46 235.40 -127.45
-94.46 235.40 -127.45
-94.46 235.40 -127.45
-94.46 235.40 -127.45
-94.46 235.40 -127.45
-94.46 235.40 -127.45
-94.46 235.40 -127.45
-94.46 235.40 -127.45
-76.47 211.41 -124.45
-76.47 211.41 -124.45
-76.47 211.41 -124.45
-76.47 211.41 -124.45
-76.47 211.41 -124.45
-76.47 211.41 -124.45
-76.47 211.41 -124.45
-76.47 211.41 -124.45
-76.47 211.41 -124.45
-76.47 211.41 -124.45
-76.47 211.41 -124.45
-76.47 211.41 -124.45
-76.47 211.41 -124.45
-95.96 176.93 -146.94
-95.96 176.93 -146.94
-95.96 176.93 -146.94
-95.96 176.93 -146.94
-95.96 176.93 -146.94
-95.96 176.93 -146.94
-95.96 176.93 -146.94
-95.96 176.93 -146.94
-95.96 176.93 -146.94
-95.96 176.93 -146.94
-95.96 176.93 -146.94
-95.96 176.93 -146.94
-74.97 152.94 -125.95
-74.97 152.94 -125.95
-74.97 152.94 -125.95
-74.97 152.94 -125.95
-74.97 152.94 -125.95
-74.97 152.94 -125.95
-74.97 152.94 -125.95
-74.97 152.94 -125.95
-74.97 152.94 -125.95
-74.97 152.94 -125.95
-74.97 152.94 -125.95
-74.97 152.94 -125.95
-74.97 152.94 -125.95
-76.47 121.45 -133.45
-76.47 121.45 -133.45
-76.47 121.45 -133.45
-76.47 121.45 -133.45
-76.47 121.45 -133.45
-76.47 121.45 -133.45
-76.47 121.45 -133.45
-76.47 121.45 -133.45
-76.47 121.45 -133.45
-76.47 121.45 -133.45
-76.47 121.45 -133.45
-76.47 121.45 -133.45
-71.97 128.95 -137.94
-71.97 128.95 -137.94
-71.97 128.95 -137.94
-71.97 128.95 -137.94
-71.97 128.95 -137.94
-71.97 128.95 -137.94
-71.97 128.95 -137.94
-71.97 128.95 -137.94
-71.97 128.95 -137.94
-71.97 128.95 -137.94
-71.97 128.95 -137.94
-71.97 128.95 -137.94
-71.97 128.95 -137.94
-52.48 109.46 -145.44
-52.48 109.46 -145.44
-52.48 109.46 -145.44
-52.48 109.46 -145.44
-52.48 109.46 -145.44
-52.48 109.46 -145.44
-52.48 109.46 -145.44
-52.48 109.46 -145.44
-52.48 109.46 -145.44
-52.48 109.46 -145.44
-52.48 109.46 -145.44
-52.48 109.46 -145.44
-67.47 106.46 -157.44
-67.47 106.46 -157.44
-67.47 106.46 -157.44
-67.47 106.46 -157.44
-67.47 106.46 -157.44
-67.47 106.46 -157.44
-67.47 106.46 -157.44
-67.47 106.46 -157.44
-67.47 106.46 -157.44
-67.47 106.46 -157.44
-67.47 106.46 -157.44
-67.47 106.46 -157.44
-67.47 106.46 -157.44
-61.47 76.47 -169.43
-61.47 76.47 -169.43
-61.47 76.47 -169.43
-61.47 76.47 -169.43
-61.47 76.47 -169.43
-61.47 76.47 -169.43
-61.47 76.47 -169.43
-61.47 76.47 -169.43
-61.47 76.47 -169.43
-61.47 76.47 -169.43
-61.47 76.47 -169.43
-61.47 76.47 -169.43
-56.98 56.98 -146.94
-56.98 56.98 -146.94
-56.98 56.98 -146.94
-56.98 56.98 -146.94
-56.98 56.98 -146.94
-56.98 56.98 -146.94
-56.98 56.98 -146.94
-56.98 56.98 -146.94
-56.98 56.98 -146.94
-56.98 56.98 -146.94
-56.98 56.98 -146.94
-56.98 56.98 -146.94
-56.98 56.98 -146.94
-46.48 37.48 -154.44
-46.48 37.48 -154.44
-46.48 37.48 -154.44
-46.48 37.48 -154.44
-46.48 37.48 -154.44
-46.48 37.48 -154.44
-46.48 37.48 -154.44
-46.48 37.48 -154.44
-46.48 37.48 -154.44
-46.48 37.48 -154.44
-46.48 37.48 -154.44
-46.48 37.48 -154.44
-46.48 37.48 -154.44
-43.48 16.49 -145.44
-43.48 16.49 -145.44
-43.48 16.49 -145.44
-43.48 16.49 -145.44
-43.48 16.49 -145.44
-43.48 16.49 -145.44
-43.48 16.49 -145.44
-43.48 16.49 -145.44
-43.48 16.49 -145.44
-43.48 16.49 -145.44
-43.48 16.49 -145.44
-43.48 16.49 -145.44
-37.48 10.50 -133.45
-37.48 10.50 -133.45
-37.48 10.50 -133.45
-37.48 10.50 -133.45
-37.48 10.50 -133.45
-37.48 10.50 -133.45
-37.48 10.50 -133.45
-37.48 10.50 -133.45
-37.48 10.50 -133.45
-37.48 10.50 -133.45
-37.48 10.50 -133.45
-37.48 10.50 -133.45
-37.48 10.50 -133.45
-43.48 -7.50 -121.45
-43.48 -7.50 -121.45
-43.48 -7.50 -121.45
-43.48 -7.50 -121.45
-43.48 -7.50 -121.45
-43.48 -7.50 -121.45
-43.48 -7.50 -121.45
-43.48 -7.50 -121.45
-43.48 -7.50 -121.45
-43.48 -7.50 -121.45
-43.48 -7.50 -121.45
-43.48 -7.50 -121.45
-14.99 -14.99 -119.95
-14.99 -14.99 -119.95
-14.99 -14.99 -119.95
-14.99 -14.99 -119.95
-14.99 -14.99 -119.95
-14.99 -14.99 -119.95
-14.99 -14.99 -119.95
-14.99 -14.99 -119.95
-14.99 -14.99 -119.95
-14.99 -14.99 -119.95
-14.99 -14.99 -119.95
-14.99 -14.99 -119.95
-14.99 -14.99 -119.95
-16.49 -16.49 -133.45
-16.49 -16.49 -133.45
-16.49 -16.49 -133.45
-16.49 -16.49 -133.45
-16.49 -16.49 -133.45
-16.49 -16.49 -133.45
-16.49 -16.49 -133.45
-16.49 -16.49 -133.45
-16.49 -16.49 -133.45
-16.49 -16.49 -133.45
-16.49 -16.49 -133.45
-16.49 -16.49 -133.45
3.00 -23.99 -128.95
3.00 -23.99 -128.95
3.00 -23.99 -128.95
3.00 -23.99 -128.95
3.00 -23.99 -128.95
3.00 -23.99 -128.95
3.00 -23.99 -128.95
3.00 -23.99 -128.95
3.00 -23.99 -128.95
3.00 -23.99 -128.95
3.00 -23.99 -128.95
3.00 -23.99 -128.95
3.00 -23.99 -128.95
-9.00 -35.99 -122.95
-9.00 -35.99 -122.95
-9.00 -35.99 -122.95
-9.00 -35.99 -122.95
-9.00 -35.99 -122.95
-9.00 -35.99 -122.95
-9.00 -35.99 -122.95
-9.00 -35.99 -122.95
-9.00 -35.99 -122.95
-9.00 -35.99 -122.95
-9.00 -35.99 -122.95
-9.00 -35.99 -122.95
16.49 -43.48 -133.45
16.49 -43.48 -133.45
16.49 -43.48 -133.45
16.49 -43.48 -133.45
16.49 -43.48 -133.45
16.49 -43.48 -133.45
16.49 -43.48 -133.45
16.49 -43.48 -133.45
16.49 -43.48 -133.45
16.49 -43.48 -133.45
16.49 -43.48 -133.45
16.49 -43.48 -133.45
16.49 -43.48 -133.45
14.99 -74.97 -140.94
14.99 -74.97 -140.94
14.99 -74.97 -140.94
14.99 -74.97 -140.94
14.99 -74.97 -140.94
14.99 -74.97 -140.94
14.99 -74.97 -140.94
14.99 -74.97 -140.94
14.99 -74.97 -140.94
14.99 -74.97 -140.94
14.99 -74.97 -140.94
14.99 -74.97 -140.94
14.99 -74.97 -140.94
31.49 -103.46 -130.45
31.49 -103.46 -130.45
31.49 -103.46 -130.45
31.49 -103.46 -130.45
31.49 -103.46 -130.45
31.49 -103.46 -130.45
31.49 -103.46 -130.45
31.49 -103.46 -130.45
31.49 -103.46 -130.45
31.49 -103.46 -130.45
31.49 -103.46 -130.45
31.49 -103.46 -130.45
59.98 -98.96 -128.95
59.98 -98.96 -128.95
59.98 -98.96 -128.95
59.98 -98.96 -128.95
59.98 -98.96 -128.95
59.98 -98.96 -128.95
59.98 -98.96 -128.95
59.98 -98.96 -128.95
59.98 -98.96 -128.95
59.98 -98.96 -128.95
59.98 -98.96 -128.95
59.98 -98.96 -128.95
59.98 -98.96 -128.95
58.48 -106.46 -118.45
58.48 -106.46 -118.45
58.48 -106.46 -118.45
58.48 -106.46 -118.45
58.48 -106.46 -118.45
58.48 -106.46 -118.45
58.48 -106.46 -118.45
58.48 -106.46 -118.45
58.48 -106.46 -118.45
58.48 -106.46 -118.45
58.48 -106.46 -118.45
58.48 -106.46 -118.45
79.47 -118.45 -100.46
79.47 -118.45 -100.46
79.47 -118.45 -100.46
79.47 -118.45 -100.46
79.47 -118.45 -100.46
79.47 -118.45 -100.46
79.47 -118.45 -100.46
79.47 -118.45 -100.46
79.47 -118.45 -100.46
79.47 -118.45 -100.46
79.47 -118.45 -100.46
79.47 -118.45 -100.46
79.47 -118.45 -100.46
89.96 -125.95 -92.96
89.96 -125.95 -92.96
89.96 -125.95 -92.96
89.96 -125.95 -92.96
89.96 -125.95 -92.96
89.96 -125.95 -92.96
89.96 -125.95 -92.96
89.96 -125.95 -92.96
89.96 -125.95 -92.96
89.96 -125.95 -92.96
89.96 -125.95 -92.96
89.96 -125.95 -92.96
106.46 -136.44 -103.46
106.46 -136.44 -103.46
106.46 -136.44 -103.46
106.46 -136.44 -103.46
106.46 -136.44 -103.46
106.46 -136.44 -103.46
106.46 -136.44 -103.46
106.46 -136.44 -103.46
106.46 -136.44 -103.46
106.46 -136.44 -103.46
106.46 -136.44 -103.46
106.46 -136.44 -103.46
106.46 -136.44 -103.46
122.95 -128.95 -83.97
122.95 -128.95 -83.97
122.95 -128.95 -83.97
122.95 -128.95 -83.97
122.95 -128.95 -83.97
122.95 -128.95 -83.97
122.95 -128.95 -83.97
122.95 -128.95 -83.97
122.95 -128.95 -83.97
122.95 -128.95 -83.97
122.95 -128.95 -83.97
122.95 -128.95 -83.97
121.45 -124.45 -112.45
121.45 -124.45 -112.45
121.45 -124.45 -112.45
121.45 -124.45 -112.45
121.45 -124.45 -112.45
121.45 -124.45 -112.45
121.45 -124.45 -112.45
121.45 -124.45 -112.45
121.45 -124.45 -112.45
121.45 -124.45 -112.45
121.45 -124.45 -112.45
121.45 -124.45 -112.45
121.45 -124.45 -112.45
139.44 -142.44 -94.46
139.44 -142.44 -94.46
139.44 -142.44 -94.46
139.44 -142.44 -94.46
139.44 -142.44 -94.46
139.44 -142.44 -94.46
139.44 -142.44 -94.46
139.44 -142.44 -94.46
139.44 -142.44 -94.46
139.44 -142.44 -94.46
139.44 -142.44 -94.46
139.44 -142.44 -94.46
139.44 -142.44 -94.46
160.43 -142.44 -94.46
160.43 -142.44 -94.46
160.43 -142.44 -94.46
160.43 -142.44 -94.46
160.43 -142.44 -94.46
160.43 -142.44 -94.46
160.43 -142.44 -94.46
160.43 -142.44 -94.46
160.43 -142.44 -94.46
160.43 -142.44 -94.46
160.43 -142.44 -94.46
160.43 -142.44 -94.46
179.93 -137.94 -80.97
179.93 -137.94 -80.97
179.93 -137.94 -80.97
179.93 -137.94 -80.97
179.93 -137.94 -80.97
179.93 -137.94 -80.97
179.93 -137.94 -80.97
179.93 -137.94 -80.97
179.93 -137.94 -80.97
179.93 -137.94 -80.97
179.93 -137.94 -80.97
179.93 -137.94 -80.97
179.93 -137.94 -80.97
205.42 -127.45 -73.47
205.42 -127.45 -73.47
205.42 -127.45 -73.47
205.42 -127.45 -73.47
205.42 -127.45 -73.47
205.42 -127.45 -73.47
205.42 -127.45 -73.47
205.42 -127.45 -73.47
205.42 -127.45 -73.47
205.42 -127.45 -73.47
205.42 -127.45 -73.47
205.42 -127.45 -73.47
203.92 -122.95 -89.96
203.92 -122.95 -89.96
203.92 -122.95 -89.96
203.92 -122.95 -89.96
203.92 -122.95 -89.96
203.92 -122.95 -89.96
203.92 -122.95 -89.96
203.92 -122.95 -89.96
203.92 -122.95 -89.96
203.92 -122.95 -89.96
203.92 -122.95 -89.96
203.92 -122.95 -89.96
203.92 -122.95 -89.96
215.91 -119.95 -95.96
215.91 -119.95 -95.96
215.91 -119.95 -95.96
215.91 -119.95 -95.96
215.91 -119.95 -95.96
215.91 -119.95 -95.96
215.91 -119.95 -95.96
215.91 -119.95 -95.96
215.91 -119.95 -95.96
215.91 -119.95 -95.96
215.91 -119.95 -95.96
215.91 -119.95 -95.96
223.41 -145.44 -100.46
223.41 -145.44 -100.46
223.41 -145.44 -100.46
223.41 -145.44 -100.46
223.41 -145.44 -100.46
223.41 -145.44 -100.46
223.41 -145.44 -100.46
223.41 -145.44 -100.46
223.41 -145.44 -100.46
223.41 -145.44 -100.46
223.41 -145.44 -100.46
223.41 -145.44 -100.46
223.41 -145.44 -100.46
239.90 -134.95 -98.96
239.90 -134.95 -98.96
239.90 -134.95 -98.96
239.90 -134.95 -98.96
239.90 -134.95 -98.96
239.90 -134.95 -98.96
239.90 -134.95 -98.96
239.90 -134.95 -98.96
239.90 -134.95 -98.96
239.90 -134.95 -98.96
239.90 -134.95 -98.96
239.90 -134.95 -98.96
239.90 -134.95 -98.96
259.39 -145.44 -91.46
259.39 -145.44 -91.46
259.39 -145.44 -91.46
259.39 -145.44 -91.46
259.39 -145.44 -91.46
259.39 -145.44 -91.46
259.39 -145.44 -91.46
259.39 -145.44 -91.46
259.39 -145.44 -91.46
259.39 -145.44 -91.46
259.39 -145.44 -91.46
259.39 -145.44 -91.46
265.39 -139.44 -79.47
265.39 -139.44 -79.47
265.39 -139.44 -79.47
265.39 -139.44 -79.47
265.39 -139.44 -79.47
265.39 -139.44 -79.47
265.39 -139.44 -79.47
265.39 -139.44 -79.47
265.39 -139.44 -79.47
265.39 -139.44 -79.47
265.39 -139.44 -79.47
265.39 -139.44 -79.47
265.39 -139.44 -79.47
292.38 -118.45 -79.47
292.38 -118.45 -79.47
292.38 -118.45 -79.47
292.38 -118.45 -79.47
292.38 -118.45 -79.47
292.38 -118.45 -79.47
292.38 -118.45 -79.47
292.38 -118.45 -79.47
292.38 -118.45 -79.47
292.38 -118.45 -79.47
292.38 -118.45 -79.47
292.38 -118.45 -79.47
302.88 -113.95 -104.96
302.88 -113.95 -104.96
302.88 -113.95 -104.96
302.88 -113.95 -104.96
302.88 -113.95 -104.96
302.88 -113.95 -104.96
302.88 -113.95 -104.96
302.88 -113.95 -104.96
302.88 -113.95 -104.96
302.88 -113.95 -104.96
302.88 -113.95 -104.96
302.88 -113.95 -104.96
302.88 -113.95 -104.96
322.37 -118.45 -88.46
322.37 -118.45 -88.46
322.37 -118.45 -88.46
322.37 -118.45 -88.46
322.37 -118.45 -88.46
322.37 -118.45 -88.46
322.37 -118.45 -88.46
322.37 -118.45 -88.46
322.37 -118.45 -88.46
322.37 -118.45 -88.46
322.37 -118.45 -88.46
322.37 -118.45 -88.46
337.36 -118.45 -106.46
337.36 -118.45 -106.46
337.36 -118.45 -106.46
337.36 -118.45 -106.46
337.36 -118.45 -106.46
337.36 -118.45 -106.46
337.36 -118.45 -106.46
337.36 -118.45 -106.46
337.36 -118.45 -106.46
337.36 -118.45 -106.46
337.36 -118.45 -106.46
337.36 -118.45 -106.46
337.36 -118.45 -106.46
355.36 -115.45 -103.46
355.36 -115.45 -103.46
355.36 -115.45 -103.46
355.36 -115.45 -103.46
355.36 -115.45 -103.46
355.36 -115.45 -103.46
355.36 -115.45 -103.46
355.36 -115.45 -103.46
355.36 -115.45 -103.46
355.36 -115.45 -103.46
355.36 -115.45 -103.46
355.36 -115.45 -103.46
356.85 -104.96 -104.96
356.85 -104.96 -104.96
356.85 -104.96 -104.96
356.85 -104.96 -104.96
356.85 -104.96 -104.96
356.85 -104.96 -104.96
356.85 -104.96 -104.96
356.85 -104.96 -104.96
356.85 -104.96 -104.96
356.85 -104.96 -104.96
356.85 -104.96 -104.96
356.85 -104.96 -104.96
356.85 -104.96 -104.96
386.84 -107.96 -92.96
386.84 -107.96 -92.96
386.84 -107.96 -92.96
386.84 -107.96 -92.96
386.84 -107.96 -92.96
386.84 -107.96 -92.96
386.84 -107.96 -92.96
386.84 -107.96 -92.96
386.84 -107.96 -92.96
386.84 -107.96 -92.96
386.84 -107.96 -92.96
386.84 -107.96 -92.96
386.84 -107.96 -92.96
401.84 -101.96 -95.96
401.84 -101.96 -95.96
401.84 -101.96 -95.96
401.84 -101.96 -95.96
401.84 -101.96 -95.96
401.84 -101.96 -95.96
401.84 -101.96 -95.96
401.84 -101.96 -95.96
401.84 -101.96 -95.96
401.84 -101.96 -95.96
401.84 -101.96 -95.96
401.84 -101.96 -95.96
413.83 -98.96 -104.96
413.83 -98.96 -104.96
413.83 -98.96 -104.96
413.83 -98.96 -104.96
413.83 -98.96 -104.96
413.83 -98.96 -104.96
413.83 -98.96 -104.96
413.83 -98.96 -104.96
413.83 -98.96 -104.96
413.83 -98.96 -104.96
413.83 -98.96 -104.96
413.83 -98.96 -104.96
413.83 -98.96 -104.96
407.83 -95.96 -86.96
407.83 -95.96 -86.96
407.83 -95.96 -86.96
407.83 -95.96 -86.96
407.83 -95.96 -86.96
407.83 -95.96 -86.96
407.83 -95.96 -86.96
407.83 -95.96 -86.96
407.83 -95.96 -86.96
407.83 -95.96 -86.96
407.83 -95.96 -86.96
407.83 -95.96 -86.96
433.32 -76.47 -85.47
433.32 -76.47 -85.47
433.32 -76.47 -85.47
433.32 -76.47 -85.47
433.32 -76.47 -85.47
433.32 -76.47 -85.47
433.32 -76.47 -85.47
433.32 -76.47 -85.47
433.32 -76.47 -85.47
433.32 -76.47 -85.47
433.32 -76.47 -85.47
433.32 -76.47 -85.47
433.32 -76.47 -85.47
443.82 -65.97 -80.97
443.82 -65.97 -80.97
443.82 -65.97 -80.97
443.82 -65.97 -80.97
443.82 -65.97 -80.97
443.82 -65.97 -80.97
443.82 -65.97 -80.97
443.82 -65.97 -80.97
443.82 -65.97 -80.97
443.82 -65.97 -80.97
443.82 -65.97 -80.97
443.82 -65.97 -80.97
445.32 -46.48 -73.47
445.32 -46.48 -73.47
445.32 -46.48 -73.47
445.32 -46.48 -73.47
445.32 -46.48 -73.47
445.32 -46.48 -73.47
445.32 -46.48 -73.47
445.32 -46.48 -73.47
445.32 -46.48 -73.47
445.32 -46.48 -73.47
445.32 -46.48 -73.47
445.32 -46.48 -73.47
445.32 -46.48 -73.47
463.31 -37.48 -73.47
463.31 -37.48 -73.47
463.31 -37.48 -73.47
463.31 -37.48 -73.47
463.31 -37.48 -73.47
463.31 -37.48 -73.47
463.31 -37.48 -73.47
463.31 -37.48 -73.47
463.31 -37.48 -73.47
463.31 -37.48 -73.47
463.31 -37.48 -73.47
463.31 -37.48 -73.47
463.31 -37.48 -73.47
482.80 -12.00 -65.97
482.80 -12.00 -65.97
482.80 -12.00 -65.97
482.80 -12.00 -65.97
482.80 -12.00 -65.97
482.80 -12.00 -65.97
482.80 -12.00 -65.97
482.80 -12.00 -65.97
482.80 -12.00 -65.97
482.80 -12.00 -65.97
482.80 -12.00 -65.97
482.80 -12.00 -65.97
475.31 10.50 -91.46
475.31 10.50 -91.46
475.31 10.50 -91.46
475.31 10.50 -91.46
475.31 10.50 -91.46
475.31 10.50 -91.46
475.31 10.50 -91.46
475.31 10.50 -91.46
475.31 10.50 -91.46
475.31 10.50 -91.46
475.31 10.50 -91.46
475.31 10.50 -91.46
475.31 10.50 -91.46
484.30 19.49 -76.47
484.30 19.49 -76.47
484.30 19.49 -76.47
484.30 19.49 -76.47
484.30 19.49 -76.47
484.30 19.49 -76.47
484.30 19.49 -76.47
484.30 19.49 -76.47
484.30 19.49 -76.47
484.30 19.49 -76.47
484.30 19.49 -76.47
484.30 19.49 -76.47
497.80 38.98 -89.96
497.80 38.98 -89.96
497.80 38.98 -89.96
497.80 38.98 -89.96
497.80 38.98 -89.96
497.80 38.98 -89.96
497.80 38.98 -89.96
497.80 38.98 -89.96
497.80 38.98 -89.96
497.80 38.98 -89.96
497.80 38.98 -89.96
497.80 38.98 -89.96
497.80 38.98 -89.96
499.30 49.48 -97.46
499.30 49.48 -97.46
499.30 49.48 -97.46
499.30 49.48 -97.46
499.30 49.48 -97.46
499.30 49.48 -97.46
499.30 49.48 -97.46
499.30 49.48 -97.46
499.30 49.48 -97.46
499.30 49.48 -97.46
499.30 49.48 -97.46
499.30 49.48 -97.46
493.30 49.48 -79.47
493.30 49.48 -79.47
493.30 49.48 -79.47
493.30 49.48 -79.47
493.30 49.48 -79.47
493.30 49.48 -79.47
493.30 49.48 -79.47
493.30 49.48 -79.47
493.30 49.48 -79.47
493.30 49.48 -79.47
493.30 49.48 -79.47
493.30 49.48 -79.47
493.30 49.48 -79.47
500.80 62.97 -92.96
500.80 62.97 -92.96
500.80 62.97 -92.96
500.80 62.97 -92.96
500.80 62.97 -92.96
500.80 62.97 -92.96
500.80 62.97 -92.96
500.80 62.97 -92.96
500.80 62.97 -92.96
500.80 62.97 -92.96
500.80 62.97 -92.96
500.80 62.97 -92.96
500.80 62.97 -92.96
499.30 76.47 -103.46
499.30 76.47 -103.46
499.30 76.47 -103.46
499.30 76.47 -103.46
499.30 76.47 -103.46
499.30 76.47 -103.46
499.30 76.47 -103.46
499.30 76.47 -103.46
499.30 76.47 -103.46
499.30 76.47 -103.46
499.30 76.47 -103.46
499.30 76.47 -103.46
500.80 83.97 -95.96
500.80 83.97 -95.96
500.80 83.97 -95.96
500.80 83.97 -95.96
500.80 83.97 -95.96
500.80 83.97 -95.96
500.80 83.97 -95.96
500.80 83.97 -95.96
500.80 83.97 -95.96
500.80 83.97 -95.96
500.80 83.97 -95.96
500.80 83.97 -95.96
500.80 83.97 -95.96
499.30 94.46 -88.46
499.30 94.46 -88.46
499.30 94.46 -88.46
499.30 94.46 -88.46
499.30 94.46 -88.46
499.30 94.46 -88.46
499.30 94.46 -88.46
499.30 94.46 -88.46
499.30 94.46 -88.46
499.30 94.46 -88.46
499.30 94.46 -88.46
499.30 94.46 -88.46
515.79 101.96 -101.96
515.79 101.96 -101.96
515.79 101.96 -101.96
515.79 101.96 -101.96
515.79 101.96 -101.96
515.79 101.96 -101.96
515.79 101.96 -101.96
515.79 101.96 -101.96
515.79 101.96 -101.96
515.79 101.96 -101.96
515.79 101.96 -101.96
515.79 101.96 -101.96
515.79 101.96 -101.96
506.79 104.96 -98.96
506.79 104.96 -98.96
506.79 104.96 -98.96
506.79 104.96 -98.96
506.79 104.96 -98.96
506.79 104.96 -98.96
506.79 104.96 -98.96
506.79 104.96 -98.96
506.79 104.96 -98.96
506.79 104.96 -98.96
506.79 104.96 -98.96
506.79 104.96 -98.96
523.29 112.45 -100.46
523.29 112.45 -100.46
523.29 112.45 -100.46
523.29 112.45 -100.46
523.29 112.45 -100.46
523.29 112.45 -100.46
523.29 112.45 -100.46
523.29 112.45 -100.46
523.29 112.45 -100.46
523.29 112.45 -100.46
523.29 112.45 -100.46
523.29 112.45 -100.46
523.29 112.45 -100.46
518.79 128.95 -92.96
518.79 128.95 -92.96
518.79 128.95 -92.96
518.79 128.95 -92.96
518.79 128.95 -92.96
518.79 128.95 -92.96
518.79 128.95 -92.96
518.79 128.95 -92.96
518.79 128.95 -92.96
518.79 128.95 -92.96
518.79 128.95 -92.96
518.79 128.95 -92.96
532.28 151.44 -79.47
532.28 151.44 -79.47
532.28 151.44 -79.47
532.28 151.44 -79.47
532.28 151.44 -79.47
532.28 151.44 -79.47
532.28 151.44 -79.47
532.28 151.44 -79.47
532.28 151.44 -79.47
532.28 151.44 -79.47
532.28 151.44 -79.47
532.28 151.44 -79.47
532.28 151.44 -79.47
526.29 163.43 -76.47
526.29 163.43 -76.47
526.29 163.43 -76.47
526.29 163.43 -76.47
526.29 163.43 -76.47
526.29 163.43 -76.47
526.29 163.43 -76.47
526.29 163.43 -76.47
526.29 163.43 -76.47
526.29 163.43 -76.47
526.29 163.43 -76.47
526.29 163.43 -76.47
526.29 163.43 -76.47
520.29 181.43 -64.47
520.29 181.43 -64.47
520.29 181.43 -64.47
520.29 181.43 -64.47
520.29 181.43 -64.47
520.29 181.43 -64.47
520.29 181.43 -64.47
520.29 181.43 -64.47
520.29 181.43 -64.47
520.29 181.43 -64.47
520.29 181.43 -64.47
520.29 181.43 -64.47
530.78 206.92 -44.98
530.78 206.92 -44.98
530.78 206.92 -44.98
530.78 206.92 -44.98
530.78 206.92 -44.98
530.78 206.92 -44.98
530.78 206.92 -44.98
530.78 206.92 -44.98
530.78 206.92 -44.98
530.78 206.92 -44.98
530.78 206.92 -44.98
530.78 206.92 -44.98
530.78 206.92 -44.98
539.78 224.91 -59.98
539.78 224.91 -59.98
539.78 224.91 -59.98
539.78 224.91 -59.98
539.78 224.91 -59.98
539.78 224.91 -59.98
539.78 224.91 -59.98
539.78 224.91 -59.98
539.78 224.91 -59.98
539.78 224.91 -59.98
539.78 224.91 -59.98
539.78 224.91 -59.98
541.28 259.39 -61.47
541.28 259.39 -61.47
541.28 259.39 -61.47
541.28 259.39 -61.47
541.28 259.39 -61.47
541.28 259.39 -61.47
541.28 259.39 -61.47
541.28 259.39 -61.47
541.28 259.39 -61.47
541.28 259.39 -61.47
541.28 259.39 -61.47
541.28 259.39 -61.47
541.28 259.39 -61.47
530.78 281.89 -59.98
530.78 281.89 -59.98
530.78 281.89 -59.98
530.78 281.89 -59.98
530.78 281.89 -59.98
530.78 281.89 -59.98
530.78 281.89 -59.98
530.78 281.89 -59.98
530.78 281.89 -59.98
530.78 281.89 -59.98
530.78 281.89 -59.98
530.78 281.89 -59.98
527.79 320.87 -80.97
527.79 320.87 -80.97
527.79 320.87 -80.97
527.79 320.87 -80.97
527.79 320.87 -80.97
527.79 320.87 -80.97
527.79 320.87 -80.97
527.79 320.87 -80.97
527.79 320.87 -80.97
527.79 320.87 -80.97
527.79 320.87 -80.97
527.79 320.87 -80.97
527.79 320.87 -80.97
530.78 311.87 -86.96
530.78 311.87 -86.96
530.78 311.87 -86.96
530.78 311.87 -86.96
530.78 311.87 -86.96
530.78 311.87 -86.96
530.78 311.87 -86.96
530.78 311.87 -86.96
530.78 311.87 -86.96
530.78 311.87 -86.96
530.78 311.87 -86.96
530.78 311.87 -86.96
530.78 311.87 -86.96
527.79 335.86 -83.97
527.79 335.86 -83.97
527.79 335.86 -83.97
527.79 335.86 -83.97
527.79 335.86 -83.97
527.79 335.86 -83.97
527.79 335.86 -83.97
527.79 335.86 -83.97
527.79 335.86 -83.97
527.79 335.86 -83.97
527.79 335.86 -83.97
527.79 335.86 -83.97
515.79 350.86 -98.96
515.79 350.86 -98.96
515.79 350.86 -98.96
515.79 350.86 -98.96
515.79 350.86 -98.96
515.79 350.86 -98.96
515.79 350.86 -98.96
515.79 350.86 -98.96
515.79 350.86 -98.96
515.79 350.86 -98.96
515.79 350.86 -98.96
515.79 350.86 -98.96
515.79 350.86 -98.96
494.80 362.85 -116.95
494.80 362.85 -116.95
494.80 362.85 -116.95
494.80 362.85 -116.95
494.80 362.85 -116.95
494.80 362.85 -116.95
494.80 362.85 -116.95
494.80 362.85 -116.95
494.80 362.85 -116.95
494.80 362.85 -116.95
494.80 362.85 -116.95
494.80 362.85 -116.95
509.79 383.84 -113.95
509.79 383.84 -113.95
509.79 383.84 -113.95
509.79 383.84 -113.95
509.79 383.84 -113.95
509.79 383.84 -113.95
509.79 383.84 -113.95
509.79 383.84 -113.95
509.79 383.84 -113.95
509.79 383.84 -113.95
509.79 383.84 -113.95
509.79 383.84 -113.95
509.79 383.84 -113.95
491.80 404.84 -128.95
491.80 404.84 -128.95
491.80 404.84 -128.95
491.80 404.84 -128.95
491.80 404.84 -128.95
491.80 404.84 -128.95
491.80 404.84 -128.95
491.80 404.84 -128.95
491.80 404.84 -128.95
491.80 404.84 -128.95
491.80 404.84 -128.95
491.80 404.84 -128.95
494.80 401.84 -134.95
494.80 401.84 -134.95
494.80 401.84 -134.95
494.80 401.84 -134.95
494.80 401.84 -134.95
494.80 401.84 -134.95
494.80 401.84 -134.95
494.80 401.84 -134.95
494.80 401.84 -134.95
494.80 401.84 -134.95
494.80 401.84 -134.95
494.80 401.84 -134.95
494.80 401.84 -134.95
490.30 415.33 -142.44
490.30 415.33 -142.44
490.30 415.33 -142.44
490.30 415.33 -142.44
490.30 415.33 -142.44
490.30 415.33 -142.44
490.30 415.33 -142.44
490.30 415.33 -142.44
490.30 415.33 -142.44
490.30 415.33 -142.44
490.30 415.33 -142.44
490.30 415.33 -142.44
488.80 443.82 -146.94
488.80 443.82 -146.94
488.80 443.82 -146.94
488.80 443.82 -146.94
488.80 443.82 -146.94
488.80 443.82 -146.94
488.80 443.82 -146.94
488.80 443.82 -146.94
488.80 443.82 -146.94
488.80 443.82 -146.94
488.80 443.82 -146.94
488.80 443.82 -146.94
488.80 443.82 -146.94
478.31 433.32 -148.44
478.31 433.32 -148.44
478.31 433.32 -148.44
478.31 433.32 -148.44
478.31 433.32 -148.44
478.31 433.32 -148.44
478.31 433.32 -148.44
478.31 433.32 -148.44
478.31 433.32 -148.44
478.31 433.32 -148.44
478.31 433.32 -148.44
478.31 433.32 -148.44
478.31 433.32 -148.44
484.30 448.32 -151.44
484.30 448.32 -151.44
484.30 448.32 -151.44
484.30 448.32 -151.44
484.30 448.32 -151.44
484.30 448.32 -151.44
484.30 448.32 -151.44
484.30 448.32 -151.44
484.30 448.32 -151.44
484.30 448.32 -151.44
484.30 448.32 -151.44
484.30 448.32 -151.44
466.31 457.31 -148.44
466.31 457.31 -148.44
466.31 457.31 -148.44
466.31 457.31 -148.44
466.31 457.31 -148.44
466.31 457.31 -148.44
466.31 457.31 -148.44
466.31 457.31 -148.44
466.31 457.31 -148.44
466.31 457.31 -148.44
466.31 457.31 -148.44
466.31 457.31 -148.44
466.31 457.31 -148.44
460.31 466.31 -160.43
460.31 466.31 -160.43
460.31 466.31 -160.43
460.31 466.31 -160.43
460.31 466.31 -160.43
460.31 466.31 -160.43
460.31 466.31 -160.43
460.31 466.31 -160.43
460.31 466.31 -160.43
460.31 466.31 -160.43
460.31 466.31 -160.43
460.31 466.31 -160.43
466.31 481.30 -169.43
466.31 481.30 -169.43
466.31 481.30 -169.43
466.31 481.30 -169.43
466.31 481.30 -169.43
466.31 481.30 -169.43
466.31 481.30 -169.43
466.31 481.30 -169.43
466.31 481.30 -169.43
466.31 481.30 -169.43
466.31 481.30 -169.43
466.31 481.30 -169.43
466.31 481.30 -169.43
451.32 463.31 -163.43
451.32 463.31 -163.43
451.32 463.31 -163.43
451.32 463.31 -163.43
451.32 463.31 -163.43
451.32 463.31 -163.43
451.32 463.31 -163.43
451.32 463.31 -163.43
451.32 463.31 -163.43
451.32 463.31 -163.43
451.32 463.31 -163.43
451.32 463.31 -163.43
427.33 496.30 -151.44
427.33 496.30 -151.44
427.33 496.30 -151.44
427.33 496.30 -151.44
427.33 496.30 -151.44
427.33 496.30 -151.44
427.33 496.30 -151.44
427.33 496.30 -151.44
427.33 496.30 -151.44
427.33 496.30 -151.44
427.33 496.30 -151.44
427.33 496.30 -151.44
427.33 496.30 -151.44
410.83 494.80 -155.94
410.83 494.80 -155.94
410.83 494.80 -155.94
410.83 494.80 -155.94
410.83 494.80 -155.94
410.83 494.80 -155.94
410.83 494.80 -155.94
410.83 494.80 -155.94
410.83 494.80 -155.94
410.83 494.80 -155.94
410.83 494.80 -155.94
410.83 494.80 -155.94
389.84 509.79 -161.93
389.84 509.79 -161.93
389.84 509.79 -161.93
389.84 509.79 -161.93
389.84 509.79 -161.93
389.84 509.79 -161.93
389.84 509.79 -161.93
389.84 509.79 -161.93
389.84 509.79 -161.93
389.84 509.79 -161.93
389.84 509.79 -161.93
389.84 509.79 -161.93
389.84 509.79 -161.93
370.35 517.29 -175.43
370.35 517.29 -175.43
370.35 517.29 -175.43
370.35 517.29 -175.43
370.35 517.29 -175.43
370.35 517.29 -175.43
370.35 517.29 -175.43
370.35 517.29 -175.43
370.35 517.29 -175.43
370.35 517.29 -175.43
370.35 517.29 -175.43
370.35 517.29 -175.43
370.35 517.29 -175.43
359.85 524.79 -161.93
359.85 524.79 -161.93
359.85 524.79 -161.93
359.85 524.79 -161.93
359.85 524.79 -161.93
359.85 524.79 -161.93
359.85 524.79 -161.93
359.85 524.79 -161.93
359.85 524.79 -161.93
359.85 524.79 -161.93
359.85 524.79 -161.93
359.85 524.79 -161.93
344.86 518.79 -167.93
344.86 518.79 -167.93
344.86 518.79 -167.93
344.86 518.79 -167.93
344.86 518.79 -167.93
344.86 518.79 -167.93
344.86 518.79 -167.93
344.86 518.79 -167.93
344.86 518.79 -167.93
344.86 518.79 -167.93
344.86 518.79 -167.93
344.86 518.79 -167.93
344.86 518.79 -167.93
331.37 532.28 -160.43
331.37 532.28 -160.43
331.37 532.28 -160.43
331.37 532.28 -160.43
331.37 532.28 -160.43
331.37 532.28 -160.43
331.37 532.28 -160.43
331.37 532.28 -160.43
331.37 532.28 -160.43
331.37 532.28 -160.43
331.37 532.28 -160.43
331.37 532.28 -160.43
314.87 524.79 -164.93
314.87 524.79 -164.93
314.87 524.79 -164.93
314.87 524.79 -164.93
314.87 524.79 -164.93
314.87 524.79 -164.93
314.87 524.79 -164.93
314.87 524.79 -164.93
314.87 524.79 -164.93
314.87 524.79 -164.93
314.87 524.79 -164.93
314.87 524.79 -164.93
314.87 524.79 -164.93
307.37 541.28 -151.44
307.37 541.28 -151.44
307.37 541.28 -151.44
307.37 541.28 -151.44
307.37 541.28 -151.44
307.37 541.28 -151.44
307.37 541.28 -151.44
307.37 541.28 -151.44
307.37 541.28 -151.44
307.37 541.28 -151.44
307.37 541.28 -151.44
307.37 541.28 -151.44
287.88 527.79 -167.93
287.88 527.79 -167.93
287.88 527.79 -167.93
287.88 527.79 -167.93
287.88 527.79 -167.93
287.88 527.79 -167.93
287.88 527.79 -167.93
287.88 527.79 -167.93
287.88 527.79 -167.93
287.88 527.79 -167.93
287.88 527.79 -167.93
287.88 527.79 -167.93
287.88 527.79 -167.93
262.39 535.28 -157.44
262.39 535.28 -157.44
262.39 535.28 -157.44
262.39 535.28 -157.44
262.39 535.28 -157.44
262.39 535.28 -157.44
262.39 535.28 -157.44
262.39 535.28 -157.44
262.39 535.28 -157.44
262.39 535.28 -157.44
262.39 535.28 -157.44
262.39 535.28 -157.44
262.39 535.28 -157.44
251.90 533.78 -152.94
251.90 533.78 -152.94
251.90 533.78 -152.94
251.90 533.78 -152.94
251.90 533.78 -152.94
251.90 533.78 -152.94
251.90 533.78 -152.94
251.90 533.78 -152.94
251.90 533.78 -152.94
251.90 533.78 -152.94
251.90 533.78 -152.94
251.90 533.78 -152.94
247.40 535.28 -148.44
247.40 535.28 -148.44
247.40 535.28 -148.44
247.40 535.28 -148.44
247.40 535.28 -148.44
247.40 535.28 -148.44
247.40 535.28 -148.44
247.40 535.28 -148.44
247.40 535.28 -148.44
247.40 535.28 -148.44
247.40 535.28 -148.44
247.40 535.28 -148.44
247.40 535.28 -148.44
239.90 518.79 -152.94
239.90 518.79 -152.94
239.90 518.79 -152.94
239.90 518.79 -152.94
239.90 518.79 -152.94
239.90 518.79 -152.94
239.90 518.79 -152.94
239.90 518.79 -152.94
239.90 518.79 -152.94
239.90 518.79 -152.94
239.90 518.79 -152.94
239.90 518.79 -152.94
218.91 533.78 -134.95
218.91 533.78 -134.95
218.91 533.78 -134.95
218.91 533.78 -134.95
218.91 533.78 -134.95
218.91 533.78 -134.95
218.91 533.78 -134.95
218.91 533.78 -134.95
218.91 533.78 -134.95
218.91 533.78 -134.95
218.91 533.78 -134.95
218.91 533.78 -134.95
218.91 533.78 -134.95
197.92 530.78 -137.94
197.92 530.78 -137.94
197.92 530.78 -137.94
197.92 530.78 -137.94
197.92 530.78 -137.94
197.92 530.78 -137.94
197.92 530.78 -137.94
197.92 530.78 -137.94
197.92 530.78 -137.94
197.92 530.78 -137.94
197.92 530.78 -137.94
197.92 530.78 -137.94
184.42 541.28 -142.44
184.42 541.28 -142.44
184.42 541.28 -142.44
184.42 541.28 -142.44
184.42 541.28 -142.44
184.42 541.28 -142.44
184.42 541.28 -142.44
184.42 541.28 -142.44
184.42 541.28 -142.44
184.42 541.28 -142.44
184.42 541.28 -142.44
184.42 541.28 -142.44
184.42 541.28 -142.44
157.44 547.28 -145.44
157.44 547.28 -145.44
157.44 547.28 -145.44
157.44 547.28 -145.44
157.44 547.28 -145.44
157.44 547.28 -145.44
157.44 547.28 -145.44
157.44 547.28 -145.44
157.44 547.28 -145.44
157.44 547.28 -145.44
157.44 547.28 -145.44
157.44 547.28 -145.44
148.44 529.28 -133.45
148.44 529.28 -133.45
148.44 529.28 -133.45
148.44 529.28 -133.45
148.44 529.28 -133.45
148.44 529.28 -133.45
148.44 529.28 -133.45
148.44 529.28 -133.45
148.44 529.28 -133.45
148.44 529.28 -133.45
148.44 529.28 -133.45
148.44 529.28 -133.45
148.44 529.28 -133.45
133.45 526.29 -163.43
133.45 526.29 -163.43
133.45 526.29 -163.43
133.45 526.29 -163.43
133.45 526.29 -163.43
133.45 526.29 -163.43
133.45 526.29 -163.43
133.45 526.29 -163.43
133.45 526.29 -163.43
133.45 526.29 -163.43
133.45 526.29 -163.43
133.45 526.29 -163.43
133.45 526.29 -163.43
118.45 538.28 -142.44
118.45 538.28 -142.44
118.45 538.28 -142.44
118.45 538.28 -142.44
118.45 538.28 -142.44
118.45 538.28 -142.44
118.45 538.28 -142.44
118.45 538.28 -142.44
118.45 538.28 -142.44
118.45 538.28 -142.44
118.45 538.28 -142.44
118.45 538.28 -142.44
100.46 535.28 -145.44
100.46 535.28 -145.44
100.46 535.28 -145.44
100.46 535.28 -145.44
100.46 535.28 -145.44
100.46 535.28 -145.44
100.46 535.28 -145.44
100.46 535.28 -145.44
100.46 535.28 -145.44
100.46 535.28 -145.44
100.46 535.28 -145.44
100.46 535.28 -145.44
100.46 535.28 -145.44
89.96 518.79 -158.94
89.96 518.79 -158.94
89.96 518.79 -158.94
89.96 518.79 -158.94
89.96 518.79 -158.94
89.96 518.79 -158.94
89.96 518.79 -158.94
89.96 518.79 -158.94
89.96 518.79 -158.94
89.96 518.79 -158.94
89.96 518.79 -158.94
89.96 518.79 -158.94
82.47 511.29 -169.43
82.47 511.29 -169.43
82.47 511.29 -169.43
82.47 511.29 -169.43
82.47 511.29 -169.43
82.47 511.29 -169.43
82.47 511.29 -169.43
82.47 511.29 -169.43
82.47 511.29 -169.43
82.47 511.29 -169.43
82.47 511.29 -169.43
82.47 511.29 -169.43
82.47 511.29 -169.43
64.47 496.30 -163.43
64.47 496.30 -163.43
64.47 496.30 -163.43
64.47 496.30 -163.43
64.47 496.30 -163.43
64.47 496.30 -163.43
64.47 496.30 -163.43
64.47 496.30 -163.43
64.47 496.30 -163.43
64.47 496.30 -163.43
64.47 496.30 -163.43
64.47 496.30 -163.43
46.48 487.30 -148.44
46.48 487.30 -148.44
46.48 487.30 -148.44
46.48 487.30 -148.44
46.48 487.30 -148.44
46.48 487.30 -148.44
46.48 487.30 -148.44
46.48 487.30 -148.44
46.48 487.30 -148.44
46.48 487.30 -148.44
46.48 487.30 -148.44
46.48 487.30 -148.44
46.48 487.30 -148.44
28.49 478.31 -160.43
28.49 478.31 -160.43
28.49 478.31 -160.43
28.49 478.31 -160.43
28.49 478.31 -160.43
28.49 478.31 -160.43
28.49 478.31 -160.43
28.49 478.31 -160.43
28.49 478.31 -160.43
28.49 478.31 -160.43
28.49 478.31 -160.43
28.49 478.31 -160.43
28.49 478.31 -160.43
20.99 476.81 -152.94
20.99 476.81 -152.94
20.99 476.81 -152.94
20.99 476.81 -152.94
20.99 476.81 -152.94
20.99 476.81 -152.94
20.99 476.81 -152.94
20.99 476.81 -152.94
20.99 476.81 -152.94
20.99 476.81 -152.94
20.99 476.81 -152.94
20.99 476.81 -152.94
17.99 467.81 -161.93
17.99 467.81 -161.93
17.99 467.81 -161.93
17.99 467.81 -161.93
17.99 467.81 -161.93
17.99 467.81 -161.93
17.99 467.81 -161.93
17.99 467.81 -161.93
17.99 467.81 -161.93
17.99 467.81 -161.93
17.99 467.81 -161.93
17.99 467.81 -161.93
17.99 467.81 -161.93
3.00 443.82 -149.94
3.00 443.82 -149.94
3.00 443.82 -149.94
3.00 443.82 -149.94
3.00 443.82 -149.94
3.00 443.82 -149.94
3.00 443.82 -149.94
3.00 443.82 -149.94
3.00 443.82 -149.94
3.00 443.82 -149.94
3.00 443.82 -149.94
3.00 443.82 -149.94
6.00 443.82 -158.94
6.00 443.82 -158.94
6.00 443.82 -158.94
6.00 443.82 -158.94
6.00 443.82 -158.94
6.00 443.82 -158.94
6.00 443.82 -158.94
6.00 443.82 -158.94
6.00 443.82 -158.94
6.00 443.82 -158.94
6.00 443.82 -158.94
6.00 443.82 -158.94
6.00 443.82 -158.94
-23.99 416.83 -155.94
-23.99 416.83 -155.94
-23.99 416.83 -155.94
-23.99 416.83 -155.94
-23.99 416.83 -155.94
-23.99 416.83 -155.94
-23.99 416.83 -155.94
-23.99 416.83 -155.94
-23.99 416.83 -155.94
-23.99 416.83 -155.94
-23.99 416.83 -155.94
-23.99 416.83 -155.94
-16.49 415.33 -154.44
-16.49 415.33 -154.44
-16.49 415.33 -154.44
-16.49 415.33 -154.44
-16.49 415.33 -154.44
-16.49 415.33 -154.44
-16.49 415.33 -154.44
-16.49 415.33 -154.44
-16.49 415.33 -154.44
-16.49 415.33 -154.44
-16.49 415.33 -154.44
-16.49 415.33 -154.44
-16.49 415.33 -154.44
-26.99 392.84 -146.94
-26.99 392.84 -146.94
-26.99 392.84 -146.94
-26.99 392.84 -146.94
-26.99 392.84 -146.94
-26.99 392.84 -146.94
-26.99 392.84 -146.94
-26.99 392.84 -146.94
-26.99 392.84 -146.94
-26.99 392.84 -146.94
-26.99 392.84 -146.94
-26.99 392.84 -146.94
-26.99 392.84 -146.94
-32.99 386.84 -137.94
-32.99 386.84 -137.94
-32.99 386.84 -137.94
-32.99 386.84 -137.94
-32.99 386.84 -137.94
-32.99 386.84 -137.94
-32.99 386.84 -137.94
-32.99 386.84 -137.94
-32.99 386.84 -137.94
-32.99 386.84 -137.94
-32.99 386.84 -137.94
-32.99 386.84 -137.94
-41.98 368.85 -140.94
-41.98 368.85 -140.94
-41.98 368.85 -140.94
-41.98 368.85 -140.94
-41.98 368.85 -140.94
-41.98 368.85 -140.94
-41.98 368.85 -140.94
-41.98 368.85 -140.94
-41.98 368.85 -140.94
-41.98 368.85 -140.94
-41.98 368.85 -140.94
-41.98 368.85 -140.94
-41.98 368.85 -140.94
-53.98 359.85 -128.95
-53.98 359.85 -128.95
-53.98 359.85 -128.95
-53.98 359.85 -128.95
-53.98 359.85 -128.95
-53.98 359.85 -128.95
-53.98 359.85 -128.95
-53.98 359.85 -128.95
-53.98 359.85 -128.95
-53.98 359.85 -128.95
-53.98 359.85 -128.95
-53.98 359.85 -128.95
-52.48 355.36 -130.45
-52.48 355.36 -130.45
-52.48 355.36 -130.45
-52.48 355.36 -130.45
-52.48 355.36 -130.45
-52.48 355.36 -130.45
-52.48 355.36 -130.45
-52.48 355.36 -130.45
-52.48 355.36 -130.45
-52.48 355.36 -130.45
-52.48 355.36 -130.45
-52.48 355.36 -130.45
-52.48 355.36 -130.45
-53.98 326.87 -131.95
-53.98 326.87 -131.95
-53.98 326.87 -131.95
-53.98 326.87 -131.95
-53.98 326.87 -131.95
-53.98 326.87 -131.95
-53.98 326.87 -131.95
-53.98 326.87 -131.95
-53.98 326.87 -131.95
-53.98 326.87 -131.95
-53.98 326.87 -131.95
-53.98 326.87 -131.95
-73.47 322.37 -127.45
-73.47 322.37 -127.45
-73.47 322.37 -127.45
-73.47 322.37 -127.45
-73.47 322.37 -127.45
-73.47 322.37 -127.45
-73.47 322.37 -127.45
-73.47 322.37 -127.45
-73.47 322.37 -127.45
-73.47 322.37 -127.45
-73.47 322.37 -127.45
-73.47 322.37 -127.45
-73.47 322.37 -127.45
-59.98 302.88 -125.95
-59.98 302.88 -125.95
-59.98 302.88 -125.95
-59.98 302.88 -125.95
-59.98 302.88 -125.95
-59.98 302.88 -125.95
-59.98 302.88 -125.95
-59.98 302.88 -125.95
-59.98 302.88 -125.95
-59.98 302.88 -125.95
-59.98 302.88 -125.95
-59.98 302.88 -125.95
-65.97 293.88 -131.95
-65.97 293.88 -131.95
-65.97 293.88 -131.95
-65.97 293.88 -131.95
-65.97 293.88 -131.95
-65.97 293.88 -131.95
-65.97 293.88 -131.95
-65.97 293.88 -131.95
-65.97 293.88 -131.95
-65.97 293.88 -131.95
-65.97 293.88 -131.95
-65.97 293.88 -131.95
-65.97 293.88 -131.95
-68.97 287.88 -131.95
-68.97 287.88 -131.95
-68.97 287.88 -131.95
-68.97 287.88 -131.95
-68.97 287.88 -131.95
-68.97 287.88 -131.95
-68.97 287.88 -131.95
-68.97 287.88 -131.95
-68.97 287.88 -131.95
-68.97 287.88 -131.95
-68.97 287.88 -131.95
-68.97 287.88 -131.95
-68.97 287.88 -131.95
-71.97 269.89 -137.94
-71.97 269.89 -137.94
-71.97 269.89 -137.94
-71.97 269.89 -137.94
-71.97 269.89 -137.94
-71.97 269.89 -137.94
-71.97 269.89 -137.94
-71.97 269.89 -137.94
-71.97 269.89 -137.94
-71.97 269.89 -137.94
-71.97 269.89 -137.94
-71.97 269.89 -137.94
-79.47 247.40 -151.44
-79.47 247.40 -151.44
-79.47 247.40 -151.44
-79.47 247.40 -151.44
-79.47 247.40 -151.44
-79.47 247.40 -151.44
-79.47 247.40 -151.44
-79.47 247.40 -151.44
-79.47 247.40 -151.44
-79.47 247.40 -151.44
-79.47 247.40 -151.44
-79.47 247.40 -151.44
-79.47 247.40 -151.44
-74.97 236.90 -140.94
-74.97 236.90 -140.94
-74.97 236.90 -140.94
-74.97 236.90 -140.94
-74.97 236.90 -140.94
-74.97 236.90 -140.94
-74.97 236.90 -140.94
-74.97 236.90 -140.94
-74.97 236.90 -140.94
-74.97 236.90 -140.94
-74.97 236.90 -140.94
-74.97 236.90 -140.94
-76.47 211.41 -148.44
-76.47 211.41 -148.44
-76.47 211.41 -148.44
-76.47 211.41 -148.44
-76.47 211.41 -148.44
-76.47 211.41 -148.44
-76.47 211.41 -148.44
-76.47 211.41 -148.44
-76.47 211.41 -148.44
-76.47 211.41 -148.44
-76.47 211.41 -148.44
-76.47 211.41 -148.44
-76.47 211.41 -148.44
-79.47 202.42 -145.44
-79.47 202.42 -145.44
-79.47 202.42 -145.44
-79.47 202.42 -145.44
-79.47 202.42 -145.44
-79.47 202.42 -145.44
-79.47 202.42 -145.44
-79.47 202.42 -145.44
-79.47 202.42 -145.44
-79.47 202.42 -145.44
-79.47 202.42 -145.44
-79.47 202.42 -145.44
-74.97 182.93 -146.94
-74.97 182.93 -146.94
-74.97 182.93 -146.94
-74.97 182.93 -146.94
-74.97 182.93 -146.94
-74.97 182.93 -146.94
-74.97 182.93 -146.94
-74.97 182.93 -146.94
-74.97 182.93 -146.94
-74.97 182.93 -146.94
-74.97 182.93 -146.94
-74.97 182.93 -146.94
-74.97 182.93 -146.94
-68.97 176.93 -155.94
-68.97 176.93 -155.94
-68.97 176.93 -155.94
-68.97 176.93 -155.94
-68.97 176.93 -155.94
-68.97 176.93 -155.94
-68.97 176.93 -155.94
-68.97 176.93 -155.94
-68.97 176.93 -155.94
-68.97 176.93 -155.94
-68.97 176.93 -155.94
-68.97 176.93 -155.94
-68.97 176.93 -155.94
-59.98 137.94 -167.93
-59.98 137.94 -167.93
-59.98 137.94 -167.93
-59.98 137.94 -167.93
-59.98 137.94 -167.93
-59.98 137.94 -167.93
-59.98 137.94 -167.93
-59.98 137.94 -167.93
-59.98 137.94 -167.93
-59.98 137.94 -167.93
-59.98 137.94 -167.93
-59.98 137.94 -167.93
-77.97 116.95 -164.93
-77.97 116.95 -164.93
-77.97 116.95 -164.93
-77.97 116.95 -164.93
-77.97 116.95 -164.93
-77.97 116.95 -164.93
-77.97 116.95 -164.93
-77.97 116.95 -164.93
-77.97 116.95 -164.93
-77.97 116.95 -164.93
-77.97 116.95 -164.93
-77.97 116.95 -164.93
-77.97 116.95 -164.93
-46.48 82.47 -163.43
-46.48 82.47 -163.43
-46.48 82.47 -163.43
-46.48 82.47 -163.43
-46.48 82.47 -163.43
-46.48 82.47 -163.43
-46.48 82.47 -163.43
-46.48 82.47 -163.43
-46.48 82.47 -163.43
-46.48 82.47 -163.43
-46.48 82.47 -163.43
-46.48 82.47 -163.43
-56.98 89.96 -152.94
-56.98 89.96 -152.94
-56.98 89.96 -152.94
-56.98 89.96 -152.94
-56.98 89.96 -152.94
-56.98 89.96 -152.94
-56.98 89.96 -152.94
-56.98 89.96 -152.94
-56.98 89.96 -152.94
-56.98 89.96 -152.94
-56.98 89.96 -152.94
-56.98 89.96 -152.94
-56.98 89.96 -152.94
-47.98 38.98 -146.94
-47.98 38.98 -146.94
-47.98 38.98 -146.94
-47.98 38.98 -146.94
-47.98 38.98 -146.94
-47.98 38.98 -146.94
-47.98 38.98 -146.94
-47.98 38.98 -146.94
-47.98 38.98 -146.94
-47.98 38.98 -146.94
-47.98 38.98 -146.94
-47.98 38.98 -146.94
-43.48 22.49 -160.43
-43.48 22.49 -160.43
-43.48 22.49 -160.43
-43.48 22.49 -160.43
-43.48 22.49 -160.43
-43.48 22.49 -160.43
-43.48 22.49 -160.43
-43.48 22.49 -160.43
-43.48 22.49 -160.43
-43.48 22.49 -160.43
-43.48 22.49 -160.43
-43.48 22.49 -160.43
-43.48 22.49 -160.43
-31.49 22.49 -139.44
-31.49 22.49 -139.44
-31.49 22.49 -139.44
-31.49 22.49 -139.44
-31.49 22.49 -139.44
-31.49 22.49 -139.44
-31.49 22.49 -139.44
-31.49 22.49 -139.44
-31.49 22.49 -139.44
-31.49 22.49 -139.44
-31.49 22.49 -139.44
-31.49 22.49 -139.44
-37.48 13.49 -130.45
-37.48 13.49 -130.45
-37.48 13.49 -130.45
-37.48 13.49 -130.45
-37.48 13.49 -130.45
-37.48 13.49 -130.45
-37.48 13.49 -130.45
-37.48 13.49 -130.45
-37.48 13.49 -130.45
-37.48 13.49 -130.45
-37.48 13.49 -130.45
-37.48 13.49 -130.45
-37.48 13.49 -130.45
-22.49 4.50 -121.45
-22.49 4.50 -121.45
-22.49 4.50 -121.45
-22.49 4.50 -121.45
-22.49 4.50 -121.45
-22.49 4.50 -121.45
-22.49 4.50 -121.45
-22.49 4.50 -121.45
-22.49 4.50 -121.45
-22.49 4.50 -121.45
-22.49 4.50 -121.45
-22.49 4.50 -121.45
-22.49 4.50 -121.45
-31.49 -16.49 -133.45
-31.49 -16.49 -133.45
-31.49 -16.49 -133.45
-31.49 -16.49 -133.45
-31.49 -16.49 -133.45
-31.49 -16.49 -133.45
-31.49 -16.49 -133.45
-31.49 -16.49 -133.45
-31.49 -16.49 -133.45
-31.49 -16.49 -133.45
-31.49 -16.49 -133.45
-31.49 -16.49 -133.45
-13.49 -25.49 -136.44
-13.49 -25.49 -136.44
-13.49 -25.49 -136.44
-13.49 -25.49 -136.44
-13.49 -25.49 -136.44
-13.49 -25.49 -136.44
-13.49 -25.49 -136.44
-13.49 -25.49 -136.44
-13.49 -25.49 -136.44
-13.49 -25.49 -136.44
-13.49 -25.49 -136.44
-13.49 -25.49 -136.44
-13.49 -25.49 -136.44
-20.99 -53.98 -140.94
-20.99 -53.98 -140.94
-20.99 -53.98 -140.94
-20.99 -53.98 -140.94
-20.99 -53.98 -140.94
-20.99 -53.98 -140.94
-20.99 -53.98 -140.94
-20.99 -53.98 -140.94
-20.99 -53.98 -140.94
-20.99 -53.98 -140.94
-20.99 -53.98 -140.94
-20.99 -53.98 -140.94
3.00 -56.98 -140.94
3.00 -56.98 -140.94
3.00 -56.98 -140.94
3.00 -56.98 -140.94
3.00 -56.98 -140.94
3.00 -56.98 -140.94
3.00 -56.98 -140.94
3.00 -56.98 -140.94
3.00 -56.98 -140.94
3.00 -56.98 -140.94
3.00 -56.98 -140.94
3.00 -56.98 -140.94
3.00 -56.98 -140.94
22.49 -79.47 -127.45
22.49 -79.47 -127.45
22.49 -79.47 -127.45
22.49 -79.47 -127.45
22.49 -79.47 -127.45
22.49 -79.47 -127.45
22.49 -79.47 -127.45
22.49 -79.47 -127.45
22.49 -79.47 -127.45
22.49 -79.47 -127.45
22.49 -79.47 -127.45
22.49 -79.47 -127.45
19.49 -91.46 -103.46
19.49 -91.46 -103.46
19.49 -91.46 -103.46
19.49 -91.46 -103.46
19.49 -91.46 -103.46
19.49 -91.46 -103.46
19.49 -91.46 -103.46
19.49 -91.46 -103.46
19.49 -91.46 -103.46
19.49 -91.46 -103.46
19.49 -91.46 -103.46
19.49 -91.46 -103.46
19.49 -91.46 -103.46
32.99 -95.96 -107.96
32.99 -95.96 -107.96
32.99 -95.96 -107.96
32.99 -95.96 -107.96
32.99 -95.96 -107.96
32.99 -95.96 -107.96
32.99 -95.96 -107.96
32.99 -95.96 -107.96
32.99 -95.96 -107.96
32.99 -95.96 -107.96
32.99 -95.96 -107.96
32.99 -95.96 -107.96
32.99 -95.96 -107.96
55.48 -97.46 -94.46
55.48 -97.46 -94.46
55.48 -97.46 -94.46
55.48 -97.46 -94.46
55.48 -97.46 -94.46
55.48 -97.46 -94.46
55.48 -97.46 -94.46
55.48 -97.46 -94.46
55.48 -97.46 -94.46
55.48 -97.46 -94.46
55.48 -97.46 -94.46
55.48 -97.46 -94.46
82.47 -103.46 -118.45
82.47 -103.46 -118.45
82.47 -103.46 -118.45
82.47 -103.46 -118.45
82.47 -103.46 -118.45
82.47 -103.46 -118.45
82.47 -103.46 -118.45
82.47 -103.46 -118.45
82.47 -103.46 -118.45
82.47 -103.46 -118.45
82.47 -103.46 -118.45
82.47 -103.46 -118.45
82.47 -103.46 -118.45
91.46 -118.45 -97.46
91.46 -118.45 -97.46
91.46 -118.45 -97.46
91.46 -118.45 -97.46
91.46 -118.45 -97.46
91.46 -118.45 -97.46
91.46 -118.45 -97.46
91.46 -118.45 -97.46
91.46 -118.45 -97.46
91.46 -118.45 -97.46
91.46 -118.45 -97.46
91.46 -118.45 -97.46
88.46 -124.45 -97.46
88.46 -124.45 -97.46
88.46 -124.45 -97.46
88.46 -124.45 -97.46
88.46 -124.45 -97.46
88.46 -124.45 -97.46
88.46 -124.45 -97.46
88.46 -124.45 -97.46
88.46 -124.45 -97.46
88.46 -124.45 -97.46
88.46 -124.45 -97.46
88.46 -124.45 -97.46
88.46 -124.45 -97.46
115.45 -130.45 -100.46
115.45 -130.45 -100.46
115.45 -130.45 -100.46
115.45 -130.45 -100.46
115.45 -130.45 -100.46
115.45 -130.45 -100.46
115.45 -130.45 -100.46
115.45 -130.45 -100.46
115.45 -130.45 -100.46
115.45 -130.45 -100.46
115.45 -130.45 -100.46
115.45 -130.45 -100.46
125.95 -137.94 -92.96
125.95 -137.94 -92.96
125.95 -137.94 -92.96
125.95 -137.94 -92.96
125.95 -137.94 -92.96
125.95 -137.94 -92.96
125.95 -137.94 -92.96
125.95 -137.94 -92.96
125.95 -137.94 -92.96
125.95 -137.94 -92.96
125.95 -137.94 -92.96
125.95 -137.94 -92.96
125.95 -137.94 -92.96
146.94 -137.94 -86.96
146.94 -137.94 -86.96
146.94 -137.94 -86.96
146.94 -137.94 -86.96
146.94 -137.94 -86.96
146.94 -137.94 -86.96
146.94 -137.94 -86.96
146.94 -137.94 -86.96
146.94 -137.94 -86.96
146.94 -137.94 -86.96
146.94 -137.94 -86.96
146.94 -137.94 -86.96
146.94 -137.94 -86.96
163.43 -124.45 -85.47
163.43 -124.45 -85.47
163.43 -124.45 -85.47
163.43 -124.45 -85.47
163.43 -124.45 -85.47
163.43 -124.45 -85.47
163.43 -124.45 -85.47
163.43 -124.45 -85.47
163.43 -124.45 -85.47
163.43 -124.45 -85.47
163.43 -124.45 -85.47
163.43 -124.45 -85.47
163.43 -118.45 -94.46
163.43 -118.45 -94.46
163.43 -118.45 -94.46
163.43 -118.45 -94.46
163.43 -118.45 -94.46
163.43 -118.45 -94.46
163.43 -118.45 -94.46
163.43 -118.45 -94.46
163.43 -118.45 -94.46
163.43 -118.45 -94.46
163.43 -118.45 -94.46
163.43 -118.45 -94.46
163.43 -118.45 -94.46
179.93 -122.95 -116.95
179.93 -122.95 -116.95
179.93 -122.95 -116.95
179.93 -122.95 -116.95
179.93 -122.95 -116.95
179.93 -122.95 -116.95
179.93 -122.95 -116.95
179.93 -122.95 -116.95
179.93 -122.95 -116.95
179.93 -122.95 -116.95
179.93 -122.95 -116.95
179.93 -122.95 -116.95
208.42 -139.44 -115.45
208.42 -139.44 -115.45
208.42 -139.44 -115.45
208.42 -139.44 -115.45
208.42 -139.44 -115.45
208.42 -139.44 -115.45
208.42 -139.44 -115.45
208.42 -139.44 -115.45
208.42 -139.44 -115.45
208.42 -139.44 -115.45
208.42 -139.44 -115.45
208.42 -139.44 -115.45
208.42 -139.44 -115.45
190.42 -157.44 -94.46
190.42 -157.44 -94.46
190.42 -157.44 -94.46
190.42 -157.44 -94.46
190.42 -157.44 -94.46
190.42 -157.44 -94.46
190.42 -157.44 -94.46
190.42 -157.44 -94.46
190.42 -157.44 -94.46
190.42 -157.44 -94.46
190.42 -157.44 -94.46
190.42 -157.44 -94.46
224.91 -152.94 -83.97
224.91 -152.94 -83.97
224.91 -152.94 -83.97
224.91 -152.94 -83.97
224.91 -152.94 -83.97
224.91 -152.94 -83.97
224.91 -152.94 -83.97
224.91 -152.94 -83.97
224.91 -152.94 -83.97
224.91 -152.94 -83.97
224.91 -152.94 -83.97
224.91 -152.94 -83.97
224.91 -152.94 -83.97
241.40 -154.44 -82.47
241.40 -154.44 -82.47
241.40 -154.44 -82.47
241.40 -154.44 -82.47
241.40 -154.44 -82.47
241.40 -154.44 -82.47
241.40 -154.44 -82.47
241.40 -154.44 -82.47
241.40 -154.44 -82.47
241.40 -154.44 -82.47
241.40 -154.44 -82.47
241.40 -154.44 -82.47
266.89 -146.94 -95.96
266.89 -146.94 -95.96
266.89 -146.94 -95.96
266.89 -146.94 -95.96
266.89 -146.94 -95.96
266.89 -146.94 -95.96
266.89 -146.94 -95.96
266.89 -146.94 -95.96
266.89 -146.94 -95.96
266.89 -146.94 -95.96
266.89 -146.94 -95.96
266.89 -146.94 -95.96
266.89 -146.94 -95.96
271.39 -130.45 -91.46
271.39 -130.45 -91.46
271.39 -130.45 -91.46
271.39 -130.45 -91.46
271.39 -130.45 -91.46
271.39 -130.45 -91.46
271.39 -130.45 -91.46
271.39 -130.45 -91.46
271.39 -130.45 -91.46
271.39 -130.45 -91.46
271.39 -130.45 -91.46
271.39 -130.45 -91.46
271.39 -130.45 -91.46
298.38 -124.45 -100.46
298.38 -124.45 -100.46
298.38 -124.45 -100.46
298.38 -124.45 -100.46
298.38 -124.45 -100.46
298.38 -124.45 -100.46
298.38 -124.45 -100.46
298.38 -124.45 -100.46
298.38 -124.45 -100.46
298.38 -124.45 -100.46
298.38 -124.45 -100.46
298.38 -124.45 -100.46
328.37 -118.45 -103.46
328.37 -118.45 -103.46
328.37 -118.45 -103.46
328.37 -118.45 -103.46
328.37 -118.45 -103.46
328.37 -118.45 -103.46
328.37 -118.45 -103.46
328.37 -118.45 -103.46
328.37 -118.45 -103.46
328.37 -118.45 -103.46
328.37 -118.45 -103.46
328.37 -118.45 -103.46
328.37 -118.45 -103.46
331.37 -121.45 -88.46
331.37 -121.45 -88.46
331.37 -121.45 -88.46
331.37 -121.45 -88.46
331.37 -121.45 -88.46
331.37 -121.45 -88.46
331.37 -121.45 -88.46
331.37 -121.45 -88.46
331.37 -121.45 -88.46
331.37 -121.45 -88.46
331.37 -121.45 -88.46
331.37 -121.45 -88.46
356.85 -122.95 -92.96
356.85 -122.95 -92.96
356.85 -122.95 -92.96
356.85 -122.95 -92.96
356.85 -122.95 -92.96
356.85 -122.95 -92.96
356.85 -122.95 -92.96
356.85 -122.95 -92.96
356.85 -122.95 -92.96
356.85 -122.95 -92.96
356.85 -122.95 -92.96
356.85 -122.95 -92.96
356.85 -122.95 -92.96
368.85 -119.95 -95.96
368.85 -119.95 -95.96
368.85 -119.95 -95.96
368.85 -119.95 -95.96
368.85 -119.95 -95.96
368.85 -119.95 -95.96
368.85 -119.95 -95.96
368.85 -119.95 -95.96
368.85 -119.95 -95.96
368.85 -119.95 -95.96
368.85 -119.95 -95.96
368.85 -119.95 -95.96
376.35 -115.45 -115.45
376.35 -115.45 -115.45
376.35 -115.45 -115.45
376.35 -115.45 -115.45
376.35 -115.45 -115.45
376.35 -115.45 -115.45
376.35 -115.45 -115.45
376.35 -115.45 -115.45
376.35 -115.45 -115.45
376.35 -115.45 -115.45
376.35 -115.45 -115.45
376.35 -115.45 -115.45
376.35 -115.45 -115.45
394.34 -109.46 -85.47
394.34 -109.46 -85.47
394.34 -109.46 -85.47
394.34 -109.46 -85.47
394.34 -109.46 -85.47
394.34 -109.46 -85.47
394.34 -109.46 -85.47
394.34 -109.46 -85.47
394.34 -109.46 -85.47
394.34 -109.46 -85.47
394.34 -109.46 -85.47
394.34 -109.46 -85.47
394.34 -109.46 -85.47
389.84 -110.95 -83.97
389.84 -110.95 -83.97
389.84 -110.95 -83.97
389.84 -110.95 -83.97
389.84 -110.95 -83.97
389.84 -110.95 -83.97
389.84 -110.95 -83.97
389.84 -110.95 -83.97
389.84 -110.95 -83.97
389.84 -110.95 -83.97
389.84 -110.95 -83.97
389.84 -110.95 -83.97
418.33 -94.46 -88.46
418.33 -94.46 -88.46
418.33 -94.46 -88.46
418.33 -94.46 -88.46
418.33 -94.46 -88.46
418.33 -94.46 -88.46
418.33 -94.46 -88.46
418.33 -94.46 -88.46
418.33 -94.46 -88.46
418.33 -94.46 -88.46
418.33 -94.46 -88.46
418.33 -94.46 -88.46
418.33 -94.46 -88.46
422.83 -77.97 -80.97
422.83 -77.97 -80.97
422.83 -77.97 -80.97
422.83 -77.97 -80.97
422.83 -77.97 -80.97
422.83 -77.97 -80.97
422.83 -77.97 -80.97
422.83 -77.97 -80.97
422.83 -77.97 -80.97
422.83 -77.97 -80.97
422.83 -77.97 -80.97
422.83 -77.97 -80.97
440.82 -68.97 -77.97
440.82 -68.97 -77.97
440.82 -68.97 -77.97
440.82 -68.97 -77.97
440.82 -68.97 -77.97
440.82 -68.97 -77.97
440.82 -68.97 -77.97
440.82 -68.97 -77.97
440.82 -68.97 -77.97
440.82 -68.97 -77.97
440.82 -68.97 -77.97
440.82 -68.97 -77.97
440.82 -68.97 -77.97
451.32 -40.48 -73.47
451.32 -40.48 -73.47
451.32 -40.48 -73.47
451.32 -40.48 -73.47
451.32 -40.48 -73.47
451.32 -40.48 -73.47
451.32 -40.48 -73.47
451.32 -40.48 -73.47
451.32 -40.48 -73.47
451.32 -40.48 -73.47
451.32 -40.48 -73.47
451.32 -40.48 -73.47
448.32 -34.49 -76.47
448.32 -34.49 -76.47
448.32 -34.49 -76.47
448.32 -34.49 -76.47
448.32 -34.49 -76.47
448.32 -34.49 -76.47
448.32 -34.49 -76.47
448.32 -34.49 -76.47
448.32 -34.49 -76.47
448.32 -34.49 -76.47
448.32 -34.49 -76.47
448.32 -34.49 -76.47
448.32 -34.49 -76.47
451.32 -25.49 -67.47
451.32 -25.49 -67.47
451.32 -25.49 -67.47
451.32 -25.49 -67.47
451.32 -25.49 -67.47
451.32 -25.49 -67.47
451.32 -25.49 -67.47
451.32 -25.49 -67.47
451.32 -25.49 -67.47
451.32 -25.49 -67.47
451.32 -25.49 -67.47
451.32 -25.49 -67.47
476.81 -12.00 -71.97
476.81 -12.00 -71.97
476.81 -12.00 -71.97
476.81 -12.00 -71.97
476.81 -12.00 -71.97
476.81 -12.00 -71.97
476.81 -12.00 -71.97
476.81 -12.00 -71.97
476.81 -12.00 -71.97
476.81 -12.00 -71.97
476.81 -12.00 -71.97
476.81 -12.00 -71.97
476.81 -12.00 -71.97
470.81 3.00 -74.97
470.81 3.00 -74.97
470.81 3.00 -74.97
470.81 3.00 -74.97
470.81 3.00 -74.97
470.81 3.00 -74.97
470.81 3.00 -74.97
470.81 3.00 -74.97
470.81 3.00 -74.97
470.81 3.00 -74.97
470.81 3.00 -74.97
470.81 3.00 -74.97
470.81 3.00 -74.97
478.31 25.49 -79.47
478.31 25.49 -79.47
478.31 25.49 -79.47
478.31 25.49 -79.47
478.31 25.49 -79.47
478.31 25.49 -79.47
478.31 25.49 -79.47
478.31 25.49 -79.47
478.31 25.49 -79.47
478.31 25.49 -79.47
478.31 25.49 -79.47
478.31 25.49 -79.47
491.80 38.98 -86.96
491.80 38.98 -86.96
491.80 38.98 -86.96
491.80 38.98 -86.96
491.80 38.98 -86.96
491.80 38.98 -86.96
491.80 38.98 -86.96
491.80 38.98 -86.96
491.80 38.98 -86.96
491.80 38.98 -86.96
491.80 38.98 -86.96
491.80 38.98 -86.96
491.80 38.98 -86.96
488.80 53.98 -74.97
488.80 53.98 -74.97
488.80 53.98 -74.97
488.80 53.98 -74.97
488.80 53.98 -74.97
488.80 53.98 -74.97
488.80 53.98 -74.97
488.80 53.98 -74.97
488.80 53.98 -74.97
488.80 53.98 -74.97
488.80 53.98 -74.97
488.80 53.98 -74.97
494.80 77.97 -83.97
494.80 77.97 -83.97
494.80 77.97 -83.97
494.80 77.97 -83.97
494.80 77.97 -83.97
494.80 77.97 -83.97
494.80 77.97 -83.97
494.80 77.97 -83.97
494.80 77.97 -83.97
494.80 77.97 -83.97
494.80 77.97 -83.97
494.80 77.97 -83.97
494.80 77.97 -83.97
508.29 82.47 -103.46
508.29 82.47 -103.46
508.29 82.47 -103.46
508.29 82.47 -103.46
508.29 82.47 -103.46
508.29 82.47 -103.46
508.29 82.47 -103.46
508.29 82.47 -103.46
508.29 82.47 -103.46
508.29 82.47 -103.46
508.29 82.47 -103.46
508.29 82.47 -103.46
491.80 89.96 -83.97
491.80 89.96 -83.97
491.80 89.96 -83.97
491.80 89.96 -83.97
491.80 89.96 -83.97
491.80 89.96 -83.97
491.80 89.96 -83.97
491.80 89.96 -83.97
491.80 89.96 -83.97
491.80 89.96 -83.97
491.80 89.96 -83.97
491.80 89.96 -83.97
491.80 89.96 -83.97
506.79 95.96 -95.96
506.79 95.96 -95.96
506.79 95.96 -95.96
506.79 95.96 -95.96
506.79 95.96 -95.96
506.79 95.96 -95.96
506.79 95.96 -95.96
506.79 95.96 -95.96
506.79 95.96 -95.96
506.79 95.96 -95.96
506.79 95.96 -95.96
506.79 95.96 -95.96
506.79 95.96 -95.96
511.29 94.46 -100.46
511.29 94.46 -100.46
511.29 94.46 -100.46
511.29 94.46 -100.46
511.29 94.46 -100.46
511.29 94.46 -100.46
511.29 94.46 -100.46
511.29 94.46 -100.46
511.29 94.46 -100.46
511.29 94.46 -100.46
511.29 94.46 -100.46
511.29 94.46 -100.46
493.30 109.46 -94.46
493.30 109.46 -94.46
493.30 109.46 -94.46
493.30 109.46 -94.46
493.30 109.46 -94.46
493.30 109.46 -94.46
493.30 109.46 -94.46
493.30 109.46 -94.46
493.30 109.46 -94.46
493.30 109.46 -94.46
493.30 109.46 -94.46
493.30 109.46 -94.46
493.30 109.46 -94.46
508.29 121.45 -94.46
508.29 121.45 -94.46
508.29 121.45 -94.46
508.29 121.45 -94.46
508.29 121.45 -94.46
508.29 121.45 -94.46
508.29 121.45 -94.46
508.29 121.45 -94.46
508.29 121.45 -94.46
508.29 121.45 -94.46
508.29 121.45 -94.46
508.29 121.45 -94.46
512.79 128.95 -101.96
512.79 128.95 -101.96
512.79 128.95 -101.96
512.79 128.95 -101.96
512.79 128.95 -101.96
512.79 128.95 -101.96
512.79 128.95 -101.96
512.79 128.95 -101.96
512.79 128.95 -101.96
512.79 128.95 -101.96
512.79 128.95 -101.96
512.79 128.95 -101.96
512.79 128.95 -101.96
505.29 151.44 -79.47
505.29 151.44 -79.47
505.29 151.44 -79.47
505.29 151.44 -79.47
505.29 151.44 -79.47
505.29 151.44 -79.47
505.29 151.44 -79.47
505.29 151.44 -79.47
505.29 151.44 -79.47
505.29 151.44 -79.47
505.29 151.44 -79.47
505.29 151.44 -79.47
520.29 175.43 -82.47
520.29 175.43 -82.47
520.29 175.43 -82.47
520.29 175.43 -82.47
520.29 175.43 -82.47
520.29 175.43 -82.47
520.29 175.43 -82.47
520.29 175.43 -82.47
520.29 175.43 -82.47
520.29 175.43 -82.47
520.29 175.43 -82.47
520.29 175.43 -82.47
520.29 175.43 -82.47
502.30 187.42 -79.47
502.30 187.42 -79.47
502.30 187.42 -79.47
502.30 187.42 -79.47
502.30 187.42 -79.47
502.30 187.42 -79.47
502.30 187.42 -79.47
502.30 187.42 -79.47
502.30 187.42 -79.47
502.30 187.42 -79.47
502.30 187.42 -79.47
502.30 187.42 -79.47
518.79 197.92 -59.98
518.79 197.92 -59.98
518.79 197.92 -59.98
518.79 197.92 -59.98
518.79 197.92 -59.98
518.79 197.92 -59.98
518.79 197.92 -59.98
518.79 197.92 -59.98
518.79 197.92 -59.98
518.79 197.92 -59.98
518.79 197.92 -59.98
518.79 197.92 -59.98
518.79 197.92 -59.98
515.79 212.91 -50.98
515.79 212.91 -50.98
515.79 212.91 -50.98
515.79 212.91 -50.98
515.79 212.91 -50.98
515.79 212.91 -50.98
515.79 212.91 -50.98
515.79 212.91 -50.98
515.79 212.91 -50.98
515.79 212.91 -50.98
515.79 212.91 -50.98
515.79 212.91 -50.98
515.79 212.91 -50.98
514.29 241.40 -55.48
514.29 241.40 -55.48
514.29 241.40 -55.48
514.29 241.40 -55.48
514.29 241.40 -55.48
514.29 241.40 -55.48
514.29 241.40 -55.48
514.29 241.40 -55.48
514.29 241.40 -55.48
514.29 241.40 -55.48
514.29 241.40 -55.48
514.29 241.40 -55.48
520.29 268.39 -55.48
520.29 268.39 -55.48
520.29 268.39 -55.48
520.29 268.39 -55.48
520.29 268.39 -55.48
520.29 268.39 -55.48
520.29 268.39 -55.48
520.29 268.39 -55.48
520.29 268.39 -55.48
520.29 268.39 -55.48
520.29 268.39 -55.48
520.29 268.39 -55.48
520.29 268.39 -55.48
521.79 290.88 -50.98
521.79 290.88 -50.98
521.79 290.88 -50.98
521.79 290.88 -50.98
521.79 290.88 -50.98
521.79 290.88 -50.98
521.79 290.88 -50.98
521.79 290.88 -50.98
521.79 290.88 -50.98
521.79 290.88 -50.98
521.79 290.88 -50.98
521.79 290.88 -50.98
527.79 317.87 -65.97
527.79 317.87 -65.97
527.79 317.87 -65.97
527.79 317.87 -65.97
527.79 317.87 -65.97
527.79 317.87 -65.97
527.79 317.87 -65.97
527.79 317.87 -65.97
527.79 317.87 -65.97
527.79 317.87 -65.97
527.79 317.87 -65.97
527.79 317.87 -65.97
527.79 317.87 -65.97
523.29 319.37 -73.47
523.29 319.37 -73.47
523.29 319.37 -73.47
523.29 319.37 -73.47
523.29 319.37 -73.47
523.29 319.37 -73.47
523.29 319.37 -73.47
523.29 319.37 -73.47
523.29 319.37 -73.47
523.29 319.37 -73.47
523.29 319.37 -73.47
523.29 319.37 -73.47
521.79 335.86 -80.97
521.79 335.86 -80.97
521.79 335.86 -80.97
521.79 335.86 -80.97
521.79 335.86 -80.97
521.79 335.86 -80.97
521.79 335.86 -80.97
521.79 335.86 -80.97
521.79 335.86 -80.97
521.79 335.86 -80.97
521.79 335.86 -80.97
521.79 335.86 -80.97
521.79 335.86 -80.97
508.29 355.36 -97.46
508.29 355.36 -97.46
508.29 355.36 -97.46
508.29 355.36 -97.46
508.29 355.36 -97.46
508.29 355.36 -97.46
508.29 355.36 -97.46
508.29 355.36 -97.46
508.29 355.36 -97.46
508.29 355.36 -97.46
508.29 355.36 -97.46
508.29 355.36 -97.46
524.79 377.85 -92.96
524.79 377.85 -92.96
524.79 377.85 -92.96
524.79 377.85 -92.96
524.79 377.85 -92.96
524.79 377.85 -92.96
524.79 377.85 -92.96
524.79 377.85 -92.96
524.79 377.85 -92.96
524.79 377.85 -92.96
524.79 377.85 -92.96
524.79 377.85 -92.96
524.79 377.85 -92.96
488.80 386.84 -128.95
488.80 386.84 -128.95
488.80 386.84 -128.95
488.80 386.84 -128.95
488.80 386.84 -128.95
488.80 386.84 -128.95
488.80 386.84 -128.95
488.80 386.84 -128.95
488.80 386.84 -128.95
488.80 386.84 -128.95
488.80 386.84 -128.95
488.80 386.84 -128.95
488.80 386.84 -128.95
487.30 409.33 -112.45
487.30 409.33 -112.45
487.30 409.33 -112.45
487.30 409.33 -112.45
487.30 409.33 -112.45
487.30 409.33 -112.45
487.30 409.33 -112.45
487.30 409.33 -112.45
487.30 409.33 -112.45
487.30 409.33 -112.45
487.30 409.33 -112.45
487.30 409.33 -112.45
493.30 418.33 -127.45
493.30 418.33 -127.45
493.30 418.33 -127.45
493.30 418.33 -127.45
493.30 418.33 -127.45
493.30 418.33 -127.45
493.30 418.33 -127.45
493.30 418.33 -127.45
493.30 418.33 -127.45
493.30 418.33 -127.45
493.30 418.33 -127.45
493.30 418.33 -127.45
493.30 418.33 -127.45
466.31 424.33 -136.44
466.31 424.33 -136.44
466.31 424.33 -136.44
466.31 424.33 -136.44
466.31 424.33 -136.44
466.31 424.33 -136.44
466.31 424.33 -136.44
466.31 424.33 -136.44
466.31 424.33 -136.44
466.31 424.33 -136.44
466.31 424.33 -136.44
466.31 424.33 -136.44
479.80 446.82 -152.94
479.80 446.82 -152.94
479.80 446.82 -152.94
479.80 446.82 -152.94
479.80 446.82 -152.94
479.80 446.82 -152.94
479.80 446.82 -152.94
479.80 446.82 -152.94
479.80 446.82 -152.94
479.80 446.82 -152.94
479.80 446.82 -152.94
479.80 446.82 -152.94
479.80 446.82 -152.94
457.31 442.32 -130.45
457.31 442.32 -130.45
457.31 442.32 -130.45
457.31 442.32 -130.45
457.31 442.32 -130.45
457.31 442.32 -130.45
457.31 442.32 -130.45
457.31 442.32 -130.45
457.31 442.32 -130.45
457.31 442.32 -130.45
457.31 442.32 -130.45
457.31 442.32 -130.45
458.81 458.81 -158.94
458.81 458.81 -158.94
458.81 458.81 -158.94
458.81 458.81 -158.94
458.81 458.81 -158.94
458.81 458.81 -158.94
458.81 458.81 -158.94
458.81 458.81 -158.94
458.81 458.81 -158.94
458.81 458.81 -158.94
458.81 458.81 -158.94
458.81 458.81 -158.94
458.81 458.81 -158.94
457.31 448.32 -151.44
457.31 448.32 -151.44
457.31 448.32 -151.44
457.31 448.32 -151.44
457.31 448.32 -151.44
457.31 448.32 -151.44
457.31 448.32 -151.44
457.31 448.32 -151.44
457.31 448.32 -151.44
457.31 448.32 -151.44
457.31 448.32 -151.44
457.31 448.32 -151.44
445.32 469.31 -154.44
445.32 469.31 -154.44
445.32 469.31 -154.44
445.32 469.31 -154.44
445.32 469.31 -154.44
445.32 469.31 -154.44
445.32 469.31 -154.44
445.32 469.31 -154.44
445.32 469.31 -154.44
445.32 469.31 -154.44
445.32 469.31 -154.44
445.32 469.31 -154.44
445.32 469.31 -154.44
448.32 484.30 -163.43
448.32 484.30 -163.43
448.32 484.30 -163.43
448.32 484.30 -163.43
448.32 484.30 -163.43
448.32 484.30 -163.43
448.32 484.30 -163.43
448.32 484.30 -163.43
448.32 484.30 -163.43
448.32 484.30 -163.43
448.32 484.30 -163.43
448.32 484.30 -163.43
445.32 487.30 -166.43
445.32 487.30 -166.43
445.32 487.30 -166.43
445.32 487.30 -166.43
445.32 487.30 -166.43
445.32 487.30 -166.43
445.32 487.30 -166.43
445.32 487.30 -166.43
445.32 487.30 -166.43
445.32 487.30 -166.43
445.32 487.30 -166.43
445.32 487.30 -166.43
445.32 487.30 -166.43
424.33 508.29 -172.43
424.33 508.29 -172.43
424.33 508.29 -172.43
424.33 508.29 -172.43
424.33 508.29 -172.43
424.33 508.29 -172.43
424.33 508.29 -172.43
424.33 508.29 -172.43
424.33 508.29 -172.43
424.33 508.29 -172.43
424.33 508.29 -172.43
424.33 508.29 -172.43
424.33 508.29 -172.43
407.83 503.79 -176.93
407.83 503.79 -176.93
407.83 503.79 -176.93
407.83 503.79 -176.93
407.83 503.79 -176.93
407.83 503.79 -176.93
407.83 503.79 -176.93
407.83 503.79 -176.93
407.83 503.79 -176.93
407.83 503.79 -176.93
407.83 503.79 -176.93
407.83 503.79 -176.93
382.34 517.29 -166.43
382.34 517.29 -166.43
382.34 517.29 -166.43
382.34 517.29 -166.43
382.34 517.29 -166.43
382.34 517.29 -166.43
382.34 517.29 -166.43
382.34 517.29 -166.43
382.34 517.29 -166.43
382.34 517.29 -166.43
382.34 517.29 -166.43
382.34 517.29 -166.43
382.34 517.29 -166.43
377.85 515.79 -155.94
377.85 515.79 -155.94
377.85 515.79 -155.94
377.85 515.79 -155.94
377.85 515.79 -155.94
377.85 515.79 -155.94
377.85 515.79 -155.94
377.85 515.79 -155.94
377.85 515.79 -155.94
377.85 515.79 -155.94
377.85 515.79 -155.94
377.85 515.79 -155.94
358.35 523.29 -169.43
358.35 523.29 -169.43
358.35 523.29 -169.43
358.35 523.29 -169.43
358.35 523.29 -169.43
358.35 523.29 -169.43
358.35 523.29 -169.43
358.35 523.29 -169.43
358.35 523.29 -169.43
358.35 523.29 -169.43
358.35 523.29 -169.43
358.35 523.29 -169.43
358.35 523.29 -169.43
343.36 535.28 -166.43
343.36 535.28 -166.43
343.36 535.28 -166.43
343.36 535.28 -166.43
343.36 535.28 -166.43
343.36 535.28 -166.43
343.36 535.28 -166.43
343.36 535.28 -166.43
343.36 535.28 -166.43
343.36 535.28 -166.43
343.36 535.28 -166.43
343.36 535.28 -166.43
326.87 533.78 -170.93
326.87 533.78 -170.93
326.87 533.78 -170.93
326.87 533.78 -170.93
326.87 533.78 -170.93
326.87 533.78 -170.93
326.87 533.78 -170.93
326.87 533.78 -170.93
326.87 533.78 -170.93
326.87 533.78 -170.93
326.87 533.78 -170.93
326.87 533.78 -170.93
326.87 533.78 -170.93
307.37 541.28 -166.43
307.37 541.28 -166.43
307.37 541.28 -166.43
307.37 541.28 -166.43
307.37 541.28 -166.43
307.37 541.28 -166.43
307.37 541.28 -166.43
307.37 541.28 -166.43
307.37 541.28 -166.43
307.37 541.28 -166.43
307.37 541.28 -166.43
307.37 541.28 -166.43
310.37 535.28 -160.43
310.37 535.28 -160.43
310.37 535.28 -160.43
310.37 535.28 -160.43
310.37 535.28 -160.43
310.37 535.28 -160.43
310.37 535.28 -160.43
310.37 535.28 -160.43
310.37 535.28 -160.43
310.37 535.28 -160.43
310.37 535.28 -160.43
310.37 535.28 -160.43
310.37 535.28 -160.43
274.39 538.28 -148.44
274.39 538.28 -148.44
274.39 538.28 -148.44
274.39 538.28 -148.44
274.39 538.28 -148.44
274.39 538.28 -148.44
274.39 538.28 -148.44
274.39 538.28 -148.44
274.39 538.28 -148.44
274.39 538.28 -148.44
274.39 538.28 -148.44
274.39 538.28 -148.44
274.39 538.28 -148.44
256.40 535.28 -160.43
256.40 535.28 -160.43
256.40 535.28 -160.43
256.40 535.28 -160.43
256.40 535.28 -160.43
256.40 535.28 -160.43
256.40 535.28 -160.43
256.40 535.28 -160.43
256.40 535.28 -160.43
256.40 535.28 -160.43
256.40 535.28 -160.43
256.40 535.28 -160.43
259.39 535.28 -145.44
259.39 535.28 -145.44
259.39 535.28 -145.44
259.39 535.28 -145.44
259.39 535.28 -145.44
259.39 535.28 -145.44
259.39 535.28 -145.44
259.39 535.28 -145.44
259.39 535.28 -145.44
259.39 535.28 -145.44
259.39 535.28 -145.44
259.39 535.28 -145.44
259.39 535.28 -145.44
248.90 542.78 -158.94
248.90 542.78 -158.94
248.90 542.78 -158.94
248.90 542.78 -158.94
248.90 542.78 -158.94
248.90 542.78 -158.94
248.90 542.78 -158.94
248.90 542.78 -158.94
248.90 542.78 -158.94
248.90 542.78 -158.94
248.90 542.78 -158.94
248.90 542.78 -158.94
239.90 536.78 -152.94
239.90 536.78 -152.94
239.90 536.78 -152.94
239.90 536.78 -152.94
239.90 536.78 -152.94
239.90 536.78 -152.94
239.90 536.78 -152.94
239.90 536.78 -152.94
239.90 536.78 -152.94
239.90 536.78 -152.94
239.90 536.78 -152.94
239.90 536.78 -152.94
239.90 536.78 -152.94
215.91 548.78 -149.94
215.91 548.78 -149.94
215.91 548.78 -149.94
215.91 548.78 -149.94
215.91 548.78 -149.94
215.91 548.78 -149.94
215.91 548.78 -149.94
215.91 548.78 -149.94
215.91 548.78 -149.94
215.91 548.78 -149.94
215.91 548.78 -149.94
215.91 548.78 -149.94
188.92 536.78 -155.94
188.92 536.78 -155.94
188.92 536.78 -155.94
188.92 536.78 -155.94
188.92 536.78 -155.94
188.92 536.78 -155.94
188.92 536.78 -155.94
188.92 536.78 -155.94
188.92 536.78 -155.94
188.92 536.78 -155.94
188.92 536.78 -155.94
188.92 536.78 -155.94
188.92 536.78 -155.94
167.93 542.78 -143.94
167.93 542.78 -143.94
167.93 542.78 -143.94
167.93 542.78 -143.94
167.93 542.78 -143.94
167.93 542.78 -143.94
167.93 542.78 -143.94
167.93 542.78 -143.94
167.93 542.78 -143.94
167.93 542.78 -143.94
167.93 542.78 -143.94
167.93 542.78 -143.94
167.93 542.78 -143.94
164.93 527.79 -152.94
164.93 527.79 -152.94
164.93 527.79 -152.94
164.93 527.79 -152.94
164.93 527.79 -152.94
164.93 527.79 -152.94
164.93 527.79 -152.94
164.93 527.79 -152.94
164.93 527.79 -152.94
164.93 527.79 -152.94
164.93 527.79 -152.94
164.93 527.79 -152.94
163.43 535.28 -148.44
163.43 535.28 -148.44
163.43 535.28 -148.44
163.43 535.28 -148.44
163.43 535.28 -148.44
163.43 535.28 -148.44
163.43 535.28 -148.44
163.43 535.28 -148.44
163.43 535.28 -148.44
163.43 535.28 -148.44
163.43 535.28 -148.44
163.43 535.28 -148.44
163.43 535.28 -148.44
146.94 530.78 -149.94
146.94 530.78 -149.94
146.94 530.78 -149.94
146.94 530.78 -149.94
146.94 530.78 -149.94
146.94 530.78 -149.94
146.94 530.78 -149.94
146.94 530.78 -149.94
146.94 530.78 -149.94
146.94 530.78 -149.94
146.94 530.78 -149.94
146.94 530.78 -149.94
124.45 544.28 -151.44
124.45 544.28 -151.44
124.45 544.28 -151.44
124.45 544.28 -151.44
124.45 544.28 -151.44
124.45 544.28 -151.44
124.45 544.28 -151.44
124.45 544.28 -151.44
124.45 544.28 -151.44
124.45 544.28 -151.44
124.45 544.28 -151.44
124.45 544.28 -151.44
124.45 544.28 -151.44
113.95 530.78 -155.94
113.95 530.78 -155.94
113.95 530.78 -155.94
113.95 530.78 -155.94
113.95 530.78 -155.94
113.95 530.78 -155.94
113.95 530.78 -155.94
113.95 530.78 -155.94
113.95 530.78 -155.94
113.95 530.78 -155.94
113.95 530.78 -155.94
113.95 530.78 -155.94
101.96 524.79 -146.94
101.96 524.79 -146.94
101.96 524.79 -146.94
101.96 524.79 -146.94
101.96 524.79 -146.94
101.96 524.79 -146.94
101.96 524.79 -146.94
101.96 524.79 -146.94
101.96 524.79 -146.94
101.96 524.79 -146.94
101.96 524.79 -146.94
101.96 524.79 -146.94
101.96 524.79 -146.94
88.46 514.29 -166.43
88.46 514.29 -166.43
88.46 514.29 -166.43
88.46 514.29 -166.43
88.46 514.29 -166.43
88.46 514.29 -166.43
88.46 514.29 -166.43
88.46 514.29 -166.43
88.46 514.29 -166.43
88.46 514.29 -166.43
88.46 514.29 -166.43
88.46 514.29 -166.43
88.46 514.29 -166.43
80.97 512.79 -161.93
80.97 512.79 -161.93
80.97 512.79 -161.93
80.97 512.79 -161.93
80.97 512.79 -161.93
80.97 512.79 -161.93
80.97 512.79 -161.93
80.97 512.79 -161.93
80.97 512.79 -161.93
80.97 512.79 -161.93
80.97 512.79 -161.93
80.97 512.79 -161.93
53.98 500.80 -152.94
53.98 500.80 -152.94
53.98 500.80 -152.94
53.98 500.80 -152.94
53.98 500.80 -152.94
53.98 500.80 -152.94
53.98 500.80 -152.94
53.98 500.80 -152.94
53.98 500.80 -152.94
53.98 500.80 -152.94
53.98 500.80 -152.94
53.98 500.80 -152.94
53.98 500.80 -152.94
46.48 493.30 -151.44
46.48 493.30 -151.44
46.48 493.30 -151.44
46.48 493.30 -151.44
46.48 493.30 -151.44
46.48 493.30 -151.44
46.48 493.30 -151.44
46.48 493.30 -151.44
46.48 493.30 -151.44
46.48 493.30 -151.44
46.48 493.30 -151.44
46.48 493.30 -151.44
49.48 493.30 -151.44
49.48 493.30 -151.44
49.48 493.30 -151.44
49.48 493.30 -151.44
49.48 493.30 -151.44
49.48 493.30 -151.44
49.48 493.30 -151.44
49.48 493.30 -151.44
49.48 493.30 -151.44
49.48 493.30 -151.44
49.48 493.30 -151.44
49.48 493.30 -151.44
49.48 493.30 -151.44
31.49 469.31 -163.43
31.49 469.31 -163.43
31.49 469.31 -163.43
31.49 469.31 -163.43
31.49 469.31 -163.43
31.49 469.31 -163.43
31.49 469.31 -163.43
31.49 469.31 -163.43
31.49 469.31 -163.43
31.49 469.31 -163.43
31.49 469.31 -163.43
31.49 469.31 -163.43
17.99 467.81 -170.93
17.99 467.81 -170.93
17.99 467.81 -170.93
17.99 467.81 -170.93
17.99 467.81 -170.93
17.99 467.81 -170.93
17.99 467.81 -170.93
17.99 467.81 -170.93
17.99 467.81 -170.93
17.99 467.81 -170.93
17.99 467.81 -170.93
17.99 467.81 -170.93
17.99 467.81 -170.93
10.50 448.32 -154.44
10.50 448.32 -154.44
10.50 448.32 -154.44
10.50 448.32 -154.44
10.50 448.32 -154.44
10.50 448.32 -154.44
10.50 448.32 -154.44
10.50 448.32 -154.44
10.50 448.32 -154.44
10.50 448.32 -154.44
10.50 448.32 -154.44
10.50 448.32 -154.44
-1.50 421.33 -151.44
-1.50 421.33 -151.44
-1.50 421.33 -151.44
-1.50 421.33 -151.44
-1.50 421.33 -151.44
-1.50 421.33 -151.44
-1.50 421.33 -151.44
-1.50 421.33 -151.44
-1.50 421.33 -151.44
-1.50 421.33 -151.44
-1.50 421.33 -151.44
-1.50 421.33 -151.44
-1.50 421.33 -151.44
-28.49 412.33 -160.43
-28.49 412.33 -160.43
-28.49 412.33 -160.43
-28.49 412.33 -160.43
-28.49 412.33 -160.43
-28.49 412.33 -160.43
-28.49 412.33 -160.43
-28.49 412.33 -160.43
-28.49 412.33 -160.43
-28.49 412.33 -160.43
-28.49 412.33 -160.43
-28.49 412.33 -160.43
-28.49 412.33 -160.43
-16.49 406.33 -133.45
-16.49 406.33 -133.45
-16.49 406.33 -133.45
-16.49 406.33 -133.45
-16.49 406.33 -133.45
-16.49 406.33 -133.45
-16.49 406.33 -133.45
-16.49 406.33 -133.45
-16.49 406.33 -133.45
-16.49 406.33 -133.45
-16.49 406.33 -133.45
-16.49 406.33 -133.45
-19.49 388.34 -136.44
-19.49 388.34 -136.44
-19.49 388.34 -136.44
-19.49 388.34 -136.44
-19.49 388.34 -136.44
-19.49 388.34 -136.44
-19.49 388.34 -136.44
-19.49 388.34 -136.44
-19.49 388.34 -136.44
-19.49 388.34 -136.44
-19.49 388.34 -136.44
-19.49 388.34 -136.44
-19.49 388.34 -136.44
-37.48 379.35 -133.45
-37.48 379.35 -133.45
-37.48 379.35 -133.45
-37.48 379.35 -133.45
-37.48 379.35 -133.45
-37.48 379.35 -133.45
-37.48 379.35 -133.45
-37.48 379.35 -133.45
-37.48 379.35 -133.45
-37.48 379.35 -133.45
-37.48 379.35 -133.45
-37.48 379.35 -133.45
-43.48 361.35 -136.44
-43.48 361.35 -136.44
-43.48 361.35 -136.44
-43.48 361.35 -136.44
-43.48 361.35 -136.44
-43.48 361.35 -136.44
-43.48 361.35 -136.44
-43.48 361.35 -136.44
-43.48 361.35 -136.44
-43.48 361.35 -136.44
-43.48 361.35 -136.44
-43.48 361.35 -136.44
-43.48 361.35 -136.44
-47.98 362.85 -128.95
-47.98 362.85 -128.95
-47.98 362.85 -128.95
-47.98 362.85 -128.95
-47.98 362.85 -128.95
-47.98 362.85 -128.95
-47.98 362.85 -128.95
-47.98 362.85 -128.95
-47.98 362.85 -128.95
-47.98 362.85 -128.95
-47.98 362.85 -128.95
-47.98 362.85 -128.95
-53.98 338.86 -137.94
-53.98 338.86 -137.94
-53.98 338.86 -137.94
-53.98 338.86 -137.94
-53.98 338.86 -137.94
-53.98 338.86 -137.94
-53.98 338.86 -137.94
-53.98 338.86 -137.94
-53.98 338.86 -137.94
-53.98 338.86 -137.94
-53.98 338.86 -137.94
-53.98 338.86 -137.94
-53.98 338.86 -137.94
-62.97 329.87 -134.95
-62.97 329.87 -134.95
-62.97 329.87 -134.95
-62.97 329.87 -134.95
-62.97 329.87 -134.95
-62.97 329.87 -134.95
-62.97 329.87 -134.95
-62.97 329.87 -134.95
-62.97 329.87 -134.95
-62.97 329.87 -134.95
-62.97 329.87 -134.95
-62.97 329.87 -134.95
-62.97 329.87 -134.95
-59.98 317.87 -131.95
-59.98 317.87 -131.95
-59.98 317.87 -131.95
-59.98 317.87 -131.95
-59.98 317.87 -131.95
-59.98 317.87 -131.95
-59.98 317.87 -131.95
-59.98 317.87 -131.95
-59.98 317.87 -131.95
-59.98 317.87 -131.95
-59.98 317.87 -131.95
-59.98 317.87 -131.95
-52.48 301.38 -136.44
-52.48 301.38 -136.44
-52.48 301.38 -136.44
-52.48 301.38 -136.44
-52.48 301.38 -136.44
-52.48 301.38 -136.44
-52.48 301.38 -136.44
-52.48 301.38 -136.44
-52.48 301.38 -136.44
-52.48 301.38 -136.44
-52.48 301.38 -136.44
-52.48 301.38 -136.44
-52.48 301.38 -136.44
-70.47 298.38 -139.44
-70.47 298.38 -139.44
-70.47 298.38 -139.44
-70.47 298.38 -139.44
-70.47 298.38 -139.44
-70.47 298.38 -139.44
-70.47 298.38 -139.44
-70.47 298.38 -139.44
-70.47 298.38 -139.44
-70.47 298.38 -139.44
-70.47 298.38 -139.44
-70.47 298.38 -139.44
-85.47 280.39 -154.44
-85.47 280.39 -154.44
-85.47 280.39 -154.44
-85.47 280.39 -154.44
-85.47 280.39 -154.44
-85.47 280.39 -154.44
-85.47 280.39 -154.44
-85.47 280.39 -154.44
-85.47 280.39 -154.44
-85.47 280.39 -154.44
-85.47 280.39 -154.44
-85.47 280.39 -154.44
-85.47 280.39 -154.44
-74.97 251.90 -137.94
-74.97 251.90 -137.94
-74.97 251.90 -137.94
-74.97 251.90 -137.94
-74.97 251.90 -137.94
-74.97 251.90 -137.94
-74.97 251.90 -137.94
-74.97 251.90 -137.94
-74.97 251.90 -137.94
-74.97 251.90 -137.94
-74.97 251.90 -137.94
-74.97 251.90 -137.94
-73.47 238.40 -154.44
-73.47 238.40 -154.44
-73.47 238.40 -154.44
-73.47 238.40 -154.44
-73.47 238.40 -154.44
-73.47 238.40 -154.44
-73.47 238.40 -154.44
-73.47 238.40 -154.44
-73.47 238.40 -154.44
-73.47 238.40 -154.44
-73.47 238.40 -154.44
-73.47 238.40 -154.44
-73.47 238.40 -154.44
-65.97 218.91 -155.94
-65.97 218.91 -155.94
-65.97 218.91 -155.94
-65.97 218.91 -155.94
-65.97 218.91 -155.94
-65.97 218.91 -155.94
-65.97 218.91 -155.94
-65.97 218.91 -155.94
-65.97 218.91 -155.94
-65.97 218.91 -155.94
-65.97 218.91 -155.94
-65.97 218.91 -155.94
-62.97 218.91 -146.94
-62.97 218.91 -146.94
-62.97 218.91 -146.94
-62.97 218.91 -146.94
-62.97 218.91 -146.94
-62.97 218.91 -146.94
-62.97 218.91 -146.94
-62.97 218.91 -146.94
-62.97 218.91 -146.94
-62.97 218.91 -146.94
-62.97 218.91 -146.94
-62.97 218.91 -146.94
-62.97 218.91 -146.94
-73.47 190.42 -157.44
-73.47 190.42 -157.44
-73.47 190.42 -157.44
-73.47 190.42 -157.44
-73.47 190.42 -157.44
-73.47 190.42 -157.44
-73.47 190.42 -157.44
-73.47 190.42 -157.44
-73.47 190.42 -157.44
-73.47 190.42 -157.44
-73.47 190.42 -157.44
-73.47 190.42 -157.44
-73.47 190.42 -157.44
-71.97 176.93 -158.94
-71.97 176.93 -158.94
-71.97 176.93 -158.94
-71.97 176.93 -158.94
-71.97 176.93 -158.94
-71.97 176.93 -158.94
-71.97 176.93 -158.94
-71.97 176.93 -158.94
-71.97 176.93 -158.94
-71.97 176.93 -158.94
-71.97 176.93 -158.94
-71.97 176.93 -158.94
-74.97 146.94 -161.93
-74.97 146.94 -161.93
-74.97 146.94 -161.93
-74.97 146.94 -161.93
-74.97 146.94 -161.93
-74.97 146.94 -161.93
-74.97 146.94 -161.93
-74.97 146.94 -161.93
-74.97 146.94 -161.93
-74.97 146.94 -161.93
-74.97 146.94 -161.93
-74.97 146.94 -161.93
-74.97 146.94 -161.93
-61.47 124.45 -163.43
-61.47 124.45 -163.43
-61.47 124.45 -163.43
-61.47 124.45 -163.43
-61.47 124.45 -163.43
-61.47 124.45 -163.43
-61.47 124.45 -163.43
-61.47 124.45 -163.43
-61.47 124.45 -163.43
-61.47 124.45 -163.43
-61.47 124.45 -163.43
-61.47 124.45 -163.43
-62.97 101.96 -167.93
-62.97 101.96 -167.93
-62.97 101.96 -167.93
-62.97 101.96 -167.93
-62.97 101.96 -167.93
-62.97 101.96 -167.93
-62.97 101.96 -167.93
-62.97 101.96 -167.93
-62.97 101.96 -167.93
-62.97 101.96 -167.93
-62.97 101.96 -167.93
-62.97 101.96 -167.93
-62.97 101.96 -167.93
-50.98 77.97 -152.94
-50.98 77.97 -152.94
-50.98 77.97 -152.94
-50.98 77.97 -152.94
-50.98 77.97 -152.94
-50.98 77.97 -152.94
-50.98 77.97 -152.94
-50.98 77.97 -152.94
-50.98 77.97 -152.94
-50.98 77.97 -152.94
-50.98 77.97 -152.94
-50.98 77.97 -152.94
-43.48 58.48 -133.45
-43.48 58.48 -133.45
-43.48 58.48 -133.45
-43.48 58.48 -133.45
-43.48 58.48 -133.45
-43.48 58.48 -133.45
-43.48 58.48 -133.45
-43.48 58.48 -133.45
-43.48 58.48 -133.45
-43.48 58.48 -133.45
-43.48 58.48 -133.45
-43.48 58.48 -133.45
-43.48 58.48 -133.45
-52.48 37.48 -133.45
-52.48 37.48 -133.45
-52.48 37.48 -133.45
-52.48 37.48 -133.45
-52.48 37.48 -133.45
-52.48 37.48 -133.45
-52.48 37.48 -133.45
-52.48 37.48 -133.45
-52.48 37.48 -133.45
-52.48 37.48 -133.45
-52.48 37.48 -133.45
-52.48 37.48 -133.45
-52.48 37.48 -133.45
-35.99 35.99 -143.94
-35.99 35.99 -143.94
-35.99 35.99 -143.94
-35.99 35.99 -143.94
-35.99 35.99 -143.94
-35.99 35.99 -143.94
-35.99 35.99 -143.94
-35.99 35.99 -143.94
-35.99 35.99 -143.94
-35.99 35.99 -143.94
-35.99 35.99 -143.94
-35.99 35.99 -143.94
-37.48 34.49 -142.44
-37.48 34.49 -142.44
-37.48 34.49 -142.44
-37.48 34.49 -142.44
-37.48 34.49 -142.44
-37.48 34.49 -142.44
-37.48 34.49 -142.44
-37.48 34.49 -142.44
-37.48 34.49 -142.44
-37.48 34.49 -142.44
-37.48 34.49 -142.44
-37.48 34.49 -142.44
-37.48 34.49 -142.44
-32.99 12.00 -134.95
-32.99 12.00 -134.95
-32.99 12.00 -134.95
-32.99 12.00 -134.95
-32.99 12.00 -134.95
-32.99 12.00 -134.95
-32.99 12.00 -134.95
-32.99 12.00 -134.95
-32.99 12.00 -134.95
-32.99 12.00 -134.95
-32.99 12.00 -134.95
-32.99 12.00 -134.95
-31.49 7.50 -145.44
-31.49 7.50 -145.44
-31.49 7.50 -145.44
-31.49 7.50 -145.44
-31.49 7.50 -145.44
-31.49 7.50 -145.44
-31.49 7.50 -145.44
-31.49 7.50 -145.44
-31.49 7.50 -145.44
-31.49 7.50 -145.44
-31.49 7.50 -145.44
-31.49 7.50 -145.44
-31.49 7.50 -145.44
-25.49 -10.50 -130.45
-25.49 -10.50 -130.45
-25.49 -10.50 -130.45
-25.49 -10.50 -130.45
-25.49 -10.50 -130.45
-25.49 -10.50 -130.45
-25.49 -10.50 -130.45
-25.49 -10.50 -130.45
-25.49 -10.50 -130.45
-25.49 -10.50 -130.45
-25.49 -10.50 -130.45
-25.49 -10.50 -130.45
-9.00 -26.99 -152.94
-9.00 -26.99 -152.94
-9.00 -26.99 -152.94
-9.00 -26.99 -152.94
-9.00 -26.99 -152.94
-9.00 -26.99 -152.94
-9.00 -26.99 -152.94
-9.00 -26.99 -152.94
-9.00 -26.99 -152.94
-9.00 -26.99 -152.94
-9.00 -26.99 -152.94
-9.00 -26.99 -152.94
-9.00 -26.99 -152.94
-3.00 -62.97 -131.95
-3.00 -62.97 -131.95
-3.00 -62.97 -131.95
-3.00 -62.97 -131.95
-3.00 -62.97 -131.95
-3.00 -62.97 -131.95
-3.00 -62.97 -131.95
-3.00 -62.97 -131.95
-3.00 -62.97 -131.95
-3.00 -62.97 -131.95
-3.00 -62.97 -131.95
-3.00 -62.97 -131.95
4.50 -73.47 -121.45
4.50 -73.47 -121.45
4.50 -73.47 -121.45
4.50 -73.47 -121.45
4.50 -73.47 -121.45
4.50 -73.47 -121.45
4.50 -73.47 -121.45
4.50 -73.47 -121.45
4.50 -73.47 -121.45
4.50 -73.47 -121.45
4.50 -73.47 -121.45
4.50 -73.47 -121.45
4.50 -73.47 -121.45
17.99 -89.96 -83.97
17.99 -89.96 -83.97
17.99 -89.96 -83.97
17.99 -89.96 -83.97
17.99 -89.96 -83.97
17.99 -89.96 -83.97
17.99 -89.96 -83.97
17.99 -89.96 -83.97
17.99 -89.96 -83.97
17.99 -89.96 -83.97
17.99 -89.96 -83.97
17.99 -89.96 -83.97
17.99 -89.96 -83.97
40.48 -94.46 -103.46
40.48 -94.46 -103.46
40.48 -94.46 -103.46
40.48 -94.46 -103.46
40.48 -94.46 -103.46
40.48 -94.46 -103.46
40.48 -94.46 -103.46
40.48 -94.46 -103.46
40.48 -94.46 -103.46
40.48 -94.46 -103.46
40.48 -94.46 -103.46
40.48 -94.46 -103.46
58.48 -94.46 -97.46
58.48 -94.46 -97.46
58.48 -94.46 -97.46
58.48 -94.46 -97.46
58.48 -94.46 -97.46
58.48 -94.46 -97.46
58.48 -94.46 -97.46
58.48 -94.46 -97.46
58.48 -94.46 -97.46
58.48 -94.46 -97.46
58.48 -94.46 -97.46
58.48 -94.46 -97.46
58.48 -94.46 -97.46
56.98 -98.96 -95.96
56.98 -98.96 -95.96
56.98 -98.96 -95.96
56.98 -98.96 -95.96
56.98 -98.96 -95.96
56.98 -98.96 -95.96
56.98 -98.96 -95.96
56.98 -98.96 -95.96
56.98 -98.96 -95.96
56.98 -98.96 -95.96
56.98 -98.96 -95.96
56.98 -98.96 -95.96
83.97 -104.96 -107.96
83.97 -104.96 -107.96
83.97 -104.96 -107.96
83.97 -104.96 -107.96
83.97 -104.96 -107.96
83.97 -104.96 -107.96
83.97 -104.96 -107.96
83.97 -104.96 -107.96
83.97 -104.96 -107.96
83.97 -104.96 -107.96
83.97 -104.96 -107.96
83.97 -104.96 -107.96
83.97 -104.96 -107.96
70.47 -124.45 -97.46
70.47 -124.45 -97.46
70.47 -124.45 -97.46
70.47 -124.45 -97.46
70.47 -124.45 -97.46
70.47 -124.45 -97.46
70.47 -124.45 -97.46
70.47 -124.45 -97.46
70.47 -124.45 -97.46
70.47 -124.45 -97.46
70.47 -124.45 -97.46
70.47 -124.45 -97.46
94.46 -127.45 -97.46
94.46 -127.45 -97.46
94.46 -127.45 -97.46
94.46 -127.45 -97.46
94.46 -127.45 -97.46
94.46 -127.45 -97.46
94.46 -127.45 -97.46
94.46 -127.45 -97.46
94.46 -127.45 -97.46
94.46 -127.45 -97.46
94.46 -127.45 -97.46
94.46 -127.45 -97.46
94.46 -127.45 -97.46
106.46 -136.44 -94.46
106.46 -136.44 -94.46
106.46 -136.44 -94.46
106.46 -136.44 -94.46
106.46 -136.44 -94.46
106.46 -136.44 -94.46
106.46 -136.44 -94.46
106.46 -136.44 -94.46
106.46 -136.44 -94.46
106.46 -136.44 -94.46
106.46 -136.44 -94.46
106.46 -136.44 -94.46
106.46 -136.44 -94.46
122.95 -143.94 -89.96
122.95 -143.94 -89.96
122.95 -143.94 -89.96
122.95 -143.94 -89.96
122.95 -143.94 -89.96
122.95 -143.94 -89.96
122.95 -143.94 -89.96
122.95 -143.94 -89.96
122.95 -143.94 -89.96
122.95 -143.94 -89.96
122.95 -143.94 -89.96
122.95 -143.94 -89.96
131.95 -137.94 -80.97
131.95 -137.94 -80.97
131.95 -137.94 -80.97
131.95 -137.94 -80.97
131.95 -137.94 -80.97
131.95 -137.94 -80.97
131.95 -137.94 -80.97
131.95 -137.94 -80.97
131.95 -137.94 -80.97
131.95 -137.94 -80.97
131.95 -137.94 -80.97
131.95 -137.94 -80.97
131.95 -137.94 -80.97
149.94 -125.95 -80.97
149.94 -125.95 -80.97
149.94 -125.95 -80.97
149.94 -125.95 -80.97
149.94 -125.95 -80.97
149.94 -125.95 -80.97
149.94 -125.95 -80.97
149.94 -125.95 -80.97
149.94 -125.95 -80.97
149.94 -125.95 -80.97
149.94 -125.95 -80.97
149.94 -125.95 -80.97
173.93 -122.95 -92.96
173.93 -122.95 -92.96
173.93 -122.95 -92.96
173.93 -122.95 -92.96
173.93 -122.95 -92.96
173.93 -122.95 -92.96
173.93 -122.95 -92.96
173.93 -122.95 -92.96
173.93 -122.95 -92.96
173.93 -122.95 -92.96
173.93 -122.95 -92.96
173.93 -122.95 -92.96
173.93 -122.95 -92.96
185.92 -137.94 -95.96
185.92 -137.94 -95.96
185.92 -137.94 -95.96
185.92 -137.94 -95.96
185.92 -137.94 -95.96
185.92 -137.94 -95.96
185.92 -137.94 -95.96
185.92 -137.94 -95.96
185.92 -137.94 -95.96
185.92 -137.94 -95.96
185.92 -137.94 -95.96
185.92 -137.94 -95.96
191.92 -137.94 -107.96
191.92 -137.94 -107.96
191.92 -137.94 -107.96
191.92 -137.94 -107.96
191.92 -137.94 -107.96
191.92 -137.94 -107.96
191.92 -137.94 -107.96
191.92 -137.94 -107.96
191.92 -137.94 -107.96
191.92 -137.94 -107.96
191.92 -137.94 -107.96
191.92 -137.94 -107.96
191.92 -137.94 -107.96
205.42 -148.44 -91.46
205.42 -148.44 -91.46
205.42 -148.44 -91.46
205.42 -148.44 -91.46
205.42 -148.44 -91.46
205.42 -148.44 -91.46
205.42 -148.44 -91.46
205.42 -148.44 -91.46
205.42 -148.44 -91.46
205.42 -148.44 -91.46
205.42 -148.44 -91.46
205.42 -148.44 -91.46
221.91 -143.94 -92.96
221.91 -143.94 -92.96
221.91 -143.94 -92.96
221.91 -143.94 -92.96
221.91 -143.94 -92.96
221.91 -143.94 -92.96
221.91 -143.94 -92.96
221.91 -143.94 -92.96
221.91 -143.94 -92.96
221.91 -143.94 -92.96
221.91 -143.94 -92.96
221.91 -143.94 -92.96
221.91 -143.94 -92.96
242.90 -125.95 -80.97
242.90 -125.95 -80.97
242.90 -125.95 -80.97
242.90 -125.95 -80.97
242.90 -125.95 -80.97
242.90 -125.95 -80.97
242.90 -125.95 -80.97
242.90 -125.95 -80.97
242.90 -125.95 -80.97
242.90 -125.95 -80.97
242.90 -125.95 -80.97
242.90 -125.95 -80.97
242.90 -125.95 -80.97
248.90 -134.95 -83.97
248.90 -134.95 -83.97
248.90 -134.95 -83.97
248.90 -134.95 -83.97
248.90 -134.95 -83.97
248.90 -134.95 -83.97
248.90 -134.95 -83.97
248.90 -134.95 -83.97
248.90 -134.95 -83.97
248.90 -134.95 -83.97
248.90 -134.95 -83.97
248.90 -134.95 -83.97
263.89 -122.95 -92.96
263.89 -122.95 -92.96
263.89 -122.95 -92.96
263.89 -122.95 -92.96
263.89 -122.95 -92.96
263.89 -122.95 -92.96
263.89 -122.95 -92.96
263.89 -122.95 -92.96
263.89 -122.95 -92.96
263.89 -122.95 -92.96
263.89 -122.95 -92.96
263.89 -122.95 -92.96
263.89 -122.95 -92.96
292.38 -124.45 -82.47
292.38 -124.45 -82.47
292.38 -124.45 -82.47
292.38 -124.45 -82.47
292.38 -124.45 -82.47
292.38 -124.45 -82.47
292.38 -124.45 -82.47
292.38 -124.45 -82.47
292.38 -124.45 -82.47
292.38 -124.45 -82.47
292.38 -124.45 -82.47
292.38 -124.45 -82.47
299.88 -119.95 -110.95
299.88 -119.95 -110.95
299.88 -119.95 -110.95
299.88 -119.95 -110.95
299.88 -119.95 -110.95
299.88 -119.95 -110.95
299.88 -119.95 -110.95
299.88 -119.95 -110.95
299.88 -119.95 -110.95
299.88 -119.95 -110.95
299.88 -119.95 -110.95
299.88 -119.95 -110.95
299.88 -119.95 -110.95
302.88 -128.95 -98.96
302.88 -128.95 -98.96
302.88 -128.95 -98.96
302.88 -128.95 -98.96
302.88 -128.95 -98.96
302.88 -128.95 -98.96
302.88 -128.95 -98.96
302.88 -128.95 -98.96
302.88 -128.95 -98.96
302.88 -128.95 -98.96
302.88 -128.95 -98.96
302.88 -128.95 -98.96
334.36 -124.45 -100.46
334.36 -124.45 -100.46
334.36 -124.45 -100.46
334.36 -124.45 -100.46
334.36 -124.45 -100.46
334.36 -124.45 -100.46
334.36 -124.45 -100.46
334.36 -124.45 -100.46
334.36 -124.45 -100.46
334.36 -124.45 -100.46
334.36 -124.45 -100.46
334.36 -124.45 -100.46
334.36 -124.45 -100.46
346.36 -121.45 -79.47
346.36 -121.45 -79.47
346.36 -121.45 -79.47
346.36 -121.45 -79.47
346.36 -121.45 -79.47
346.36 -121.45 -79.47
346.36 -121.45 -79.47
346.36 -121.45 -79.47
346.36 -121.45 -79.47
346.36 -121.45 -79.47
346.36 -121.45 -79.47
346.36 -121.45 -79.47
346.36 -121.45 -79.47
379.35 -109.46 -97.46
379.35 -109.46 -97.46
379.35 -109.46 -97.46
379.35 -109.46 -97.46
379.35 -109.46 -97.46
379.35 -109.46 -97.46
379.35 -109.46 -97.46
379.35 -109.46 -97.46
379.35 -109.46 -97.46
379.35 -109.46 -97.46
379.35 -109.46 -97.46
379.35 -109.46 -97.46
382.34 -109.46 -97.46
382.34 -109.46 -97.46
382.34 -109.46 -97.46
382.34 -109.46 -97.46
382.34 -109.46 -97.46
382.34 -109.46 -97.46
382.34 -109.46 -97.46
382.34 -109.46 -97.46
382.34 -109.46 -97.46
382.34 -109.46 -97.46
382.34 -109.46 -97.46
382.34 -109.46 -97.46
382.34 -109.46 -97.46
394.34 -106.46 -82.47
394.34 -106.46 -82.47
394.34 -106.46 -82.47
394.34 -106.46 -82.47
394.34 -106.46 -82.47
394.34 -106.46 -82.47
394.34 -106.46 -82.47
394.34 -106.46 -82.47
394.34 -106.46 -82.47
394.34 -106.46 -82.47
394.34 -106.46 -82.47
394.34 -106.46 -82.47
394.34 -106.46 -79.47
394.34 -106.46 -79.47
394.34 -106.46 -79.47
394.34 -106.46 -79.47
394.34 -106.46 -79.47
394.34 -106.46 -79.47
394.34 -106.46 -79.47
394.34 -106.46 -79.47
394.34 -106.46 -79.47
394.34 -106.46 -79.47
394.34 -106.46 -79.47
394.34 -106.46 -79.47
394.34 -106.46 -79.47
412.33 -85.47 -70.47
412.33 -85.47 -70.47
412.33 -85.47 -70.47
412.33 -85.47 -70.47
412.33 -85.47 -70.47
412.33 -85.47 -70.47
412.33 -85.47 -70.47
412.33 -85.47 -70.47
412.33 -85.47 -70.47
412.33 -85.47 -70.47
412.33 -85.47 -70.47
412.33 -85.47 -70.47
419.83 -71.97 -71.97
419.83 -71.97 -71.97
419.83 -71.97 -71.97
419.83 -71.97 -71.97
419.83 -71.97 -71.97
419.83 -71.97 -71.97
419.83 -71.97 -71.97
419.83 -71.97 -71.97
419.83 -71.97 -71.97
419.83 -71.97 -71.97
419.83 -71.97 -71.97
419.83 -71.97 -71.97
419.83 -71.97 -71.97
433.32 -61.47 -67.47
433.32 -61.47 -67.47
433.32 -61.47 -67.47
433.32 -61.47 -67.47
433.32 -61.47 -67.47
433.32 -61.47 -67.47
433.32 -61.47 -67.47
433.32 -61.47 -67.47
433.32 -61.47 -67.47
433.32 -61.47 -67.47
433.32 -61.47 -67.47
433.32 -61.47 -67.47
448.32 -46.48 -67.47
448.32 -46.48 -67.47
448.32 -46.48 -67.47
448.32 -46.48 -67.47
448.32 -46.48 -67.47
448.32 -46.48 -67.47
448.32 -46.48 -67.47
448.32 -46.48 -67.47
448.32 -46.48 -67.47
448.32 -46.48 -67.47
448.32 -46.48 -67.47
448.32 -46.48 -67.47
448.32 -46.48 -67.47
458.81 -26.99 -62.97
458.81 -26.99 -62.97
458.81 -26.99 -62.97
458.81 -26.99 -62.97
458.81 -26.99 -62.97
458.81 -26.99 -62.97
458.81 -26.99 -62.97
458.81 -26.99 -62.97
458.81 -26.99 -62.97
458.81 -26.99 -62.97
458.81 -26.99 -62.97
458.81 -26.99 -62.97
458.81 -26.99 -62.97
470.81 -23.99 -53.98
470.81 -23.99 -53.98
470.81 -23.99 -53.98
470.81 -23.99 -53.98
470.81 -23.99 -53.98
470.81 -23.99 -53.98
470.81 -23.99 -53.98
470.81 -23.99 -53.98
470.81 -23.99 -53.98
470.81 -23.99 -53.98
470.81 -23.99 -53.98
470.81 -23.99 -53.98
475.31 7.50 -70.47
475.31 7.50 -70.47
475.31 7.50 -70.47
475.31 7.50 -70.47
475.31 7.50 -70.47
475.31 7.50 -70.47
475.31 7.50 -70.47
475.31 7.50 -70.47
475.31 7.50 -70.47
475.31 7.50 -70.47
475.31 7.50 -70.47
475.31 7.50 -70.47
475.31 7.50 -70.47
485.80 26.99 -65.97
485.80 26.99 -65.97
485.80 26.99 -65.97
485.80 26.99 -65.97
485.80 26.99 -65.97
485.80 26.99 -65.97
485.80 26.99 -65.97
485.80 26.99 -65.97
485.80 26.99 -65.97
485.80 26.99 -65.97
485.80 26.99 -65.97
485.80 26.99 -65.97
494.80 44.98 -86.96
494.80 44.98 -86.96
494.80 44.98 -86.96
494.80 44.98 -86.96
494.80 44.98 -86.96
494.80 44.98 -86.96
494.80 44.98 -86.96
494.80 44.98 -86.96
494.80 44.98 -86.96
494.80 44.98 -86.96
494.80 44.98 -86.96
494.80 44.98 -86.96
494.80 44.98 -86.96
496.30 61.47 -79.47
496.30 61.47 -79.47
496.30 61.47 -79.47
496.30 61.47 -79.47
496.30 61.47 -79.47
496.30 61.47 -79.47
496.30 61.47 -79.47
496.30 61.47 -79.47
496.30 61.47 -79.47
496.30 61.47 -79.47
496.30 61.47 -79.47
496.30 61.47 -79.47
505.29 82.47 -85.47
505.29 82.47 -85.47
505.29 82.47 -85.47
505.29 82.47 -85.47
505.29 82.47 -85.47
505.29 82.47 -85.47
505.29 82.47 -85.47
505.29 82.47 -85.47
505.29 82.47 -85.47
505.29 82.47 -85.47
505.29 82.47 -85.47
505.29 82.47 -85.47
505.29 82.47 -85.47
500.80 104.96 -80.97
500.80 104.96 -80.97
500.80 104.96 -80.97
500.80 104.96 -80.97
500.80 104.96 -80.97
500.80 104.96 -80.97
500.80 104.96 -80.97
500.80 104.96 -80.97
500.80 104.96 -80.97
500.80 104.96 -80.97
500.80 104.96 -80.97
500.80 104.96 -80.97
500.80 104.96 -80.97
517.29 118.45 -91.46
517.29 118.45 -91.46
517.29 118.45 -91.46
517.29 118.45 -91.46
517.29 118.45 -91.46
517.29 118.45 -91.46
517.29 118.45 -91.46
517.29 118.45 -91.46
517.29 118.45 -91.46
517.29 118.45 -91.46
517.29 118.45 -91.46
517.29 118.45 -91.46
505.29 124.45 -100.46
505.29 124.45 -100.46
505.29 124.45 -100.46
505.29 124.45 -100.46
505.29 124.45 -100.46
505.29 124.45 -100.46
505.29 124.45 -100.46
505.29 124.45 -100.46
505.29 124.45 -100.46
505.29 124.45 -100.46
505.29 124.45 -100.46
505.29 124.45 -100.46
505.29 124.45 -100.46
499.30 130.45 -106.46
499.30 130.45 -106.46
499.30 130.45 -106.46
499.30 130.45 -106.46
499.30 130.45 -106.46
499.30 130.45 -106.46
499.30 130.45 -106.46
499.30 130.45 -106.46
499.30 130.45 -106.46
499.30 130.45 -106.46
499.30 130.45 -106.46
499.30 130.45 -106.46
506.79 146.94 -95.96
506.79 146.94 -95.96
506.79 146.94 -95.96
506.79 146.94 -95.96
506.79 146.94 -95.96
506.79 146.94 -95.96
506.79 146.94 -95.96
506.79 146.94 -95.96
506.79 146.94 -95.96
506.79 146.94 -95.96
506.79 146.94 -95.96
506.79 146.94 -95.96
506.79 146.94 -95.96
505.29 151.44 -91.46
505.29 151.44 -91.46
505.29 151.44 -91.46
505.29 151.44 -91.46
505.29 151.44 -91.46
505.29 151.44 -91.46
505.29 151.44 -91.46
505.29 151.44 -91.46
505.29 151.44 -91.46
505.29 151.44 -91.46
505.29 151.44 -91.46
505.29 151.44 -91.46
509.79 152.94 -101.96
509.79 152.94 -101.96
509.79 152.94 -101.96
509.79 152.94 -101.96
509.79 152.94 -101.96
509.79 152.94 -101.96
509.79 152.94 -101.96
509.79 152.94 -101.96
509.79 152.94 -101.96
509.79 152.94 -101.96
509.79 152.94 -101.96
509.79 152.94 -101.96
509.79 152.94 -101.96
518.79 170.93 -95.96
518.79 170.93 -95.96
518.79 170.93 -95.96
518.79 170.93 -95.96
518.79 170.93 -95.96
518.79 170.93 -95.96
518.79 170.93 -95.96
518.79 170.93 -95.96
518.79 170.93 -95.96
518.79 170.93 -95.96
518.79 170.93 -95.96
518.79 170.93 -95.96
533.78 173.93 -110.95
533.78 173.93 -110.95
533.78 173.93 -110.95
533.78 173.93 -110.95
533.78 173.93 -110.95
533.78 173.93 -110.95
533.78 173.93 -110.95
533.78 173.93 -110.95
533.78 173.93 -110.95
533.78 173.93 -110.95
533.78 173.93 -110.95
533.78 173.93 -110.95
533.78 173.93 -110.95
532.28 190.42 -91.46
532.28 190.42 -91.46
532.28 190.42 -91.46
532.28 190.42 -91.46
532.28 190.42 -91.46
532.28 190.42 -91.46
532.28 190.42 -91.46
532.28 190.42 -91.46
532.28 190.42 -91.46
532.28 190.42 -91.46
532.28 190.42 -91.46
532.28 190.42 -91.46
532.28 190.42 -91.46
527.79 191.92 -86.96
527.79 191.92 -86.96
527.79 191.92 -86.96
527.79 191.92 -86.96
527.79 191.92 -86.96
527.79 191.92 -86.96
527.79 191.92 -86.96
527.79 191.92 -86.96
527.79 191.92 -86.96
527.79 191.92 -86.96
527.79 191.92 -86.96
527.79 191.92 -86.96
523.29 214.41 -76.47
523.29 214.41 -76.47
523.29 214.41 -76.47
523.29 214.41 -76.47
523.29 214.41 -76.47
523.29 214.41 -76.47
523.29 214.41 -76.47
523.29 214.41 -76.47
523.29 214.41 -76.47
523.29 214.41 -76.47
523.29 214.41 -76.47
523.29 214.41 -76.47
523.29 214.41 -76.47
521.79 227.91 -65.97
521.79 227.91 -65.97
521.79 227.91 -65.97
521.79 227.91 -65.97
521.79 227.91 -65.97
521.79 227.91 -65.97
521.79 227.91 -65.97
521.79 227.91 -65.97
521.79 227.91 -65.97
521.79 227.91 -65.97
521.79 227.91 -65.97
521.79 227.91 -65.97
521.79 260.89 -62.97
521.79 260.89 -62.97
521.79 260.89 -62.97
521.79 260.89 -62.97
521.79 260.89 -62.97
521.79 260.89 -62.97
521.79 260.89 -62.97
521.79 260.89 -62.97
521.79 260.89 -62.97
521.79 260.89 -62.97
521.79 260.89 -62.97
521.79 260.89 -62.97
521.79 260.89 -62.97
523.29 289.38 -61.47
523.29 289.38 -61.47
523.29 289.38 -61.47
523.29 289.38 -61.47
523.29 289.38 -61.47
523.29 289.38 -61.47
523.29 289.38 -61.47
523.29 289.38 -61.47
523.29 289.38 -61.47
523.29 289.38 -61.47
523.29 289.38 -61.47
523.29 289.38 -61.47
520.29 316.37 -76.47
520.29 316.37 -76.47
520.29 316.37 -76.47
520.29 316.37 -76.47
520.29 316.37 -76.47
520.29 316.37 -76.47
520.29 316.37 -76.47
520.29 316.37 -76.47
520.29 316.37 -76.47
520.29 316.37 -76.47
520.29 316.37 -76.47
520.29 316.37 -76.47
520.29 316.37 -76.47
520.29 340.36 -73.47
520.29 340.36 -73.47
520.29 340.36 -73.47
520.29 340.36 -73.47
520.29 340.36 -73.47
520.29 340.36 -73.47
520.29 340.36 -73.47
520.29 340.36 -73.47
520.29 340.36 -73.47
520.29 340.36 -73.47
520.29 340.36 -73.47
520.29 340.36 -73.47
520.29 340.36 -73.47
518.79 350.86 -80.97
518.79 350.86 -80.97
518.79 350.86 -80.97
518.79 350.86 -80.97
518.79 350.86 -80.97
518.79 350.86 -80.97
518.79 350.86 -80.97
518.79 350.86 -80.97
518.79 350.86 -80.97
518.79 350.86 -80.97
518.79 350.86 -80.97
518.79 350.86 -80.97
509.79 365.85 -92.96
509.79 365.85 -92.96
509.79 365.85 -92.96
509.79 365.85 -92.96
509.79 365.85 -92.96
509.79 365.85 -92.96
509.79 365.85 -92.96
509.79 365.85 -92.96
509.79 365.85 -92.96
509.79 365.85 -92.96
509.79 365.85 -92.96
509.79 365.85 -92.96
509.79 365.85 -92.96
514.29 385.34 -100.46
514.29 385.34 -100.46
514.29 385.34 -100.46
514.29 385.34 -100.46
514.29 385.34 -100.46
514.29 385.34 -100.46
514.29 385.34 -100.46
514.29 385.34 -100.46
514.29 385.34 -100.46
514.29 385.34 -100.46
514.29 385.34 -100.46
514.29 385.34 -100.46
497.80 410.83 -110.95
497.80 410.83 -110.95
497.80 410.83 -110.95
497.80 410.83 -110.95
497.80 410.83 -110.95
497.80 410.83 -110.95
497.80 410.83 -110.95
497.80 410.83 -110.95
497.80 410.83 -110.95
497.80 410.83 -110.95
497.80 410.83 -110.95
497.80 410.83 -110.95
497.80 410.83 -110.95
485.80 422.83 -107.96
485.80 422.83 -107.96
485.80 422.83 -107.96
485.80 422.83 -107.96
485.80 422.83 -107.96
485.80 422.83 -107.96
485.80 422.83 -107.96
485.80 422.83 -107.96
485.80 422.83 -107.96
485.80 422.83 -107.96
485.80 422.83 -107.96
485.80 422.83 -107.96
479.80 437.82 -119.95
479.80 437.82 -119.95
479.80 437.82 -119.95
479.80 437.82 -119.95
479.80 437.82 -119.95
479.80 437.82 -119.95
479.80 437.82 -119.95
479.80 437.82 -119.95
479.80 437.82 -119.95
479.80 437.82 -119.95
479.80 437.82 -119.95
479.80 437.82 -119.95
479.80 437.82 -119.95
482.80 446.82 -128.95
482.80 446.82 -128.95
482.80 446.82 -128.95
482.80 446.82 -128.95
482.80 446.82 -128.95
482.80 446.82 -128.95
482.80 446.82 -128.95
482.80 446.82 -128.95
482.80 446.82 -128.95
482.80 446.82 -128.95
482.80 446.82 -128.95
482.80 446.82 -128.95
470.81 455.81 -131.95
470.81 455.81 -131.95
470.81 455.81 -131.95
470.81 455.81 -131.95
470.81 455.81 -131.95
470.81 455.81 -131.95
470.81 455.81 -131.95
470.81 455.81 -131.95
470.81 455.81 -131.95
470.81 455.81 -131.95
470.81 455.81 -131.95
470.81 455.81 -131.95
470.81 455.81 -131.95
464.81 458.81 -134.95
464.81 458.81 -134.95
464.81 458.81 -134.95
464.81 458.81 -134.95
464.81 458.81 -134.95
464.81 458.81 -134.95
464.81 458.81 -134.95
464.81 458.81 -134.95
464.81 458.81 -134.95
464.81 458.81 -134.95
464.81 458.81 -134.95
464.81 458.81 -134.95
464.81 458.81 -134.95
457.31 469.31 -145.44
457.31 469.31 -145.44
457.31 469.31 -145.44
457.31 469.31 -145.44
457.31 469.31 -145.44
457.31 469.31 -145.44
457.31 469.31 -145.44
457.31 469.31 -145.44
457.31 469.31 -145.44
457.31 469.31 -145.44
457.31 469.31 -145.44
457.31 469.31 -145.44
440.82 482.80 -158.94
440.82 482.80 -158.94
440.82 482.80 -158.94
440.82 482.80 -158.94
440.82 482.80 -158.94
440.82 482.80 -158.94
440.82 482.80 -158.94
440.82 482.80 -158.94
440.82 482.80 -158.94
440.82 482.80 -158.94
440.82 482.80 -158.94
440.82 482.80 -158.94
440.82 482.80 -158.94
430.32 487.30 -157.44
430.32 487.30 -157.44
430.32 487.30 -157.44
430.32 487.30 -157.44
430.32 487.30 -157.44
430.32 487.30 -157.44
430.32 487.30 -157.44
430.32 487.30 -157.44
430.32 487.30 -157.44
430.32 487.30 -157.44
430.32 487.30 -157.44
430.32 487.30 -157.44
425.83 491.80 -158.94
425.83 491.80 -158.94
425.83 491.80 -158.94
425.83 491.80 -158.94
425.83 491.80 -158.94
425.83 491.80 -158.94
425.83 491.80 -158.94
425.83 491.80 -158.94
425.83 491.80 -158.94
425.83 491.80 -158.94
425.83 491.80 -158.94
425.83 491.80 -158.94
425.83 491.80 -158.94
419.83 488.80 -173.93
419.83 488.80 -173.93
419.83 488.80 -173.93
419.83 488.80 -173.93
419.83 488.80 -173.93
419.83 488.80 -173.93
419.83 488.80 -173.93
419.83 488.80 -173.93
419.83 488.80 -173.93
419.83 488.80 -173.93
419.83 488.80 -173.93
419.83 488.80 -173.93
415.33 511.29 -172.43
415.33 511.29 -172.43
415.33 511.29 -172.43
415.33 511.29 -172.43
415.33 511.29 -172.43
415.33 511.29 -172.43
415.33 511.29 -172.43
415.33 511.29 -172.43
415.33 511.29 -172.43
415.33 511.29 -172.43
415.33 511.29 -172.43
415.33 511.29 -172.43
415.33 511.29 -172.43
397.34 508.29 -184.42
397.34 508.29 -184.42
397.34 508.29 -184.42
397.34 508.29 -184.42
397.34 508.29 -184.42
397.34 508.29 -184.42
397.34 508.29 -184.42
397.34 508.29 -184.42
397.34 508.29 -184.42
397.34 508.29 -184.42
397.34 508.29 -184.42
397.34 508.29 -184.42
397.34 508.29 -184.42
400.34 511.29 -181.43
400.34 511.29 -181.43
400.34 511.29 -181.43
400.34 511.29 -181.43
400.34 511.29 -181.43
400.34 511.29 -181.43
400.34 511.29 -181.43
400.34 511.29 -181.43
400.34 511.29 -181.43
400.34 511.29 -181.43
400.34 511.29 -181.43
400.34 511.29 -181.43
373.35 520.29 -169.43
373.35 520.29 -169.43
373.35 520.29 -169.43
373.35 520.29 -169.43
373.35 520.29 -169.43
373.35 520.29 -169.43
373.35 520.29 -169.43
373.35 520.29 -169.43
373.35 520.29 -169.43
373.35 520.29 -169.43
373.35 520.29 -169.43
373.35 520.29 -169.43
373.35 520.29 -169.43
364.35 523.29 -175.43
364.35 523.29 -175.43
364.35 523.29 -175.43
364.35 523.29 -175.43
364.35 523.29 -175.43
364.35 523.29 -175.43
364.35 523.29 -175.43
364.35 523.29 -175.43
364.35 523.29 -175.43
364.35 523.29 -175.43
364.35 523.29 -175.43
364.35 523.29 -175.43
347.86 530.78 -179.93
347.86 530.78 -179.93
347.86 530.78 -179.93
347.86 530.78 -179.93
347.86 530.78 -179.93
347.86 530.78 -179.93
347.86 530.78 -179.93
347.86 530.78 -179.93
347.86 530.78 -179.93
347.86 530.78 -179.93
347.86 530.78 -179.93
347.86 530.78 -179.93
347.86 530.78 -179.93
328.37 547.28 -166.43
328.37 547.28 -166.43
328.37 547.28 -166.43
328.37 547.28 -166.43
328.37 547.28 -166.43
328.37 547.28 -166.43
328.37 547.28 -166.43
328.37 547.28 -166.43
328.37 547.28 -166.43
328.37 547.28 -166.43
328.37 547.28 -166.43
328.37 547.28 -166.43
323.87 530.78 -176.93
323.87 530.78 -176.93
323.87 530.78 -176.93
323.87 530.78 -176.93
323.87 530.78 -176.93
323.87 530.78 -176.93
323.87 530.78 -176.93
323.87 530.78 -176.93
323.87 530.78 -176.93
323.87 530.78 -176.93
323.87 530.78 -176.93
323.87 530.78 -176.93
323.87 530.78 -176.93
299.88 530.78 -167.93
299.88 530.78 -167.93
299.88 530.78 -167.93
299.88 530.78 -167.93
299.88 530.78 -167.93
299.88 530.78 -167.93
299.88 530.78 -167.93
299.88 530.78 -167.93
299.88 530.78 -167.93
299.88 530.78 -167.93
299.88 530.78 -167.93
299.88 530.78 -167.93
295.38 532.28 -172.43
295.38 532.28 -172.43
295.38 532.28 -172.43
295.38 532.28 -172.43
295.38 532.28 -172.43
295.38 532.28 -172.43
295.38 532.28 -172.43
295.38 532.28 -172.43
295.38 532.28 -172.43
295.38 532.28 -172.43
295.38 532.28 -172.43
295.38 532.28 -172.43
295.38 532.28 -172.43
265.39 535.28 -163.43
265.39 535.28 -163.43
265.39 535.28 -163.43
265.39 535.28 -163.43
265.39 535.28 -163.43
265.39 535.28 -163.43
265.39 535.28 -163.43
265.39 535.28 -163.43
265.39 535.28 -163.43
265.39 535.28 -163.43
265.39 535.28 -163.43
265.39 535.28 -163.43
265.39 535.28 -163.43
256.40 529.28 -160.43
256.40 529.28 -160.43
256.40 529.28 -160.43
256.40 529.28 -160.43
256.40 529.28 -160.43
256.40 529.28 -160.43
256.40 529.28 -160.43
256.40 529.28 -160.43
256.40 529.28 -160.43
256.40 529.28 -160.43
256.40 529.28 -160.43
256.40 529.28 -160.43
241.40 517.29 -151.44
241.40 517.29 -151.44
241.40 517.29 -151.44
241.40 517.29 -151.44
241.40 517.29 -151.44
241.40 517.29 -151.44
241.40 517.29 -151.44
241.40 517.29 -151.44
241.40 517.29 -151.44
241.40 517.29 -151.44
241.40 517.29 -151.44
241.40 517.29 -151.44
241.40 517.29 -151.44
238.40 529.28 -151.44
238.40 529.28 -151.44
238.40 529.28 -151.44
238.40 529.28 -151.44
238.40 529.28 -151.44
238.40 529.28 -151.44
238.40 529.28 -151.44
238.40 529.28 -151.44
238.40 529.28 -151.44
238.40 529.28 -151.44
238.40 529.28 -151.44
238.40 529.28 -151.44
209.91 542.78 -146.94
209.91 542.78 -146.94
209.91 542.78 -146.94
209.91 542.78 -146.94
209.91 542.78 -146.94
209.91 542.78 -146.94
209.91 542.78 -146.94
209.91 542.78 -146.94
209.91 542.78 -146.94
209.91 542.78 -146.94
209.91 542.78 -146.94
209.91 542.78 -146.94
209.91 542.78 -146.94
193.42 538.28 -139.44
193.42 538.28 -139.44
193.42 538.28 -139.44
193.42 538.28 -139.44
193.42 538.28 -139.44
193.42 538.28 -139.44
193.42 538.28 -139.44
193.42 538.28 -139.44
193.42 538.28 -139.44
193.42 538.28 -139.44
193.42 538.28 -139.44
193.42 538.28 -139.44
187.42 532.28 -139.44
187.42 532.28 -139.44
187.42 532.28 -139.44
187.42 532.28 -139.44
187.42 532.28 -139.44
187.42 532.28 -139.44
187.42 532.28 -139.44
187.42 532.28 -139.44
187.42 532.28 -139.44
187.42 532.28 -139.44
187.42 532.28 -139.44
187.42 532.28 -139.44
187.42 532.28 -139.44
179.93 545.78 -140.94
179.93 545.78 -140.94
179.93 545.78 -140.94
179.93 545.78 -140.94
179.93 545.78 -140.94
179.93 545.78 -140.94
179.93 545.78 -140.94
179.93 545.78 -140.94
179.93 545.78 -140.94
179.93 545.78 -140.94
179.93 545.78 -140.94
179.93 545.78 -140.94
179.93 545.78 -140.94
157.44 541.28 -145.44
157.44 541.28 -145.44
157.44 541.28 -145.44
157.44 541.28 -145.44
157.44 541.28 -145.44
157.44 541.28 -145.44
157.44 541.28 -145.44
157.44 541.28 -145.44
157.44 541.28 -145.44
157.44 541.28 -145.44
157.44 541.28 -145.44
157.44 541.28 -145.44
151.44 538.28 -136.44
151.44 538.28 -136.44
151.44 538.28 -136.44
151.44 538.28 -136.44
151.44 538.28 -136.44
151.44 538.28 -136.44
151.44 538.28 -136.44
151.44 538.28 -136.44
151.44 538.28 -136.44
151.44 538.28 -136.44
151.44 538.28 -136.44
151.44 538.28 -136.44
151.44 538.28 -136.44
130.45 541.28 -151.44
130.45 541.28 -151.44
130.45 541.28 -151.44
130.45 541.28 -151.44
130.45 541.28 -151.44
130.45 541.28 -151.44
130.45 541.28 -151.44
130.45 541.28 -151.44
130.45 541.28 -151.44
130.45 541.28 -151.44
130.45 541.28 -151.44
130.45 541.28 -151.44
121.45 526.29 -157.44
121.45 526.29 -157.44
121.45 526.29 -157.44
121.45 526.29 -157.44
121.45 526.29 -157.44
121.45 526.29 -157.44
121.45 526.29 -157.44
121.45 526.29 -157.44
121.45 526.29 -157.44
121.45 526.29 -157.44
121.45 526.29 -157.44
121.45 526.29 -157.44
121.45 526.29 -157.44
91.46 508.29 -160.43
91.46 508.29 -160.43
91.46 508.29 -160.43
91.46 508.29 -160.43
91.46 508.29 -160.43
91.46 508.29 -160.43
91.46 508.29 -160.43
91.46 508.29 -160.43
91.46 508.29 -160.43
91.46 508.29 -160.43
91.46 508.29 -160.43
91.46 508.29 -160.43
74.97 503.79 -155.94
74.97 503.79 -155.94
74.97 503.79 -155.94
74.97 503.79 -155.94
74.97 503.79 -155.94
74.97 503.79 -155.94
74.97 503.79 -155.94
74.97 503.79 -155.94
74.97 503.79 -155.94
74.97 503.79 -155.94
74.97 503.79 -155.94
74.97 503.79 -155.94
74.97 503.79 -155.94
62.97 497.80 -161.93
62.97 497.80 -161.93
62.97 497.80 -161.93
62.97 497.80 -161.93
62.97 497.80 -161.93
62.97 497.80 -161.93
62.97 497.80 -161.93
62.97 497.80 -161.93
62.97 497.80 -161.93
62.97 497.80 -161.93
62.97 497.80 -161.93
62.97 497.80 -161.93
53.98 482.80 -161.93
53.98 482.80 -161.93
53.98 482.80 -161.93
53.98 482.80 -161.93
53.98 482.80 -161.93
53.98 482.80 -161.93
53.98 482.80 -161.93
53.98 482.80 -161.93
53.98 482.80 -161.93
53.98 482.80 -161.93
53.98 482.80 -161.93
53.98 482.80 -161.93
53.98 482.80 -161.93
41.98 473.81 -155.94
41.98 473.81 -155.94
41.98 473.81 -155.94
41.98 473.81 -155.94
41.98 473.81 -155.94
41.98 473.81 -155.94
41.98 473.81 -155.94
41.98 473.81 -155.94
41.98 473.81 -155.94
41.98 473.81 -155.94
41.98 473.81 -155.94
41.98 473.81 -155.94
41.98 473.81 -155.94
26.99 458.81 -149.94
26.99 458.81 -149.94
26.99 458.81 -149.94
26.99 458.81 -149.94
26.99 458.81 -149.94
26.99 458.81 -149.94
26.99 458.81 -149.94
26.99 458.81 -149.94
26.99 458.81 -149.94
26.99 458.81 -149.94
26.99 458.81 -149.94
26.99 458.81 -149.94
20.99 455.81 -152.94
20.99 455.81 -152.94
20.99 455.81 -152.94
20.99 455.81 -152.94
20.99 455.81 -152.94
20.99 455.81 -152.94
20.99 455.81 -152.94
20.99 455.81 -152.94
20.99 455.81 -152.94
20.99 455.81 -152.94
20.99 455.81 -152.94
20.99 455.81 -152.94
20.99 455.81 -152.94
7.50 436.32 -160.43
7.50 436.32 -160.43
7.50 436.32 -160.43
7.50 436.32 -160.43
7.50 436.32 -160.43
7.50 436.32 -160.43
7.50 436.32 -160.43
7.50 436.32 -160.43
7.50 436.32 -160.43
7.50 436.32 -160.43
7.50 436.32 -160.43
7.50 436.32 -160.43
7.50 427.33 -148.44
7.50 427.33 -148.44
7.50 427.33 -148.44
7.50 427.33 -148.44
7.50 427.33 -148.44
7.50 427.33 -148.44
7.50 427.33 -148.44
7.50 427.33 -148.44
7.50 427.33 -148.44
7.50 427.33 -148.44
7.50 427.33 -148.44
7.50 427.33 -148.44
7.50 427.33 -148.44
-7.50 421.33 -139.44
-7.50 421.33 -139.44
-7.50 421.33 -139.44
-7.50 421.33 -139.44
-7.50 421.33 -139.44
-7.50 421.33 -139.44
-7.50 421.33 -139.44
-7.50 421.33 -139.44
-7.50 421.33 -139.44
-7.50 421.33 -139.44
-7.50 421.33 -139.44
-7.50 421.33 -139.44
-29.99 407.83 -140.94
-29.99 407.83 -140.94
-29.99 407.83 -140.94
-29.99 407.83 -140.94
-29.99 407.83 -140.94
-29.99 407.83 -140.94
-29.99 407.83 -140.94
-29.99 407.83 -140.94
-29.99 407.83 -140.94
-29.99 407.83 -140.94
-29.99 407.83 -140.94
-29.99 407.83 -140.94
-29.99 407.83 -140.94
-19.49 397.34 -133.45
-19.49 397.34 -133.45
-19.49 397.34 -133.45
-19.49 397.34 -133.45
-19.49 397.34 -133.45
-19.49 397.34 -133.45
-19.49 397.34 -133.45
-19.49 397.34 -133.45
-19.49 397.34 -133.45
-19.49 397.34 -133.45
-19.49 397.34 -133.45
-19.49 397.34 -133.45
-19.49 397.34 -133.45
-23.99 377.85 -134.95
-23.99 377.85 -134.95
-23.99 377.85 -134.95
-23.99 377.85 -134.95
-23.99 377.85 -134.95
-23.99 377.85 -134.95
-23.99 377.85 -134.95
-23.99 377.85 -134.95
-23.99 377.85 -134.95
-23.99 377.85 -134.95
-23.99 377.85 -134.95
-23.99 377.85 -134.95
-32.99 377.85 -143.94
-32.99 377.85 -143.94
-32.99 377.85 -143.94
-32.99 377.85 -143.94
-32.99 377.85 -143.94
-32.99 377.85 -143.94
-32.99 377.85 -143.94
-32.99 377.85 -143.94
-32.99 377.85 -143.94
-32.99 377.85 -143.94
-32.99 377.85 -143.94
-32.99 377.85 -143.94
-32.99 377.85 -143.94
-49.48 364.35 -127.45
-49.48 364.35 -127.45
-49.48 364.35 -127.45
-49.48 364.35 -127.45
-49.48 364.35 -127.45
-49.48 364.35 -127.45
-49.48 364.35 -127.45
-49.48 364.35 -127.45
-49.48 364.35 -127.45
-49.48 364.35 -127.45
-49.48 364.35 -127.45
-49.48 364.35 -127.45
-43.48 355.36 -139.44
-43.48 355.36 -139.44
-43.48 355.36 -139.44
-43.48 355.36 -139.44
-43.48 355.36 -139.44
-43.48 355.36 -139.44
-43.48 355.36 -139.44
-43.48 355.36 -139.44
-43.48 355.36 -139.44
-43.48 355.36 -139.44
-43.48 355.36 -139.44
-43.48 355.36 -139.44
-43.48 355.36 -139.44
-44.98 335.86 -143.94
-44.98 335.86 -143.94
-44.98 335.86 -143.94
-44.98 335.86 -143.94
-44.98 335.86 -143.94
-44.98 335.86 -143.94
-44.98 335.86 -143.94
-44.98 335.86 -143.94
-44.98 335.86 -143.94
-44.98 335.86 -143.94
-44.98 335.86 -143.94
-44.98 335.86 -143.94
-64.47 325.37 -139.44
-64.47 325.37 -139.44
-64.47 325.37 -139.44
-64.47 325.37 -139.44
-64.47 325.37 -139.44
-64.47 325.37 -139.44
-64.47 325.37 -139.44
-64.47 325.37 -139.44
-64.47 325.37 -139.44
-64.47 325.37 -139.44
-64.47 325.37 -139.44
-64.47 325.37 -139.44
-64.47 325.37 -139.44
-61.47 316.37 -148.44
-61.47 316.37 -148.44
-61.47 316.37 -148.44
-61.47 316.37 -148.44
-61.47 316.37 -148.44
-61.47 316.37 -148.44
-61.47 316.37 -148.44
-61.47 316.37 -148.44
-61.47 316.37 -148.44
-61.47 316.37 -148.44
-61.47 316.37 -148.44
-61.47 316.37 -148.44
-62.97 287.88 -149.94
-62.97 287.88 -149.94
-62.97 287.88 -149.94
-62.97 287.88 -149.94
-62.97 287.88 -149.94
-62.97 287.88 -149.94
-62.97 287.88 -149.94
-62.97 287.88 -149.94
-62.97 287.88 -149.94
-62.97 287.88 -149.94
-62.97 287.88 -149.94
-62.97 287.88 -149.94
-62.97 287.88 -149.94
-73.47 259.39 -142.44
-73.47 259.39 -142.44
-73.47 259.39 -142.44
-73.47 259.39 -142.44
-73.47 259.39 -142.44
-73.47 259.39 -142.44
-73.47 259.39 -142.44
-73.47 259.39 -142.44
-73.47 259.39 -142.44
-73.47 259.39 -142.44
-73.47 259.39 -142.44
-73.47 259.39 -142.44
-73.47 259.39 -142.44
-79.47 250.40 -154.44
-79.47 250.40 -154.44
-79.47 250.40 -154.44
-79.47 250.40 -154.44
-79.47 250.40 -154.44
-79.47 250.40 -154.44
-79.47 250.40 -154.44
-79.47 250.40 -154.44
-79.47 250.40 -154.44
-79.47 250.40 -154.44
-79.47 250.40 -154.44
-79.47 250.40 -154.44
-71.97 242.90 -149.94
-71.97 242.90 -149.94
-71.97 242.90 -149.94
-71.97 242.90 -149.94
-71.97 242.90 -149.94
-71.97 242.90 -149.94
-71.97 242.90 -149.94
-71.97 242.90 -149.94
-71.97 242.90 -149.94
-71.97 242.90 -149.94
-71.97 242.90 -149.94
-71.97 242.90 -149.94
-71.97 242.90 -149.94
-74.97 212.91 -158.94
-74.97 212.91 -158.94
-74.97 212.91 -158.94
-74.97 212.91 -158.94
-74.97 212.91 -158.94
-74.97 212.91 -158.94
-74.97 212.91 -158.94
-74.97 212.91 -158.94
-74.97 212.91 -158.94
-74.97 212.91 -158.94
-74.97 212.91 -158.94
-74.97 212.91 -158.94
-68.97 197.92 -155.94
-68.97 197.92 -155.94
-68.97 197.92 -155.94
-68.97 197.92 -155.94
-68.97 197.92 -155.94
-68.97 197.92 -155.94
-68.97 197.92 -155.94
-68.97 197.92 -155.94
-68.97 197.92 -155.94
-68.97 197.92 -155.94
-68.97 197.92 -155.94
-68.97 197.92 -155.94
-68.97 197.92 -155.94
-76.47 181.43 -166.43
-76.47 181.43 -166.43
-76.47 181.43 -166.43
-76.47 181.43 -166.43
-76.47 181.43 -166.43
-76.47 181.43 -166.43
-76.47 181.43 -166.43
-76.47 181.43 -166.43
-76.47 181.43 -166.43
-76.47 181.43 -166.43
-76.47 181.43 -166.43
-76.47 181.43 -166.43
-62.97 155.94 -152.94
-62.97 155.94 -152.94
-62.97 155.94 -152.94
-62.97 155.94 -152.94
-62.97 155.94 -152.94
-62.97 155.94 -152.94
-62.97 155.94 -152.94
-62.97 155.94 -152.94
-62.97 155.94 -152.94
-62.97 155.94 -152.94
-62.97 155.94 -152.94
-62.97 155.94 -152.94
-62.97 155.94 -152.94
-82.47 124.45 -163.43
-82.47 124.45 -163.43
-82.47 124.45 -163.43
-82.47 124.45 -163.43
-82.47 124.45 -163.43
-82.47 124.45 -163.43
-82.47 124.45 -163.43
-82.47 124.45 -163.43
-82.47 124.45 -163.43
-82.47 124.45 -163.43
-82.47 124.45 -163.43
-82.47 124.45 -163.43
-68.97 101.96 -146.94
-68.97 101.96 -146.94
-68.97 101.96 -146.94
-68.97 101.96 -146.94
-68.97 101.96 -146.94
-68.97 101.96 -146.94
-68.97 101.96 -146.94
-68.97 101.96 -146.94
-68.97 101.96 -146.94
-68.97 101.96 -146.94
-68.97 101.96 -146.94
-68.97 101.96 -146.94
-68.97 101.96 -146.94
-80.97 68.97 -137.94
-80.97 68.97 -137.94
-80.97 68.97 -137.94
-80.97 68.97 -137.94
-80.97 68.97 -137.94
-80.97 68.97 -137.94
-80.97 68.97 -137.94
-80.97 68.97 -137.94
-80.97 68.97 -137.94
-80.97 68.97 -137.94
-80.97 68.97 -137.94
-80.97 68.97 -137.94
-62.97 77.97 -137.94
-62.97 77.97 -137.94
-62.97 77.97 -137.94
-62.97 77.97 -137.94
-62.97 77.97 -137.94
-62.97 77.97 -137.94
-62.97 77.97 -137.94
-62.97 77.97 -137.94
-62.97 77.97 -137.94
-62.97 77.97 -137.94
-62.97 77.97 -137.94
-62.97 77.97 -137.94
-62.97 77.97 -137.94
-64.47 64.47 -139.44
-64.47 64.47 -139.44
-64.47 64.47 -139.44
-64.47 64.47 -139.44
-64.47 64.47 -139.44
-64.47 64.47 -139.44
-64.47 64.47 -139.44
-64.47 64.47 -139.44
-64.47 64.47 -139.44
-64.47 64.47 -139.44
-64.47 64.47 -139.44
-64.47 64.47 -139.44
-64.47 64.47 -139.44
-47.98 44.98 -149.94
-47.98 44.98 -149.94
-47.98 44.98 -149.94
-47.98 44.98 -149.94
-47.98 44.98 -149.94
-47.98 44.98 -149.94
-47.98 44.98 -149.94
-47.98 44.98 -149.94
-47.98 44.98 -149.94
-47.98 44.98 -149.94
-47.98 44.98 -149.94
-47.98 44.98 -149.94
-56.98 44.98 -134.95
-56.98 44.98 -134.95
-56.98 44.98 -134.95
-56.98 44.98 -134.95
-56.98 44.98 -134.95
-56.98 44.98 -134.95
-56.98 44.98 -134.95
-56.98 44.98 -134.95
-56.98 44.98 -134.95
-56.98 44.98 -134.95
-56.98 44.98 -134.95
-56.98 44.98 -134.95
-56.98 44.98 -134.95
-46.48 22.49 -133.45
-46.48 22.49 -133.45
-46.48 22.49 -133.45
-46.48 22.49 -133.45
-46.48 22.49 -133.45
-46.48 22.49 -133.45
-46.48 22.49 -133.45
-46.48 22.49 -133.45
-46.48 22.49 -133.45
-46.48 22.49 -133.45
-46.48 22.49 -133.45
-46.48 22.49 -133.45
-32.99 6.00 -143.94
-32.99 6.00 -143.94
-32.99 6.00 -143.94
-32.99 6.00 -143.94
-32.99 6.00 -143.94
-32.99 6.00 -143.94
-32.99 6.00 -143.94
-32.99 6.00 -143.94
-32.99 6.00 -143.94
-32.99 6.00 -143.94
-32.99 6.00 -143.94
-32.99 6.00 -143.94
-32.99 6.00 -143.94
-25.49 -19.49 -142.44
-25.49 -19.49 -142.44
-25.49 -19.49 -142.44
-25.49 -19.49 -142.44
-25.49 -19.49 -142.44
-25.49 -19.49 -142.44
-25.49 -19.49 -142.44
-25.49 -19.49 -142.44
-25.49 -19.49 -142.44
-25.49 -19.49 -142.44
-25.49 -19.49 -142.44
-25.49 -19.49 -142.44
-22.49 -40.48 -139.44
-22.49 -40.48 -139.44
-22.49 -40.48 -139.44
-22.49 -40.48 -139.44
-22.49 -40.48 -139.44
-22.49 -40.48 -139.44
-22.49 -40.48 -139.44
-22.49 -40.48 -139.44
-22.49 -40.48 -139.44
-22.49 -40.48 -139.44
-22.49 -40.48 -139.44
-22.49 -40.48 -139.44
-22.49 -40.48 -139.44
-13.49 -49.48 -130.45
-13.49 -49.48 -130.45
-13.49 -49.48 -130.45
-13.49 -49.48 -130.45
-13.49 -49.48 -130.45
-13.49 -49.48 -130.45
-13.49 -49.48 -130.45
-13.49 -49.48 -130.45
-13.49 -49.48 -130.45
-13.49 -49.48 -130.45
-13.49 -49.48 -130.45
-13.49 -49.48 -130.45
-4.50 -61.47 -130.45
-4.50 -61.47 -130.45
-4.50 -61.47 -130.45
-4.50 -61.47 -130.45
-4.50 -61.47 -130.45
-4.50 -61.47 -130.45
-4.50 -61.47 -130.45
-4.50 -61.47 -130.45
-4.50 -61.47 -130.45
-4.50 -61.47 -130.45
-4.50 -61.47 -130.45
-4.50 -61.47 -130.45
-4.50 -61.47 -130.45
16.49 -79.47 -103.46
16.49 -79.47 -103.46
16.49 -79.47 -103.46
16.49 -79.47 -103.46
16.49 -79.47 -103.46
16.49 -79.47 -103.46
16.49 -79.47 -103.46
16.49 -79.47 -103.46
16.49 -79.47 -103.46
16.49 -79.47 -103.46
16.49 -79.47 -103.46
16.49 -79.47 -103.46
16.49 -79.47 -103.46
25.49 -79.47 -106.46
25.49 -79.47 -106.46
25.49 -79.47 -106.46
25.49 -79.47 -106.46
25.49 -79.47 -106.46
25.49 -79.47 -106.46
25.49 -79.47 -106.46
25.49 -79.47 -106.46
25.49 -79.47 -106.46
25.49 -79.47 -106.46
25.49 -79.47 -106.46
25.49 -79.47 -106.46
40.48 -91.46 -94.46
40.48 -91.46 -94.46
40.48 -91.46 -94.46
40.48 -91.46 -94.46
40.48 -91.46 -94.46
40.48 -91.46 -94.46
40.48 -91.46 -94.46
40.48 -91.46 -94.46
40.48 -91.46 -94.46
40.48 -91.46 -94.46
40.48 -91.46 -94.46
40.48 -91.46 -94.46
40.48 -91.46 -94.46
38.98 -98.96 -95.96
38.98 -98.96 -95.96
38.98 -98.96 -95.96
38.98 -98.96 -95.96
38.98 -98.96 -95.96
38.98 -98.96 -95.96
38.98 -98.96 -95.96
38.98 -98.96 -95.96
38.98 -98.96 -95.96
38.98 -98.96 -95.96
38.98 -98.96 -95.96
38.98 -98.96 -95.96
71.97 -104.96 -92.96
71.97 -104.96 -92.96
71.97 -104.96 -92.96
71.97 -104.96 -92.96
71.97 -104.96 -92.96
71.97 -104.96 -92.96
71.97 -104.96 -92.96
71.97 -104.96 -92.96
71.97 -104.96 -92.96
71.97 -104.96 -92.96
71.97 -104.96 -92.96
71.97 -104.96 -92.96
71.97 -104.96 -92.96
92.96 -122.95 -104.96
92.96 -122.95 -104.96
92.96 -122.95 -104.96
92.96 -122.95 -104.96
92.96 -122.95 -104.96
92.96 -122.95 -104.96
92.96 -122.95 -104.96
92.96 -122.95 -104.96
92.96 -122.95 -104.96
92.96 -122.95 -104.96
92.96 -122.95 -104.96
92.96 -122.95 -104.96
92.96 -131.95 -104.96
92.96 -131.95 -104.96
92.96 -131.95 -104.96
92.96 -131.95 -104.96
92.96 -131.95 -104.96
92.96 -131.95 -104.96
92.96 -131.95 -104.96
92.96 -131.95 -104.96
92.96 -131.95 -104.96
92.96 -131.95 -104.96
92.96 -131.95 -104.96
92.96 -131.95 -104.96
92.96 -131.95 -104.96
112.45 -130.45 -94.46
112.45 -130.45 -94.46
112.45 -130.45 -94.46
112.45 -130.45 -94.46
112.45 -130.45 -94.46
112.45 -130.45 -94.46
112.45 -130.45 -94.46
112.45 -130.45 -94.46
112.45 -130.45 -94.46
112.45 -130.45 -94.46
112.45 -130.45 -94.46
112.45 -130.45 -94.46
118.45 -136.44 -88.46
118.45 -136.44 -88.46
118.45 -136.44 -88.46
118.45 -136.44 -88.46
118.45 -136.44 -88.46
118.45 -136.44 -88.46
118.45 -136.44 -88.46
118.45 -136.44 -88.46
118.45 -136.44 -88.46
118.45 -136.44 -88.46
118.45 -136.44 -88.46
118.45 -136.44 -88.46
118.45 -136.44 -88.46
128.95 -137.94 -101.96
128.95 -137.94 -101.96
128.95 -137.94 -101.96
128.95 -137.94 -101.96
128.95 -137.94 -101.96
128.95 -137.94 -101.96
128.95 -137.94 -101.96
128.95 -137.94 -101.96
128.95 -137.94 -101.96
128.95 -137.94 -101.96
128.95 -137.94 -101.96
128.95 -137.94 -101.96
128.95 -137.94 -101.96
134.95 -122.95 -86.96
134.95 -122.95 -86.96
134.95 -122.95 -86.96
134.95 -122.95 -86.96
134.95 -122.95 -86.96
134.95 -122.95 -86.96
134.95 -122.95 -86.96
134.95 -122.95 -86.96
134.95 -122.95 -86.96
134.95 -122.95 -86.96
134.95 -122.95 -86.96
134.95 -122.95 -86.96
148.44 -124.45 -88.46
148.44 -124.45 -88.46
148.44 -124.45 -88.46
148.44 -124.45 -88.46
148.44 -124.45 -88.46
148.44 -124.45 -88.46
148.44 -124.45 -88.46
148.44 -124.45 -88.46
148.44 -124.45 -88.46
148.44 -124.45 -88.46
148.44 -124.45 -88.46
148.44 -124.45 -88.46
148.44 -124.45 -88.46
173.93 -128.95 -92.96
173.93 -128.95 -92.96
173.93 -128.95 -92.96
173.93 -128.95 -92.96
173.93 -128.95 -92.96
173.93 -128.95 -92.96
173.93 -128.95 -92.96
173.93 -128.95 -92.96
173.93 -128.95 -92.96
173.93 -128.95 -92.96
173.93 -128.95 -92.96
173.93 -128.95 -92.96
187.42 -136.44 -85.47
187.42 -136.44 -85.47
187.42 -136.44 -85.47
187.42 -136.44 -85.47
187.42 -136.44 -85.47
187.42 -136.44 -85.47
187.42 -136.44 -85.47
187.42 -136.44 -85.47
187.42 -136.44 -85.47
187.42 -136.44 -85.47
187.42 -136.44 -85.47
187.42 -136.44 -85.47
187.42 -136.44 -85.47
202.42 -151.44 -100.46
202.42 -151.44 -100.46
202.42 -151.44 -100.46
202.42 -151.44 -100.46
202.42 -151.44 -100.46
202.42 -151.44 -100.46
202.42 -151.44 -100.46
202.42 -151.44 -100.46
202.42 -151.44 -100.46
202.42 -151.44 -100.46
202.42 -151.44 -100.46
202.42 -151.44 -100.46
221.91 -134.95 -86.96
221.91 -134.95 -86.96
221.91 -134.95 -86.96
221.91 -134.95 -86.96
221.91 -134.95 -86.96
221.91 -134.95 -86.96
221.91 -134.95 -86.96
221.91 -134.95 -86.96
221.91 -134.95 -86.96
221.91 -134.95 -86.96
221.91 -134.95 -86.96
221.91 -134.95 -86.96
221.91 -134.95 -86.96
244.40 -145.44 -97.46
244.40 -145.44 -97.46
244.40 -145.44 -97.46
244.40 -145.44 -97.46
244.40 -145.44 -97.46
244.40 -145.44 -97.46
244.40 -145.44 -97.46
244.40 -145.44 -97.46
244.40 -145.44 -97.46
244.40 -145.44 -97.46
244.40 -145.44 -97.46
244.40 -145.44 -97.46
244.40 -145.44 -97.46
250.40 -130.45 -91.46
250.40 -130.45 -91.46
250.40 -130.45 -91.46
250.40 -130.45 -91.46
250.40 -130.45 -91.46
250.40 -130.45 -91.46
250.40 -130.45 -91.46
250.40 -130.45 -91.46
250.40 -130.45 -91.46
250.40 -130.45 -91.46
250.40 -130.45 -91.46
250.40 -130.45 -91.46
251.90 -134.95 -101.96
251.90 -134.95 -101.96
251.90 -134.95 -101.96
251.90 -134.95 -101.96
251.90 -134.95 -101.96
251.90 -134.95 -101.96
251.90 -134.95 -101.96
251.90 -134.95 -101.96
251.90 -134.95 -101.96
251.90 -134.95 -101.96
251.90 -134.95 -101.96
251.90 -134.95 -101.96
251.90 -134.95 -101.96
274.39 -136.44 -91.46
274.39 -136.44 -91.46
274.39 -136.44 -91.46
274.39 -136.44 -91.46
274.39 -136.44 -91.46
274.39 -136.44 -91.46
274.39 -136.44 -91.46
274.39 -136.44 -91.46
274.39 -136.44 -91.46
274.39 -136.44 -91.46
274.39 -136.44 -91.46
274.39 -136.44 -91.46
296.88 -143.94 -98.96
296.88 -143.94 -98.96
296.88 -143.94 -98.96
296.88 -143.94 -98.96
296.88 -143.94 -98.96
296.88 -143.94 -98.96
296.88 -143.94 -98.96
296.88 -143.94 -98.96
296.88 -143.94 -98.96
296.88 -143.94 -98.96
296.88 -143.94 -98.96
296.88 -143.94 -98.96
296.88 -143.94 -98.96
322.37 -130.45 -91.46
322.37 -130.45 -91.46
322.37 -130.45 -91.46
322.37 -130.45 -91.46
322.37 -130.45 -91.46
322.37 -130.45 -91.46
322.37 -130.45 -91.46
322.37 -130.45 -91.46
322.37 -130.45 -91.46
322.37 -130.45 -91.46
322.37 -130.45 -91.46
322.37 -130.45 -91.46
310.37 -124.45 -109.46
310.37 -124.45 -109.46
310.37 -124.45 -109.46
310.37 -124.45 -109.46
310.37 -124.45 -109.46
310.37 -124.45 -109.46
310.37 -124.45 -109.46
310.37 -124.45 -109.46
310.37 -124.45 -109.46
310.37 -124.45 -109.46
310.37 -124.45 -109.46
310.37 -124.45 -109.46
310.37 -124.45 -109.46
335.86 -125.95 -101.96
335.86 -125.95 -101.96
335.86 -125.95 -101.96
335.86 -125.95 -101.96
335.86 -125.95 -101.96
335.86 -125.95 -101.96
335.86 -125.95 -101.96
335.86 -125.95 -101.96
335.86 -125.95 -101.96
335.86 -125.95 -101.96
335.86 -125.95 -101.96
335.86 -125.95 -101.96
358.35 -133.45 -88.46
358.35 -133.45 -88.46
358.35 -133.45 -88.46
358.35 -133.45 -88.46
358.35 -133.45 -88.46
358.35 -133.45 -88.46
358.35 -133.45 -88.46
358.35 -133.45 -88.46
358.35 -133.45 -88.46
358.35 -133.45 -88.46
358.35 -133.45 -88.46
358.35 -133.45 -88.46
358.35 -133.45 -88.46
355.36 -115.45 -88.46
355.36 -115.45 -88.46
355.36 -115.45 -88.46
355.36 -115.45 -88.46
355.36 -115.45 -88.46
355.36 -115.45 -88.46
355.36 -115.45 -88.46
355.36 -115.45 -88.46
355.36 -115.45 -88.46
355.36 -115.45 -88.46
355.36 -115.45 -88.46
355.36 -115.45 -88.46
355.36 -115.45 -88.46
395.84 -110.95 -80.97
395.84 -110.95 -80.97
395.84 -110.95 -80.97
395.84 -110.95 -80.97
395.84 -110.95 -80.97
395.84 -110.95 -80.97
395.84 -110.95 -80.97
395.84 -110.95 -80.97
395.84 -110.95 -80.97
395.84 -110.95 -80.97
395.84 -110.95 -80.97
395.84 -110.95 -80.97
386.84 -95.96 -89.96
386.84 -95.96 -89.96
386.84 -95.96 -89.96
386.84 -95.96 -89.96
386.84 -95.96 -89.96
386.84 -95.96 -89.96
386.84 -95.96 -89.96
386.84 -95.96 -89.96
386.84 -95.96 -89.96
386.84 -95.96 -89.96
386.84 -95.96 -89.96
386.84 -95.96 -89.96
386.84 -95.96 -89.96
406.33 -88.46 -70.47
406.33 -88.46 -70.47
406.33 -88.46 -70.47
406.33 -88.46 -70.47
406.33 -88.46 -70.47
406.33 -88.46 -70.47
406.33 -88.46 -70.47
406.33 -88.46 -70.47
406.33 -88.46 -70.47
406.33 -88.46 -70.47
406.33 -88.46 -70.47
406.33 -88.46 -70.47
430.32 -70.47 -76.47
430.32 -70.47 -76.47
430.32 -70.47 -76.47
430.32 -70.47 -76.47
430.32 -70.47 -76.47
430.32 -70.47 -76.47
430.32 -70.47 -76.47
430.32 -70.47 -76.47
430.32 -70.47 -76.47
430.32 -70.47 -76.47
430.32 -70.47 -76.47
430.32 -70.47 -76.47
430.32 -70.47 -76.47
445.32 -67.47 -73.47
445.32 -67.47 -73.47
445.32 -67.47 -73.47
445.32 -67.47 -73.47
445.32 -67.47 -73.47
445.32 -67.47 -73.47
445.32 -67.47 -73.47
445.32 -67.47 -73.47
445.32 -67.47 -73.47
445.32 -67.47 -73.47
445.32 -67.47 -73.47
445.32 -67.47 -73.47
446.82 -38.98 -68.97
446.82 -38.98 -68.97
446.82 -38.98 -68.97
446.82 -38.98 -68.97
446.82 -38.98 -68.97
446.82 -38.98 -68.97
446.82 -38.98 -68.97
446.82 -38.98 -68.97
446.82 -38.98 -68.97
446.82 -38.98 -68.97
446.82 -38.98 -68.97
446.82 -38.98 -68.97
446.82 -38.98 -68.97
446.82 -29.99 -77.97
446.82 -29.99 -77.97
446.82 -29.99 -77.97
446.82 -29.99 -77.97
446.82 -29.99 -77.97
446.82 -29.99 -77.97
446.82 -29.99 -77.97
446.82 -29.99 -77.97
446.82 -29.99 -77.97
446.82 -29.99 -77.97
446.82 -29.99 -77.97
446.82 -29.99 -77.97
469.31 -7.50 -61.47
469.31 -7.50 -61.47
469.31 -7.50 -61.47
469.31 -7.50 -61.47
469.31 -7.50 -61.47
469.31 -7.50 -61.47
469.31 -7.50 -61.47
469.31 -7.50 -61.47
469.31 -7.50 -61.47
469.31 -7.50 -61.47
469.31 -7.50 -61.47
469.31 -7.50 -61.47
469.31 -7.50 -61.47
479.80 3.00 -83.97
479.80 3.00 -83.97
479.80 3.00 -83.97
479.80 3.00 -83.97
479.80 3.00 -83.97
479.80 3.00 -83.97
479.80 3.00 -83.97
479.80 3.00 -83.97
479.80 3.00 -83.97
479.80 3.00 -83.97
479.80 3.00 -83.97
479.80 3.00 -83.97
479.80 3.00 -83.97
485.80 9.00 -77.97
485.80 9.00 -77.97
485.80 9.00 -77.97
485.80 9.00 -77.97
485.80 9.00 -77.97
485.80 9.00 -77.97
485.80 9.00 -77.97
485.80 9.00 -77.97
485.80 9.00 -77.97
485.80 9.00 -77.97
485.80 9.00 -77.97
485.80 9.00 -77.97
484.30 49.48 -61.47
484.30 49.48 -61.47
484.30 49.48 -61.47
484.30 49.48 -61.47
484.30 49.48 -61.47
484.30 49.48 -61.47
484.30 49.48 -61.47
484.30 49.48 -61.47
484.30 49.48 -61.47
484.30 49.48 -61.47
484.30 49.48 -61.47
484.30 49.48 -61.47
484.30 49.48 -61.47
482.80 47.98 -74.97
482.80 47.98 -74.97
482.80 47.98 -74.97
482.80 47.98 -74.97
482.80 47.98 -74.97
482.80 47.98 -74.97
482.80 47.98 -74.97
482.80 47.98 -74.97
482.80 47.98 -74.97
482.80 47.98 -74.97
482.80 47.98 -74.97
482.80 47.98 -74.97
494.80 68.97 -83.97
494.80 68.97 -83.97
494.80 68.97 -83.97
494.80 68.97 -83.97
494.80 68.97 -83.97
494.80 68.97 -83.97
494.80 68.97 -83.97
494.80 68.97 -83.97
494.80 68.97 -83.97
494.80 68.97 -83.97
494.80 68.97 -83.97
494.80 68.97 -83.97
494.80 68.97 -83.97
506.79 71.97 -80.97
506.79 71.97 -80.97
506.79 71.97 -80.97
506.79 71.97 -80.97
506.79 71.97 -80.97
506.79 71.97 -80.97
506.79 71.97 -80.97
506.79 71.97 -80.97
506.79 71.97 -80.97
506.79 71.97 -80.97
506.79 71.97 -80.97
506.79 71.97 -80.97
509.79 104.96 -83.97
509.79 104.96 -83.97
509.79 104.96 -83.97
509.79 104.96 -83.97
509.79 104.96 -83.97
509.79 104.96 -83.97
509.79 104.96 -83.97
509.79 104.96 -83.97
509.79 104.96 -83.97
509.79 104.96 -83.97
509.79 104.96 -83.97
509.79 104.96 -83.97
509.79 104.96 -83.97
506.79 110.95 -101.96
506.79 110.95 -101.96
506.79 110.95 -101.96
506.79 110.95 -101.96
506.79 110.95 -101.96
506.79 110.95 -101.96
506.79 110.95 -101.96
506.79 110.95 -101.96
506.79 110.95 -101.96
506.79 110.95 -101.96
506.79 110.95 -101.96
506.79 110.95 -101.96
506.79 110.95 -101.96
503.79 122.95 -89.96
503.79 122.95 -89.96
503.79 122.95 -89.96
503.79 122.95 -89.96
503.79 122.95 -89.96
503.79 122.95 -89.96
503.79 122.95 -89.96
503.79 122.95 -89.96
503.79 122.95 -89.96
503.79 122.95 -89.96
503.79 122.95 -89.96
503.79 122.95 -89.96
500.80 131.95 -95.96
500.80 131.95 -95.96
500.80 131.95 -95.96
500.80 131.95 -95.96
500.80 131.95 -95.96
500.80 131.95 -95.96
500.80 131.95 -95.96
500.80 131.95 -95.96
500.80 131.95 -95.96
500.80 131.95 -95.96
500.80 131.95 -95.96
500.80 131.95 -95.96
500.80 131.95 -95.96
514.29 142.44 -106.46
514.29 142.44 -106.46
514.29 142.44 -106.46
514.29 142.44 -106.46
514.29 142.44 -106.46
514.29 142.44 -106.46
514.29 142.44 -106.46
514.29 142.44 -106.46
514.29 142.44 -106.46
514.29 142.44 -106.46
514.29 142.44 -106.46
514.29 142.44 -106.46
496.30 157.44 -106.46
496.30 157.44 -106.46
496.30 157.44 -106.46
496.30 157.44 -106.46
496.30 157.44 -106.46
496.30 157.44 -106.46
496.30 157.44 -106.46
496.30 157.44 -106.46
496.30 157.44 -106.46
496.30 157.44 -106.46
496.30 157.44 -106.46
496.30 157.44 -106.46
496.30 157.44 -106.46
512.79 164.93 -95.96
512.79 164.93 -95.96
512.79 164.93 -95.96
512.79 164.93 -95.96
512.79 164.93 -95.96
512.79 164.93 -95.96
512.79 164.93 -95.96
512.79 164.93 -95.96
512.79 164.93 -95.96
512.79 164.93 -95.96
512.79 164.93 -95.96
512.79 164.93 -95.96
512.79 176.93 -92.96
512.79 176.93 -92.96
512.79 176.93 -92.96
512.79 176.93 -92.96
512.79 176.93 -92.96
512.79 176.93 -92.96
512.79 176.93 -92.96
512.79 176.93 -92.96
512.79 176.93 -92.96
512.79 176.93 -92.96
512.79 176.93 -92.96
512.79 176.93 -92.96
512.79 176.93 -92.96
517.29 172.43 -97.46
517.29 172.43 -97.46
517.29 172.43 -97.46
517.29 172.43 -97.46
517.29 172.43 -97.46
517.29 172.43 -97.46
517.29 172.43 -97.46
517.29 172.43 -97.46
517.29 172.43 -97.46
517.29 172.43 -97.46
517.29 172.43 -97.46
517.29 172.43 -97.46
514.29 175.43 -91.46
514.29 175.43 -91.46
514.29 175.43 -91.46
514.29 175.43 -91.46
514.29 175.43 -91.46
514.29 175.43 -91.46
514.29 175.43 -91.46
514.29 175.43 -91.46
514.29 175.43 -91.46
514.29 175.43 -91.46
514.29 175.43 -91.46
514.29 175.43 -91.46
514.29 175.43 -91.46
524.79 203.92 -89.96
524.79 203.92 -89.96
524.79 203.92 -89.96
524.79 203.92 -89.96
524.79 203.92 -89.96
524.79 203.92 -89.96
524.79 203.92 -89.96
524.79 203.92 -89.96
524.79 203.92 -89.96
524.79 203.92 -89.96
524.79 203.92 -89.96
524.79 203.92 -89.96
524.79 203.92 -89.96
517.29 205.42 -91.46
517.29 205.42 -91.46
517.29 205.42 -91.46
517.29 205.42 -91.46
517.29 205.42 -91.46
517.29 205.42 -91.46
517.29 205.42 -91.46
517.29 205.42 -91.46
517.29 205.42 -91.46
517.29 205.42 -91.46
517.29 205.42 -91.46
517.29 205.42 -91.46
527.79 218.91 -83.97
527.79 218.91 -83.97
527.79 218.91 -83.97
527.79 218.91 -83.97
527.79 218.91 -83.97
527.79 218.91 -83.97
527.79 218.91 -83.97
527.79 218.91 -83.97
527.79 218.91 -83.97
527.79 218.91 -83.97
527.79 218.91 -83.97
527.79 218.91 -83.97
527.79 218.91 -83.97
545.78 248.90 -65.97
545.78 248.90 -65.97
545.78 248.90 -65.97
545.78 248.90 -65.97
545.78 248.90 -65.97
545.78 248.90 -65.97
545.78 248.90 -65.97
545.78 248.90 -65.97
545.78 248.90 -65.97
545.78 248.90 -65.97
545.78 248.90 -65.97
545.78 248.90 -65.97
532.28 247.40 -70.47
532.28 247.40 -70.47
532.28 247.40 -70.47
532.28 247.40 -70.47
532.28 247.40 -70.47
532.28 247.40 -70.47
532.28 247.40 -70.47
532.28 247.40 -70.47
532.28 247.40 -70.47
532.28 247.40 -70.47
532.28 247.40 -70.47
532.28 247.40 -70.47
532.28 247.40 -70.47
526.29 277.39 -58.48
526.29 277.39 -58.48
526.29 277.39 -58.48
526.29 277.39 -58.48
526.29 277.39 -58.48
526.29 277.39 -58.48
526.29 277.39 -58.48
526.29 277.39 -58.48
526.29 277.39 -58.48
526.29 277.39 -58.48
526.29 277.39 -58.48
526.29 277.39 -58.48
536.78 311.87 -65.97
536.78 311.87 -65.97
536.78 311.87 -65.97
536.78 311.87 -65.97
536.78 311.87 -65.97
536.78 311.87 -65.97
536.78 311.87 -65.97
536.78 311.87 -65.97
536.78 311.87 -65.97
536.78 311.87 -65.97
536.78 311.87 -65.97
536.78 311.87 -65.97
536.78 311.87 -65.97
526.29 343.36 -73.47
526.29 343.36 -73.47
526.29 343.36 -73.47
526.29 343.36 -73.47
526.29 343.36 -73.47
526.29 343.36 -73.47
526.29 343.36 -73.47
526.29 343.36 -73.47
526.29 343.36 -73.47
526.29 343.36 -73.47
526.29 343.36 -73.47
526.29 343.36 -73.47
526.29 343.36 -73.47
530.78 350.86 -80.97
530.78 350.86 -80.97
530.78 350.86 -80.97
530.78 350.86 -80.97
530.78 350.86 -80.97
530.78 350.86 -80.97
530.78 350.86 -80.97
530.78 350.86 -80.97
530.78 350.86 -80.97
530.78 350.86 -80.97
530.78 350.86 -80.97
530.78 350.86 -80.97
515.79 368.85 -98.96
515.79 368.85 -98.96
515.79 368.85 -98.96
515.79 368.85 -98.96
515.79 368.85 -98.96
515.79 368.85 -98.96
515.79 368.85 -98.96
515.79 368.85 -98.96
515.79 368.85 -98.96
515.79 368.85 -98.96
515.79 368.85 -98.96
515.79 368.85 -98.96
515.79 368.85 -98.96
511.29 388.34 -97.46
511.29 388.34 -97.46
511.29 388.34 -97.46
511.29 388.34 -97.46
511.29 388.34 -97.46
511.29 388.34 -97.46
511.29 388.34 -97.46
511.29 388.34 -97.46
511.29 388.34 -97.46
511.29 388.34 -97.46
511.29 388.34 -97.46
511.29 388.34 -97.46
493.30 397.34 -109.46
493.30 397.34 -109.46
493.30 397.34 -109.46
493.30 397.34 -109.46
493.30 397.34 -109.46
493.30 397.34 -109.46
493.30 397.34 -109.46
493.30 397.34 -109.46
493.30 397.34 -109.46
493.30 397.34 -109.46
493.30 397.34 -109.46
493.30 397.34 -109.46
493.30 397.34 -109.46
496.30 415.33 -121.45
496.30 415.33 -121.45
496.30 415.33 -121.45
496.30 415.33 -121.45
496.30 415.33 -121.45
496.30 415.33 -121.45
496.30 415.33 -121.45
496.30 415.33 -121.45
496.30 415.33 -121.45
496.30 415.33 -121.45
496.30 415.33 -121.45
496.30 415.33 -121.45
497.80 434.82 -119.95
497.80 434.82 -119.95
497.80 434.82 -119.95
497.80 434.82 -119.95
497.80 434.82 -119.95
497.80 434.82 -119.95
497.80 434.82 -119.95
497.80 434.82 -119.95
497.80 434.82 -119.95
497.80 434.82 -119.95
497.80 434.82 -119.95
497.80 434.82 -119.95
497.80 434.82 -119.95
476.81 437.82 -131.95
476.81 437.82 -131.95
476.81 437.82 -131.95
476.81 437.82 -131.95
476.81 437.82 -131.95
476.81 437.82 -131.95
476.81 437.82 -131.95
476.81 437.82 -131.95
476.81 437.82 -131.95
476.81 437.82 -131.95
476.81 437.82 -131.95
476.81 437.82 -131.95
469.31 451.32 -139.44
469.31 451.32 -139.44
469.31 451.32 -139.44
469.31 451.32 -139.44
469.31 451.32 -139.44
469.31 451.32 -139.44
469.31 451.32 -139.44
469.31 451.32 -139.44
469.31 451.32 -139.44
469.31 451.32 -139.44
469.31 451.32 -139.44
469.31 451.32 -139.44
469.31 451.32 -139.44
442.32 460.31 -139.44
442.32 460.31 -139.44
442.32 460.31 -139.44
442.32 460.31 -139.44
442.32 460.31 -139.44
442.32 460.31 -139.44
442.32 460.31 -139.44
442.32 460.31 -139.44
442.32 460.31 -139.44
442.32 460.31 -139.44
442.32 460.31 -139.44
442.32 460.31 -139.44
442.32 460.31 -139.44
436.32 460.31 -151.44
436.32 460.31 -151.44
436.32 460.31 -151.44
436.32 460.31 -151.44
436.32 460.31 -151.44
436.32 460.31 -151.44
436.32 460.31 -151.44
436.32 460.31 -151.44
436.32 460.31 -151.44
436.32 460.31 -151.44
436.32 460.31 -151.44
436.32 460.31 -151.44
434.82 482.80 -149.94
434.82 482.80 -149.94
434.82 482.80 -149.94
434.82 482.80 -149.94
434.82 482.80 -149.94
434.82 482.80 -149.94
434.82 482.80 -149.94
434.82 482.80 -149.94
434.82 482.80 -149.94
434.82 482.80 -149.94
434.82 482.80 -149.94
434.82 482.80 -149.94
434.82 482.80 -149.94
431.82 491.80 -155.94
431.82 491.80 -155.94
431.82 491.80 -155.94
431.82 491.80 -155.94
431.82 491.80 -155.94
431.82 491.80 -155.94
431.82 491.80 -155.94
431.82 491.80 -155.94
431.82 491.80 -155.94
431.82 491.80 -155.94
431.82 491.80 -155.94
431.82 491.80 -155.94
421.33 499.30 -157.44
421.33 499.30 -157.44
421.33 499.30 -157.44
421.33 499.30 -157.44
421.33 499.30 -157.44
421.33 499.30 -157.44
421.33 499.30 -157.44
421.33 499.30 -157.44
421.33 499.30 -157.44
421.33 499.30 -157.44
421.33 499.30 -157.44
421.33 499.30 -157.44
421.33 499.30 -157.44
428.83 503.79 -164.93
428.83 503.79 -164.93
428.83 503.79 -164.93
428.83 503.79 -164.93
428.83 503.79 -164.93
428.83 503.79 -164.93
428.83 503.79 -164.93
428.83 503.79 -164.93
428.83 503.79 -164.93
428.83 503.79 -164.93
428.83 503.79 -164.93
428.83 503.79 -164.93
412.33 502.30 -175.43
412.33 502.30 -175.43
412.33 502.30 -175.43
412.33 502.30 -175.43
412.33 502.30 -175.43
412.33 502.30 -175.43
412.33 502.30 -175.43
412.33 502.30 -175.43
412.33 502.30 -175.43
412.33 502.30 -175.43
412.33 502.30 -175.43
412.33 502.30 -175.43
412.33 502.30 -175.43
392.84 494.80 -167.93
392.84 494.80 -167.93
392.84 494.80 -167.93
392.84 494.80 -167.93
392.84 494.80 -167.93
392.84 494.80 -167.93
392.84 494.80 -167.93
392.84 494.80 -167.93
392.84 494.80 -167.93
392.84 494.80 -167.93
392.84 494.80 -167.93
392.84 494.80 -167.93
392.84 494.80 -167.93
383.84 497.80 -173.93
383.84 497.80 -173.93
383.84 497.80 -173.93
383.84 497.80 -173.93
383.84 497.80 -173.93
383.84 497.80 -173.93
383.84 497.80 -173.93
383.84 497.80 -173.93
383.84 497.80 -173.93
383.84 497.80 -173.93
383.84 497.80 -173.93
383.84 497.80 -173.93
380.84 509.79 -158.94
380.84 509.79 -158.94
380.84 509.79 -158.94
380.84 509.79 -158.94
380.84 509.79 -158.94
380.84 509.79 -158.94
380.84 509.79 -158.94
380.84 509.79 -158.94
380.84 509.79 -158.94
380.84 509.79 -158.94
380.84 509.79 -158.94
380.84 509.79 -158.94
380.84 509.79 -158.94
376.35 517.29 -172.43
376.35 517.29 -172.43
376.35 517.29 -172.43
376.35 517.29 -172.43
376.35 517.29 -172.43
376.35 517.29 -172.43
376.35 517.29 -172.43
376.35 517.29 -172.43
376.35 517.29 -172.43
376.35 517.29 -172.43
376.35 517.29 -172.43
376.35 517.29 -172.43
350.86 524.79 -173.93
350.86 524.79 -173.93
350.86 524.79 -173.93
350.86 524.79 -173.93
350.86 524.79 -173.93
350.86 524.79 -173.93
350.86 524.79 -173.93
350.86 524.79 -173.93
350.86 524.79 -173.93
350.86 524.79 -173.93
350.86 524.79 -173.93
350.86 524.79 -173.93
350.86 524.79 -173.93
332.86 530.78 -167.93
332.86 530.78 -167.93
332.86 530.78 -167.93
332.86 530.78 -167.93
332.86 530.78 -167.93
332.86 530.78 -167.93
332.86 530.78 -167.93
332.86 530.78 -167.93
332.86 530.78 -167.93
332.86 530.78 -167.93
332.86 530.78 -167.93
332.86 530.78 -167.93
310.37 544.28 -169.43
310.37 544.28 -169.43
310.37 544.28 -169.43
310.37 544.28 -169.43
310.37 544.28 -169.43
310.37 544.28 -169.43
310.37 544.28 -169.43
310.37 544.28 -169.43
310.37 544.28 -169.43
310.37 544.28 -169.43
310.37 544.28 -169.43
310.37 544.28 -169.43
310.37 544.28 -169.43
304.38 523.29 -166.43
304.38 523.29 -166.43
304.38 523.29 -166.43
304.38 523.29 -166.43
304.38 523.29 -166.43
304.38 523.29 -166.43
304.38 523.29 -166.43
304.38 523.29 -166.43
304.38 523.29 -166.43
304.38 523.29 -166.43
304.38 523.29 -166.43
304.38 523.29 -166.43
296.88 536.78 -167.93
296.88 536.78 -167.93
296.88 536.78 -167.93
296.88 536.78 -167.93
296.88 536.78 -167.93
296.88 536.78 -167.93
296.88 536.78 -167.93
296.88 536.78 -167.93
296.88 536.78 -167.93
296.88 536.78 -167.93
296.88 536.78 -167.93
296.88 536.78 -167.93
296.88 536.78 -167.93
284.88 527.79 -173.93
284.88 527.79 -173.93
284.88 527.79 -173.93
284.88 527.79 -173.93
284.88 527.79 -173.93
284.88 527.79 -173.93
284.88 527.79 -173.93
284.88 527.79 -173.93
284.88 527.79 -173.93
284.88 527.79 -173.93
284.88 527.79 -173.93
284.88 527.79 -173.93
284.88 527.79 -173.93
262.39 529.28 -166.43
262.39 529.28 -166.43
262.39 529.28 -166.43
262.39 529.28 -166.43
262.39 529.28 -166.43
262.39 529.28 -166.43
262.39 529.28 -166.43
262.39 529.28 -166.43
262.39 529.28 -166.43
262.39 529.28 -166.43
262.39 529.28 -166.43
262.39 529.28 -166.43
257.89 536.78 -164.93
257.89 536.78 -164.93
257.89 536.78 -164.93
257.89 536.78 -164.93
257.89 536.78 -164.93
257.89 536.78 -164.93
257.89 536.78 -164.93
257.89 536.78 -164.93
257.89 536.78 -164.93
257.89 536.78 -164.93
257.89 536.78 -164.93
257.89 536.78 -164.93
257.89 536.78 -164.93
236.90 533.78 -155.94
236.90 533.78 -155.94
236.90 533.78 -155.94
236.90 533.78 -155.94
236.90 533.78 -155.94
236.90 533.78 -155.94
236.90 533.78 -155.94
236.90 533.78 -155.94
236.90 533.78 -155.94
236.90 533.78 -155.94
236.90 533.78 -155.94
236.90 533.78 -155.94
218.91 530.78 -149.94
218.91 530.78 -149.94
218.91 530.78 -149.94
218.91 530.78 -149.94
218.91 530.78 -149.94
218.91 530.78 -149.94
218.91 530.78 -149.94
218.91 530.78 -149.94
218.91 530.78 -149.94
218.91 530.78 -149.94
218.91 530.78 -149.94
218.91 530.78 -149.94
218.91 530.78 -149.94
203.92 518.79 -137.94
203.92 518.79 -137.94
203.92 518.79 -137.94
203.92 518.79 -137.94
203.92 518.79 -137.94
203.92 518.79 -137.94
203.92 518.79 -137.94
203.92 518.79 -137.94
203.92 518.79 -137.94
203.92 518.79 -137.94
203.92 518.79 -137.94
203.92 518.79 -137.94
193.42 538.28 -136.44
193.42 538.28 -136.44
193.42 538.28 -136.44
193.42 538.28 -136.44
193.42 538.28 -136.44
193.42 538.28 -136.44
193.42 538.28 -136.44
193.42 538.28 -136.44
193.42 538.28 -136.44
193.42 538.28 -136.44
193.42 538.28 -136.44
193.42 538.28 -136.44
193.42 538.28 -136.44
184.42 541.28 -130.45
184.42 541.28 -130.45
184.42 541.28 -130.45
184.42 541.28 -130.45
184.42 541.28 -130.45
184.42 541.28 -130.45
184.42 541.28 -130.45
184.42 541.28 -130.45
184.42 541.28 -130.45
184.42 541.28 -130.45
184.42 541.28 -130.45
184.42 541.28 -130.45
184.42 541.28 -130.45
173.93 545.78 -140.94
173.93 545.78 -140.94
173.93 545.78 -140.94
173.93 545.78 -140.94
173.93 545.78 -140.94
173.93 545.78 -140.94
173.93 545.78 -140.94
173.93 545.78 -140.94
173.93 545.78 -140.94
173.93 545.78 -140.94
173.93 545.78 -140.94
173.93 545.78 -140.94
145.44 550.28 -145.44
145.44 550.28 -145.44
145.44 550.28 -145.44
145.44 550.28 -145.44
145.44 550.28 -145.44
145.44 550.28 -145.44
145.44 550.28 -145.44
145.44 550.28 -145.44
145.44 550.28 -145.44
145.44 550.28 -145.44
145.44 550.28 -145.44
145.44 550.28 -145.44
145.44 550.28 -145.44
131.95 527.79 -140.94
131.95 527.79 -140.94
131.95 527.79 -140.94
131.95 527.79 -140.94
131.95 527.79 -140.94
131.95 527.79 -140.94
131.95 527.79 -140.94
131.95 527.79 -140.94
131.95 527.79 -140.94
131.95 527.79 -140.94
131.95 527.79 -140.94
131.95 527.79 -140.94
133.45 526.29 -154.44
133.45 526.29 -154.44
133.45 526.29 -154.44
133.45 526.29 -154.44
133.45 526.29 -154.44
133.45 526.29 -154.44
133.45 526.29 -154.44
133.45 526.29 -154.44
133.45 526.29 -154.44
133.45 526.29 -154.44
133.45 526.29 -154.44
133.45 526.29 -154.44
133.45 526.29 -154.44
110.95 512.79 -155.94
110.95 512.79 -155.94
110.95 512.79 -155.94
110.95 512.79 -155.94
110.95 512.79 -155.94
110.95 512.79 -155.94
110.95 512.79 -155.94
110.95 512.79 -155.94
110.95 512.79 -155.94
110.95 512.79 -155.94
110.95 512.79 -155.94
110.95 512.79 -155.94
101.96 509.79 -167.93
101.96 509.79 -167.93
101.96 509.79 -167.93
101.96 509.79 -167.93
101.96 509.79 -167.93
101.96 509.79 -167.93
101.96 509.79 -167.93
101.96 509.79 -167.93
101.96 509.79 -167.93
101.96 509.79 -167.93
101.96 509.79 -167.93
101.96 509.79 -167.93
101.96 509.79 -167.93
74.97 500.80 -164.93
74.97 500.80 -164.93
74.97 500.80 -164.93
74.97 500.80 -164.93
74.97 500.80 -164.93
74.97 500.80 -164.93
74.97 500.80 -164.93
74.97 500.80 -164.93
74.97 500.80 -164.93
74.97 500.80 -164.93
74.97 500.80 -164.93
74.97 500.80 -164.93
67.47 487.30 -160.43
67.47 487.30 -160.43
67.47 487.30 -160.43
67.47 487.30 -160.43
67.47 487.30 -160.43
67.47 487.30 -160.43
67.47 487.30 -160.43
67.47 487.30 -160.43
67.47 487.30 -160.43
67.47 487.30 -160.43
67.47 487.30 -160.43
67.47 487.30 -160.43
67.47 487.30 -160.43
46.48 481.30 -160.43
46.48 481.30 -160.43
46.48 481.30 -160.43
46.48 481.30 -160.43
46.48 481.30 -160.43
46.48 481.30 -160.43
46.48 481.30 -160.43
46.48 481.30 -160.43
46.48 481.30 -160.43
46.48 481.30 -160.43
46.48 481.30 -160.43
46.48 481.30 -160.43
46.48 481.30 -160.43
38.98 476.81 -158.94
38.98 476.81 -158.94
38.98 476.81 -158.94
38.98 476.81 -158.94
38.98 476.81 -158.94
38.98 476.81 -158.94
38.98 476.81 -158.94
38.98 476.81 -158.94
38.98 476.81 -158.94
38.98 476.81 -158.94
38.98 476.81 -158.94
38.98 476.81 -158.94
22.49 472.31 -157.44
22.49 472.31 -157.44
22.49 472.31 -157.44
22.49 472.31 -157.44
22.49 472.31 -157.44
22.49 472.31 -157.44
22.49 472.31 -157.44
22.49 472.31 -157.44
22.49 472.31 -157.44
22.49 472.31 -157.44
22.49 472.31 -157.44
22.49 472.31 -157.44
22.49 472.31 -157.44
22.49 451.32 -154.44
22.49 451.32 -154.44
22.49 451.32 -154.44
22.49 451.32 -154.44
22.49 451.32 -154.44
22.49 451.32 -154.44
22.49 451.32 -154.44
22.49 451.32 -154.44
22.49 451.32 -154.44
22.49 451.32 -154.44
22.49 451.32 -154.44
22.49 451.32 -154.44
13.49 436.32 -142.44
13.49 436.32 -142.44
13.49 436.32 -142.44
13.49 436.32 -142.44
13.49 436.32 -142.44
13.49 436.32 -142.44
13.49 436.32 -142.44
13.49 436.32 -142.44
13.49 436.32 -142.44
13.49 436.32 -142.44
13.49 436.32 -142.44
13.49 436.32 -142.44
13.49 436.32 -142.44
-4.50 430.32 -127.45
-4.50 430.32 -127.45
-4.50 430.32 -127.45
-4.50 430.32 -127.45
-4.50 430.32 -127.45
-4.50 430.32 -127.45
-4.50 430.32 -127.45
-4.50 430.32 -127.45
-4.50 430.32 -127.45
-4.50 430.32 -127.45
-4.50 430.32 -127.45
-4.50 430.32 -127.45
-12.00 404.84 -140.94
-12.00 404.84 -140.94
-12.00 404.84 -140.94
-12.00 404.84 -140.94
-12.00 404.84 -140.94
-12.00 404.84 -140.94
-12.00 404.84 -140.94
-12.00 404.84 -140.94
-12.00 404.84 -140.94
-12.00 404.84 -140.94
-12.00 404.84 -140.94
-12.00 404.84 -140.94
-12.00 404.84 -140.94
-26.99 395.84 -149.94
-26.99 395.84 -149.94
-26.99 395.84 -149.94
-26.99 395.84 -149.94
-26.99 395.84 -149.94
-26.99 395.84 -149.94
-26.99 395.84 -149.94
-26.99 395.84 -149.94
-26.99 395.84 -149.94
-26.99 395.84 -149.94
-26.99 395.84 -149.94
-26.99 395.84 -149.94
-26.99 395.84 -149.94
-25.49 391.34 -145.44
-25.49 391.34 -145.44
-25.49 391.34 -145.44
-25.49 391.34 -145.44
-25.49 391.34 -145.44
-25.49 391.34 -145.44
-25.49 391.34 -145.44
-25.49 391.34 -145.44
-25.49 391.34 -145.44
-25.49 391.34 -145.44
-25.49 391.34 -145.44
-25.49 391.34 -145.44
-29.99 389.84 -143.94
-29.99 389.84 -143.94
-29.99 389.84 -143.94
-29.99 389.84 -143.94
-29.99 389.84 -143.94
-29.99 389.84 -143.94
-29.99 389.84 -143.94
-29.99 389.84 -143.94
-29.99 389.84 -143.94
-29.99 389.84 -143.94
-29.99 389.84 -143.94
-29.99 389.84 -143.94
-29.99 389.84 -143.94
-37.48 379.35 -130.45
-37.48 379.35 -130.45
-37.48 379.35 -130.45
-37.48 379.35 -130.45
-37.48 379.35 -130.45
-37.48 379.35 -130.45
-37.48 379.35 -130.45
-37.48 379.35 -130.45
-37.48 379.35 -130.45
-37.48 379.35 -130.45
-37.48 379.35 -130.45
-37.48 379.35 -130.45
-41.98 374.85 -134.95
-41.98 374.85 -134.95
-41.98 374.85 -134.95
-41.98 374.85 -134.95
-41.98 374.85 -134.95
-41.98 374.85 -134.95
-41.98 374.85 -134.95
-41.98 374.85 -134.95
-41.98 374.85 -134.95
-41.98 374.85 -134.95
-41.98 374.85 -134.95
-41.98 374.85 -134.95
-41.98 374.85 -134.95
-55.48 355.36 -127.45
-55.48 355.36 -127.45
-55.48 355.36 -127.45
-55.48 355.36 -127.45
-55.48 355.36 -127.45
-55.48 355.36 -127.45
-55.48 355.36 -127.45
-55.48 355.36 -127.45
-55.48 355.36 -127.45
-55.48 355.36 -127.45
-55.48 355.36 -127.45
-55.48 355.36 -127.45
-46.48 340.36 -148.44
-46.48 340.36 -148.44
-46.48 340.36 -148.44
-46.48 340.36 -148.44
-46.48 340.36 -148.44
-46.48 340.36 -148.44
-46.48 340.36 -148.44
-46.48 340.36 -148.44
-46.48 340.36 -148.44
-46.48 340.36 -148.44
-46.48 340.36 -148.44
-46.48 340.36 -148.44
-46.48 340.36 -148.44
-50.98 317.87 -158.94
-50.98 317.87 -158.94
-50.98 317.87 -158.94
-50.98 317.87 -158.94
-50.98 317.87 -158.94
-50.98 317.87 -158.94
-50.98 317.87 -158.94
-50.98 317.87 -158.94
-50.98 317.87 -158.94
-50.98 317.87 -158.94
-50.98 317.87 -158.94
-50.98 317.87 -158.94
-64.47 301.38 -154.44
-64.47 301.38 -154.44
-64.47 301.38 -154.44
-64.47 301.38 -154.44
-64.47 301.38 -154.44
-64.47 301.38 -154.44
-64.47 301.38 -154.44
-64.47 301.38 -154.44
-64.47 301.38 -154.44
-64.47 301.38 -154.44
-64.47 301.38 -154.44
-64.47 301.38 -154.44
-64.47 301.38 -154.44
-67.47 298.38 -157.44
-67.47 298.38 -157.44
-67.47 298.38 -157.44
-67.47 298.38 -157.44
-67.47 298.38 -157.44
-67.47 298.38 -157.44
-67.47 298.38 -157.44
-67.47 298.38 -157.44
-67.47 298.38 -157.44
-67.47 298.38 -157.44
-67.47 298.38 -157.44
-67.47 298.38 -157.44
-67.47 298.38 -157.44
-62.97 287.88 -146.94
-62.97 287.88 -146.94
-62.97 287.88 -146.94
-62.97 287.88 -146.94
-62.97 287.88 -146.94
-62.97 287.88 -146.94
-62.97 287.88 -146.94
-62.97 287.88 -146.94
-62.97 287.88 -146.94
-62.97 287.88 -146.94
-62.97 287.88 -146.94
-62.97 287.88 -146.94
-71.97 263.89 -170.93
-71.97 263.89 -170.93
-71.97 263.89 -170.93
-71.97 263.89 -170.93
-71.97 263.89 -170.93
-71.97 263.89 -170.93
-71.97 263.89 -170.93
-71.97 263.89 -170.93
-71.97 263.89 -170.93
-71.97 263.89 -170.93
-71.97 263.89 -170.93
-71.97 263.89 -170.93
-71.97 263.89 -170.93
-67.47 241.40 -148.44
-67.47 241.40 -148.44
-67.47 241.40 -148.44
-67.47 241.40 -148.44
-67.47 241.40 -148.44
-67.47 241.40 -148.44
-67.47 241.40 -148.44
-67.47 241.40 -148.44
-67.47 241.40 -148.44
-67.47 241.40 -148.44
-67.47 241.40 -148.44
-67.47 241.40 -148.44
-61.47 223.41 -160.43
-61.47 223.41 -160.43
-61.47 223.41 -160.43
-61.47 223.41 -160.43
-61.47 223.41 -160.43
-61.47 223.41 -160.43
-61.47 223.41 -160.43
-61.47 223.41 -160.43
-61.47 223.41 -160.43
-61.47 223.41 -160.43
-61.47 223.41 -160.43
-61.47 223.41 -160.43
-61.47 223.41 -160.43
-70.47 202.42 -157.44
-70.47 202.42 -157.44
-70.47 202.42 -157.44
-70.47 202.42 -157.44
-70.47 202.42 -157.44
-70.47 202.42 -157.44
-70.47 202.42 -157.44
-70.47 202.42 -157.44
-70.47 202.42 -157.44
-70.47 202.42 -157.44
-70.47 202.42 -157.44
-70.47 202.42 -157.44
-76.47 172.43 -178.43
-76.47 172.43 -178.43
-76.47 172.43 -178.43
-76.47 172.43 -178.43
-76.47 172.43 -178.43
-76.47 172.43 -178.43
-76.47 172.43 -178.43
-76.47 172.43 -178.43
-76.47 172.43 -178.43
-76.47 172.43 -178.43
-76.47 172.43 -178.43
-76.47 172.43 -178.43
-76.47 172.43 -178.43
-65.97 152.94 -164.93
-65.97 152.94 -164.93
-65.97 152.94 -164.93
-65.97 152.94 -164.93
-65.97 152.94 -164.93
-65.97 152.94 -164.93
-65.97 152.94 -164.93
-65.97 152.94 -164.93
-65.97 152.94 -164.93
-65.97 152.94 -164.93
-65.97 152.94 -164.93
-65.97 152.94 -164.93
-65.97 152.94 -164.93
-77.97 122.95 -155.94
-77.97 122.95 -155.94
-77.97 122.95 -155.94
-77.97 122.95 -155.94
-77.97 122.95 -155.94
-77.97 122.95 -155.94
-77.97 122.95 -155.94
-77.97 122.95 -155.94
-77.97 122.95 -155.94
-77.97 122.95 -155.94
-77.97 122.95 -155.94
-77.97 122.95 -155.94
-74.97 107.96 -143.94
-74.97 107.96 -143.94
-74.97 107.96 -143.94
-74.97 107.96 -143.94
-74.97 107.96 -143.94
-74.97 107.96 -143.94
-74.97 107.96 -143.94
-74.97 107.96 -143.94
-74.97 107.96 -143.94
-74.97 107.96 -143.94
-74.97 107.96 -143.94
-74.97 107.96 -143.94
-74.97 107.96 -143.94
-68.97 83.97 -149.94
-68.97 83.97 -149.94
-68.97 83.97 -149.94
-68.97 83.97 -149.94
-68.97 83.97 -149.94
-68.97 83.97 -149.94
-68.97 83.97 -149.94
-68.97 83.97 -149.94
-68.97 83.97 -149.94
-68.97 83.97 -149.94
-68.97 83.97 -149.94
-68.97 83.97 -149.94
-68.97 71.97 -128.95
-68.97 71.97 -128.95
-68.97 71.97 -128.95
-68.97 71.97 -128.95
-68.97 71.97 -128.95
-68.97 71.97 -128.95
-68.97 71.97 -128.95
-68.97 71.97 -128.95
-68.97 71.97 -128.95
-68.97 71.97 -128.95
-68.97 71.97 -128.95
-68.97 71.97 -128.95
-68.97 71.97 -128.95
-62.97 71.97 -134.95
-62.97 71.97 -134.95
-62.97 71.97 -134.95
-62.97 71.97 -134.95
-62.97 71.97 -134.95
-62.97 71.97 -134.95
-62.97 71.97 -134.95
-62.97 71.97 -134.95
-62.97 71.97 -134.95
-62.97 71.97 -134.95
-62.97 71.97 -134.95
-62.97 71.97 -134.95
-55.48 52.48 -127.45
-55.48 52.48 -127.45
-55.48 52.48 -127.45
-55.48 52.48 -127.45
-55.48 52.48 -127.45
-55.48 52.48 -127.45
-55.48 52.48 -127.45
-55.48 52.48 -127.45
-55.48 52.48 -127.45
-55.48 52.48 -127.45
-55.48 52.48 -127.45
-55.48 52.48 -127.45
-55.48 52.48 -127.45
-43.48 34.49 -133.45
-43.48 34.49 -133.45
-43.48 34.49 -133.45
-43.48 34.49 -133.45
-43.48 34.49 -133.45
-43.48 34.49 -133.45
-43.48 34.49 -133.45
-43.48 34.49 -133.45
-43.48 34.49 -133.45
-43.48 34.49 -133.45
-43.48 34.49 -133.45
-43.48 34.49 -133.45
-43.48 34.49 -133.45
-35.99 44.98 -143.94
-35.99 44.98 -143.94
-35.99 44.98 -143.94
-35.99 44.98 -143.94
-35.99 44.98 -143.94
-35.99 44.98 -143.94
-35.99 44.98 -143.94
-35.99 44.98 -143.94
-35.99 44.98 -143.94
-35.99 44.98 -143.94
-35.99 44.98 -143.94
-35.99 44.98 -143.94
-29.99 12.00 -140.94
-29.99 12.00 -140.94
-29.99 12.00 -140.94
-29.99 12.00 -140.94
-29.99 12.00 -140.94
-29.99 12.00 -140.94
-29.99 12.00 -140.94
-29.99 12.00 -140.94
-29.99 12.00 -140.94
-29.99 12.00 -140.94
-29.99 12.00 -140.94
-29.99 12.00 -140.94
-29.99 12.00 -140.94
-22.49 13.49 -145.44
-22.49 13.49 -145.44
-22.49 13.49 -145.44
-22.49 13.49 -145.44
-22.49 13.49 -145.44
-22.49 13.49 -145.44
-22.49 13.49 -145.44
-22.49 13.49 -145.44
-22.49 13.49 -145.44
-22.49 13.49 -145.44
-22.49 13.49 -145.44
-22.49 13.49 -145.44
-28.49 -19.49 -130.45
-28.49 -19.49 -130.45
-28.49 -19.49 -130.45
-28.49 -19.49 -130.45
-28.49 -19.49 -130.45
-28.49 -19.49 -130.45
-28.49 -19.49 -130.45
-28.49 -19.49 -130.45
-28.49 -19.49 -130.45
-28.49 -19.49 -130.45
-28.49 -19.49 -130.45
-28.49 -19.49 -130.45
-28.49 -19.49 -130.45
-12.00 -47.98 -116.95
-12.00 -47.98 -116.95
-12.00 -47.98 -116.95
-12.00 -47.98 -116.95
-12.00 -47.98 -116.95
-12.00 -47.98 -116.95
-12.00 -47.98 -116.95
-12.00 -47.98 -116.95
-12.00 -47.98 -116.95
-12.00 -47.98 -116.95
-12.00 -47.98 -116.95
-12.00 -47.98 -116.95
-7.50 -49.48 -130.45
-7.50 -49.48 -130.45
-7.50 -49.48 -130.45
-7.50 -49.48 -130.45
-7.50 -49.48 -130.45
-7.50 -49.48 -130.45
-7.50 -49.48 -130.45
-7.50 -49.48 -130.45
-7.50 -49.48 -130.45
-7.50 -49.48 -130.45
-7.50 -49.48 -130.45
-7.50 -49.48 -130.45
-7.50 -49.48 -130.45
-7.50 -73.47 -115.45
-7.50 -73.47 -115.45
-7.50 -73.47 -115.45
-7.50 -73.47 -115.45
-7.50 -73.47 -115.45
-7.50 -73.47 -115.45
-7.50 -73.47 -115.45
-7.50 -73.47 -115.45
-7.50 -73.47 -115.45
-7.50 -73.47 -115.45
-7.50 -73.47 -115.45
-7.50 -73.47 -115.45
16.49 -70.47 -112.45
16.49 -70.47 -112.45
16.49 -70.47 -112.45
16.49 -70.47 -112.45
16.49 -70.47 -112.45
16.49 -70.47 -112.45
16.49 -70.47 -112.45
16.49 -70.47 -112.45
16.49 -70.47 -112.45
16.49 -70.47 -112.45
16.49 -70.47 -112.45
16.49 -70.47 -112.45
16.49 -70.47 -112.45
32.99 -77.97 -107.96
32.99 -77.97 -107.96
32.99 -77.97 -107.96
32.99 -77.97 -107.96
32.99 -77.97 -107.96
32.99 -77.97 -107.96
32.99 -77.97 -107.96
32.99 -77.97 -107.96
32.99 -77.97 -107.96
32.99 -77.97 -107.96
32.99 -77.97 -107.96
32.99 -77.97 -107.96
32.99 -77.97 -107.96
29.99 -74.97 -119.95
29.99 -74.97 -119.95
29.99 -74.97 -119.95
29.99 -74.97 -119.95
29.99 -74.97 -119.95
29.99 -74.97 -119.95
29.99 -74.97 -119.95
29.99 -74.97 -119.95
29.99 -74.97 -119.95
29.99 -74.97 -119.95
29.99 -74.97 -119.95
29.99 -74.97 -119.95
64.47 -100.46 -100.46
64.47 -100.46 -100.46
64.47 -100.46 -100.46
64.47 -100.46 -100.46
64.47 -100.46 -100.46
64.47 -100.46 -100.46
64.47 -100.46 -100.46
64.47 -100.46 -100.46
64.47 -100.46 -100.46
64.47 -100.46 -100.46
64.47 -100.46 -100.46
64.47 -100.46 -100.46
64.47 -100.46 -100.46
86.96 -113.95 -92.96
86.96 -113.95 -92.96
86.96 -113.95 -92.96
86.96 -113.95 -92.96
86.96 -113.95 -92.96
86.96 -113.95 -92.96
86.96 -113.95 -92.96
86.96 -113.95 -92.96
86.96 -113.95 -92.96
86.96 -113.95 -92.96
86.96 -113.95 -92.96
86.96 -113.95 -92.96
100.46 -118.45 -106.46
100.46 -118.45 -106.46
100.46 -118.45 -106.46
100.46 -118.45 -106.46
100.46 -118.45 -106.46
100.46 -118.45 -106.46
100.46 -118.45 -106.46
100.46 -118.45 -106.46
100.46 -118.45 -106.46
100.46 -118.45 -106.46
100.46 -118.45 -106.46
100.46 -118.45 -106.46
100.46 -118.45 -106.46
98.96 -116.95 -101.96
98.96 -116.95 -101.96
98.96 -116.95 -101.96
98.96 -116.95 -101.96
98.96 -116.95 -101.96
98.96 -116.95 -101.96
98.96 -116.95 -101.96
98.96 -116.95 -101.96
98.96 -116.95 -101.96
98.96 -116.95 -101.96
98.96 -116.95 -101.96
98.96 -116.95 -101.96
122.95 -110.95 -101.96
122.95 -110.95 -101.96
122.95 -110.95 -101.96
122.95 -110.95 -101.96
122.95 -110.95 -101.96
122.95 -110.95 -101.96
122.95 -110.95 -101.96
122.95 -110.95 -101.96
122.95 -110.95 -101.96
122.95 -110.95 -101.96
122.95 -110.95 -101.96
122.95 -110.95 -101.96
122.95 -110.95 -101.96
107.96 -131.95 -95.96
107.96 -131.95 -95.96
107.96 -131.95 -95.96
107.96 -131.95 -95.96
107.96 -131.95 -95.96
107.96 -131.95 -95.96
107.96 -131.95 -95.96
107.96 -131.95 -95.96
107.96 -131.95 -95.96
107.96 -131.95 -95.96
107.96 -131.95 -95.96
107.96 -131.95 -95.96
107.96 -131.95 -95.96
142.44 -142.44 -94.46
142.44 -142.44 -94.46
142.44 -142.44 -94.46
142.44 -142.44 -94.46
142.44 -142.44 -94.46
142.44 -142.44 -94.46
142.44 -142.44 -94.46
142.44 -142.44 -94.46
142.44 -142.44 -94.46
142.44 -142.44 -94.46
142.44 -142.44 -94.46
142.44 -142.44 -94.46
145.44 -142.44 -97.46
145.44 -142.44 -97.46
145.44 -142.44 -97.46
145.44 -142.44 -97.46
145.44 -142.44 -97.46
145.44 -142.44 -97.46
145.44 -142.44 -97.46
145.44 -142.44 -97.46
145.44 -142.44 -97.46
145.44 -142.44 -97.46
145.44 -142.44 -97.46
145.44 -142.44 -97.46
145.44 -142.44 -97.46
167.93 -134.95 -98.96
167.93 -134.95 -98.96
167.93 -134.95 -98.96
167.93 -134.95 -98.96
167.93 -134.95 -98.96
167.93 -134.95 -98.96
167.93 -134.95 -98.96
167.93 -134.95 -98.96
167.93 -134.95 -98.96
167.93 -134.95 -98.96
167.93 -134.95 -98.96
167.93 -134.95 -98.96
184.42 -121.45 -103.46
184.42 -121.45 -103.46
184.42 -121.45 -103.46
184.42 -121.45 -103.46
184.42 -121.45 -103.46
184.42 -121.45 -103.46
184.42 -121.45 -103.46
184.42 -121.45 -103.46
184.42 -121.45 -103.46
184.42 -121.45 -103.46
184.42 -121.45 -103.46
184.42 -121.45 -103.46
184.42 -121.45 -103.46
215.91 -131.95 -83.97
215.91 -131.95 -83.97
215.91 -131.95 -83.97
215.91 -131.95 -83.97
215.91 -131.95 -83.97
215.91 -131.95 -83.97
215.91 -131.95 -83.97
215.91 -131.95 -83.97
215.91 -131.95 -83.97
215.91 -131.95 -83.97
215.91 -131.95 -83.97
215.91 -131.95 -83.97
214.41 -136.44 -94.46
214.41 -136.44 -94.46
214.41 -136.44 -94.46
214.41 -136.44 -94.46
214.41 -136.44 -94.46
214.41 -136.44 -94.46
214.41 -136.44 -94.46
214.41 -136.44 -94.46
214.41 -136.44 -94.46
214.41 -136.44 -94.46
214.41 -136.44 -94.46
214.41 -136.44 -94.46
214.41 -136.44 -94.46
233.90 -131.95 -77.97
233.90 -131.95 -77.97
233.90 -131.95 -77.97
233.90 -131.95 -77.97
233.90 -131.95 -77.97
233.90 -131.95 -77.97
233.90 -131.95 -77.97
233.90 -131.95 -77.97
233.90 -131.95 -77.97
233.90 -131.95 -77.97
233.90 -131.95 -77.97
233.90 -131.95 -77.97
241.40 -130.45 -91.46
241.40 -130.45 -91.46
241.40 -130.45 -91.46
241.40 -130.45 -91.46
241.40 -130.45 -91.46
241.40 -130.45 -91.46
241.40 -130.45 -91.46
241.40 -130.45 -91.46
241.40 -130.45 -91.46
241.40 -130.45 -91.46
241.40 -130.45 -91.46
241.40 -130.45 -91.46
241.40 -130.45 -91.46
259.39 -142.44 -79.47
259.39 -142.44 -79.47
259.39 -142.44 -79.47
259.39 -142.44 -79.47
259.39 -142.44 -79.47
259.39 -142.44 -79.47
259.39 -142.44 -79.47
259.39 -142.44 -79.47
259.39 -142.44 -79.47
259.39 -142.44 -79.47
259.39 -142.44 -79.47
259.39 -142.44 -79.47
259.39 -142.44 -79.47
277.39 -115.45 -97.46
277.39 -115.45 -97.46
277.39 -115.45 -97.46
277.39 -115.45 -97.46
277.39 -115.45 -97.46
277.39 -115.45 -97.46
277.39 -115.45 -97.46
277.39 -115.45 -97.46
277.39 -115.45 -97.46
277.39 -115.45 -97.46
277.39 -115.45 -97.46
277.39 -115.45 -97.46
289.38 -133.45 -91.46
289.38 -133.45 -91.46
289.38 -133.45 -91.46
289.38 -133.45 -91.46
289.38 -133.45 -91.46
289.38 -133.45 -91.46
289.38 -133.45 -91.46
289.38 -133.45 -91.46
289.38 -133.45 -91.46
289.38 -133.45 -91.46
289.38 -133.45 -91.46
289.38 -133.45 -91.46
289.38 -133.45 -91.46
299.88 -113.95 -95.96
299.88 -113.95 -95.96
299.88 -113.95 -95.96
299.88 -113.95 -95.96
299.88 -113.95 -95.96
299.88 -113.95 -95.96
299.88 -113.95 -95.96
299.88 -113.95 -95.96
299.88 -113.95 -95.96
299.88 -113.95 -95.96
299.88 -113.95 -95.96
299.88 -113.95 -95.96
326.87 -116.95 -110.95
326.87 -116.95 -110.95
326.87 -116.95 -110.95
326.87 -116.95 -110.95
326.87 -116.95 -110.95
326.87 -116.95 -110.95
326.87 -116.95 -110.95
326.87 -116.95 -110.95
326.87 -116.95 -110.95
326.87 -116.95 -110.95
326.87 -116.95 -110.95
326.87 -116.95 -110.95
326.87 -116.95 -110.95
329.87 -125.95 -98.96
329.87 -125.95 -98.96
329.87 -125.95 -98.96
329.87 -125.95 -98.96
329.87 -125.95 -98.96
329.87 -125.95 -98.96
329.87 -125.95 -98.96
329.87 -125.95 -98.96
329.87 -125.95 -98.96
329.87 -125.95 -98.96
329.87 -125.95 -98.96
329.87 -125.95 -98.96
344.86 -113.95 -107.96
344.86 -113.95 -107.96
344.86 -113.95 -107.96
344.86 -113.95 -107.96
344.86 -113.95 -107.96
344.86 -113.95 -107.96
344.86 -113.95 -107.96
344.86 -113.95 -107.96
344.86 -113.95 -107.96
344.86 -113.95 -107.96
344.86 -113.95 -107.96
344.86 -113.95 -107.96
344.86 -113.95 -107.96
361.35 -124.45 -91.46
361.35 -124.45 -91.46
361.35 -124.45 -91.46
361.35 -124.45 -91.46
361.35 -124.45 -91.46
361.35 -124.45 -91.46
361.35 -124.45 -91.46
361.35 -124.45 -91.46
361.35 -124.45 -91.46
361.35 -124.45 -91.46
361.35 -124.45 -91.46
361.35 -124.45 -91.46
361.35 -124.45 -91.46
377.85 -113.95 -98.96
377.85 -113.95 -98.96
377.85 -113.95 -98.96
377.85 -113.95 -98.96
377.85 -113.95 -98.96
377.85 -113.95 -98.96
377.85 -113.95 -98.96
377.85 -113.95 -98.96
377.85 -113.95 -98.96
377.85 -113.95 -98.96
377.85 -113.95 -98.96
377.85 -113.95 -98.96
383.84 -98.96 -92.96
383.84 -98.96 -92.96
383.84 -98.96 -92.96
383.84 -98.96 -92.96
383.84 -98.96 -92.96
383.84 -98.96 -92.96
383.84 -98.96 -92.96
383.84 -98.96 -92.96
383.84 -98.96 -92.96
383.84 -98.96 -92.96
383.84 -98.96 -92.96
383.84 -98.96 -92.96
383.84 -98.96 -92.96
409.33 -97.46 -94.46
409.33 -97.46 -94.46
409.33 -97.46 -94.46
409.33 -97.46 -94.46
409.33 -97.46 -94.46
409.33 -97.46 -94.46
409.33 -97.46 -94.46
409.33 -97.46 -94.46
409.33 -97.46 -94.46
409.33 -97.46 -94.46
409.33 -97.46 -94.46
409.33 -97.46 -94.46
424.33 -79.47 -76.47
424.33 -79.47 -76.47
424.33 -79.47 -76.47
424.33 -79.47 -76.47
424.33 -79.47 -76.47
424.33 -79.47 -76.47
424.33 -79.47 -76.47
424.33 -79.47 -76.47
424.33 -79.47 -76.47
424.33 -79.47 -76.47
424.33 -79.47 -76.47
424.33 -79.47 -76.47
424.33 -79.47 -76.47
442.32 -76.47 -91.46
442.32 -76.47 -91.46
442.32 -76.47 -91.46
442.32 -76.47 -91.46
442.32 -76.47 -91.46
442.32 -76.47 -91.46
442.32 -76.47 -91.46
442.32 -76.47 -91.46
442.32 -76.47 -91.46
442.32 -76.47 -91.46
442.32 -76.47 -91.46
442.32 -76.47 -91.46
436.32 -61.47 -73.47
436.32 -61.47 -73.47
436.32 -61.47 -73.47
436.32 -61.47 -73.47
436.32 -61.47 -73.47
436.32 -61.47 -73.47
436.32 -61.47 -73.47
436.32 -61.47 -73.47
436.32 -61.47 -73.47
436.32 -61.47 -73.47
436.32 -61.47 -73.47
436.32 -61.47 -73.47
436.32 -61.47 -73.47
460.31 -43.48 -85.47
460.31 -43.48 -85.47
460.31 -43.48 -85.47
460.31 -43.48 -85.47
460.31 -43.48 -85.47
460.31 -43.48 -85.47
460.31 -43.48 -85.47
460.31 -43.48 -85.47
460.31 -43.48 -85.47
460.31 -43.48 -85.47
460.31 -43.48 -85.47
460.31 -43.48 -85.47
466.31 -10.50 -58.48
466.31 -10.50 -58.48
466.31 -10.50 -58.48
466.31 -10.50 -58.48
466.31 -10.50 -58.48
466.31 -10.50 -58.48
466.31 -10.50 -58.48
466.31 -10.50 -58.48
466.31 -10.50 -58.48
466.31 -10.50 -58.48
466.31 -10.50 -58.48
466.31 -10.50 -58.48
466.31 -10.50 -58.48
472.31 -7.50 -85.47
472.31 -7.50 -85.47
472.31 -7.50 -85.47
472.31 -7.50 -85.47
472.31 -7.50 -85.47
472.31 -7.50 -85.47
472.31 -7.50 -85.47
472.31 -7.50 -85.47
472.31 -7.50 -85.47
472.31 -7.50 -85.47
472.31 -7.50 -85.47
472.31 -7.50 -85.47
472.31 -7.50 -85.47
476.81 -9.00 -71.97
476.81 -9.00 -71.97
476.81 -9.00 -71.97
476.81 -9.00 -71.97
476.81 -9.00 -71.97
476.81 -9.00 -71.97
476.81 -9.00 -71.97
476.81 -9.00 -71.97
476.81 -9.00 -71.97
476.81 -9.00 -71.97
476.81 -9.00 -71.97
476.81 -9.00 -71.97
482.80 29.99 -71.97
482.80 29.99 -71.97
482.80 29.99 -71.97
482.80 29.99 -71.97
482.80 29.99 -71.97
482.80 29.99 -71.97
482.80 29.99 -71.97
482.80 29.99 -71.97
482.80 29.99 -71.97
482.80 29.99 -71.97
482.80 29.99 -71.97
482.80 29.99 -71.97
482.80 29.99 -71.97
487.30 31.49 -79.47
487.30 31.49 -79.47
487.30 31.49 -79.47
487.30 31.49 -79.47
487.30 31.49 -79.47
487.30 31.49 -79.47
487.30 31.49 -79.47
487.30 31.49 -79.47
487.30 31.49 -79.47
487.30 31.49 -79.47
487.30 31.49 -79.47
487.30 31.49 -79.47
496.30 46.48 -82.47
496.30 46.48 -82.47
496.30 46.48 -82.47
496.30 46.48 -82.47
496.30 46.48 -82.47
496.30 46.48 -82.47
496.30 46.48 -82.47
496.30 46.48 -82.47
496.30 46.48 -82.47
496.30 46.48 -82.47
496.30 46.48 -82.47
496.30 46.48 -82.47
496.30 46.48 -82.47
509.79 65.97 -77.97
509.79 65.97 -77.97
509.79 65.97 -77.97
509.79 65.97 -77.97
509.79 65.97 -77.97
509.79 65.97 -77.97
509.79 65.97 -77.97
509.79 65.97 -77.97
509.79 65.97 -77.97
509.79 65.97 -77.97
509.79 65.97 -77.97
509.79 65.97 -77.97
499.30 85.47 -73.47
499.30 85.47 -73.47
499.30 85.47 -73.47
499.30 85.47 -73.47
499.30 85.47 -73.47
499.30 85.47 -73.47
499.30 85.47 -73.47
499.30 85.47 -73.47
499.30 85.47 -73.47
499.30 85.47 -73.47
499.30 85.47 -73.47
499.30 85.47 -73.47
499.30 85.47 -73.47
506.79 98.96 -86.96
506.79 98.96 -86.96
506.79 98.96 -86.96
506.79 98.96 -86.96
506.79 98.96 -86.96
506.79 98.96 -86.96
506.79 98.96 -86.96
506.79 98.96 -86.96
506.79 98.96 -86.96
506.79 98.96 -86.96
506.79 98.96 -86.96
506.79 98.96 -86.96
506.79 98.96 -86.96
517.29 106.46 -94.46
517.29 106.46 -94.46
517.29 106.46 -94.46
517.29 106.46 -94.46
517.29 106.46 -94.46
517.29 106.46 -94.46
517.29 106.46 -94.46
517.29 106.46 -94.46
517.29 106.46 -94.46
517.29 106.46 -94.46
517.29 106.46 -94.46
517.29 106.46 -94.46
508.29 130.45 -79.47
508.29 130.45 -79.47
508.29 130.45 -79.47
508.29 130.45 -79.47
508.29 130.45 -79.47
508.29 130.45 -79.47
508.29 130.45 -79.47
508.29 130.45 -79.47
508.29 130.45 -79.47
508.29 130.45 -79.47
508.29 130.45 -79.47
508.29 130.45 -79.47
508.29 130.45 -79.47
499.30 151.44 -79.47
499.30 151.44 -79.47
499.30 151.44 -79.47
499.30 151.44 -79.47
499.30 151.44 -79.47
499.30 151.44 -79.47
499.30 151.44 -79.47
499.30 151.44 -79.47
499.30 151.44 -79.47
499.30 151.44 -79.47
499.30 151.44 -79.47
499.30 151.44 -79.47
511.29 148.44 -103.46
511.29 148.44 -103.46
511.29 148.44 -103.46
511.29 148.44 -103.46
511.29 148.44 -103.46
511.29 148.44 -103.46
511.29 148.44 -103.46
511.29 148.44 -103.46
511.29 148.44 -103.46
511.29 148.44 -103.46
511.29 148.44 -103.46
511.29 148.44 -103.46
511.29 148.44 -103.46
517.29 163.43 -97.46
517.29 163.43 -97.46
517.29 163.43 -97.46
517.29 163.43 -97.46
517.29 163.43 -97.46
517.29 163.43 -97.46
517.29 163.43 -97.46
517.29 163.43 -97.46
517.29 163.43 -97.46
517.29 163.43 -97.46
517.29 163.43 -97.46
517.29 163.43 -97.46
523.29 175.43 -112.45
523.29 175.43 -112.45
523.29 175.43 -112.45
523.29 175.43 -112.45
523.29 175.43 -112.45
523.29 175.43 -112.45
523.29 175.43 -112.45
523.29 175.43 -112.45
523.29 175.43 -112.45
523.29 175.43 -112.45
523.29 175.43 -112.45
523.29 175.43 -112.45
523.29 175.43 -112.45
523.29 172.43 -103.46
523.29 172.43 -103.46
523.29 172.43 -103.46
523.29 172.43 -103.46
523.29 172.43 -103.46
523.29 172.43 -103.46
523.29 172.43 -103.46
523.29 172.43 -103.46
523.29 172.43 -103.46
523.29 172.43 -103.46
523.29 172.43 -103.46
523.29 172.43 -103.46
523.29 172.43 -103.46
515.79 182.93 -104.96
515.79 182.93 -104.96
515.79 182.93 -104.96
515.79 182.93 -104.96
515.79 182.93 -104.96
515.79 182.93 -104.96
515.79 182.93 -104.96
515.79 182.93 -104.96
515.79 182.93 -104.96
515.79 182.93 -104.96
515.79 182.93 -104.96
515.79 182.93 -104.96
505.29 184.42 -94.46
505.29 184.42 -94.46
505.29 184.42 -94.46
505.29 184.42 -94.46
505.29 184.42 -94.46
505.29 184.42 -94.46
505.29 184.42 -94.46
505.29 184.42 -94.46
505.29 184.42 -94.46
505.29 184.42 -94.46
505.29 184.42 -94.46
505.29 184.42 -94.46
505.29 184.42 -94.46
512.79 200.92 -95.96
512.79 200.92 -95.96
512.79 200.92 -95.96
512.79 200.92 -95.96
512.79 200.92 -95.96
512.79 200.92 -95.96
512.79 200.92 -95.96
512.79 200.92 -95.96
512.79 200.92 -95.96
512.79 200.92 -95.96
512.79 200.92 -95.96
512.79 200.92 -95.96
517.29 211.41 -82.47
517.29 211.41 -82.47
517.29 211.41 -82.47
517.29 211.41 -82.47
517.29 211.41 -82.47
517.29 211.41 -82.47
517.29 211.41 -82.47
517.29 211.41 -82.47
517.29 211.41 -82.47
517.29 211.41 -82.47
517.29 211.41 -82.47
517.29 211.41 -82.47
517.29 211.41 -82.47
536.78 230.91 -89.96
536.78 230.91 -89.96
536.78 230.91 -89.96
536.78 230.91 -89.96
536.78 230.91 -89.96
536.78 230.91 -89.96
536.78 230.91 -89.96
536.78 230.91 -89.96
536.78 230.91 -89.96
536.78 230.91 -89.96
536.78 230.91 -89.96
536.78 230.91 -89.96
545.78 248.90 -89.96
545.78 248.90 -89.96
545.78 248.90 -89.96
545.78 248.90 -89.96
545.78 248.90 -89.96
545.78 248.90 -89.96
545.78 248.90 -89.96
545.78 248.90 -89.96
545.78 248.90 -89.96
545.78 248.90 -89.96
545.78 248.90 -89.96
545.78 248.90 -89.96
545.78 248.90 -89.96
529.28 253.40 -82.47
529.28 253.40 -82.47
529.28 253.40 -82.47
529.28 253.40 -82.47
529.28 253.40 -82.47
529.28 253.40 -82.47
529.28 253.40 -82.47
529.28 253.40 -82.47
529.28 253.40 -82.47
529.28 253.40 -82.47
529.28 253.40 -82.47
529.28 253.40 -82.47
551.78 284.88 -68.97
551.78 284.88 -68.97
551.78 284.88 -68.97
551.78 284.88 -68.97
551.78 284.88 -68.97
551.78 284.88 -68.97
551.78 284.88 -68.97
551.78 284.88 -68.97
551.78 284.88 -68.97
551.78 284.88 -68.97
551.78 284.88 -68.97
551.78 284.88 -68.97
551.78 284.88 -68.97
550.28 289.38 -64.47
550.28 289.38 -64.47
550.28 289.38 -64.47
550.28 289.38 -64.47
550.28 289.38 -64.47
550.28 289.38 -64.47
550.28 289.38 -64.47
550.28 289.38 -64.47
550.28 289.38 -64.47
550.28 289.38 -64.47
550.28 289.38 -64.47
550.28 289.38 -64.47
550.28 289.38 -64.47
542.78 332.86 -71.97
542.78 332.86 -71.97
542.78 332.86 -71.97
542.78 332.86 -71.97
542.78 332.86 -71.97
542.78 332.86 -71.97
542.78 332.86 -71.97
542.78 332.86 -71.97
542.78 332.86 -71.97
542.78 332.86 -71.97
542.78 332.86 -71.97
542.78 332.86 -71.97
535.28 343.36 -79.47
535.28 343.36 -79.47
535.28 343.36 -79.47
535.28 343.36 -79.47
535.28 343.36 -79.47
535.28 343.36 -79.47
535.28 343.36 -79.47
535.28 343.36 -79.47
535.28 343.36 -79.47
535.28 343.36 -79.47
535.28 343.36 -79.47
535.28 343.36 -79.47
535.28 343.36 -79.47
526.29 364.35 -88.46
526.29 364.35 -88.46
526.29 364.35 -88.46
526.29 364.35 -88.46
526.29 364.35 -88.46
526.29 364.35 -88.46
526.29 364.35 -88.46
526.29 364.35 -88.46
526.29 364.35 -88.46
526.29 364.35 -88.46
526.29 364.35 -88.46
526.29 364.35 -88.46
512.79 380.84 -95.96
512.79 380.84 -95.96
512.79 380.84 -95.96
512.79 380.84 -95.96
512.79 380.84 -95.96
512.79 380.84 -95.96
512.79 380.84 -95.96
512.79 380.84 -95.96
512.79 380.84 -95.96
512.79 380.84 -95.96
512.79 380.84 -95.96
512.79 380.84 -95.96
512.79 380.84 -95.96
517.29 400.34 -106.46
517.29 400.34 -106.46
517.29 400.34 -106.46
517.29 400.34 -106.46
517.29 400.34 -106.46
517.29 400.34 -106.46
517.29 400.34 -106.46
517.29 400.34 -106.46
517.29 400.34 -106.46
517.29 400.34 -106.46
517.29 400.34 -106.46
517.29 400.34 -106.46
499.30 409.33 -112.45
499.30 409.33 -112.45
499.30 409.33 -112.45
499.30 409.33 -112.45
499.30 409.33 -112.45
499.30 409.33 -112.45
499.30 409.33 -112.45
499.30 409.33 -112.45
499.30 409.33 -112.45
499.30 409.33 -112.45
499.30 409.33 -112.45
499.30 409.33 -112.45
499.30 409.33 -112.45
490.30 418.33 -127.45
490.30 418.33 -127.45
490.30 418.33 -127.45
490.30 418.33 -127.45
490.30 418.33 -127.45
490.30 418.33 -127.45
490.30 418.33 -127.45
490.30 418.33 -127.45
490.30 418.33 -127.45
490.30 418.33 -127.45
490.30 418.33 -127.45
490.30 418.33 -127.45
490.30 418.33 -127.45
484.30 436.32 -139.44
484.30 436.32 -139.44
484.30 436.32 -139.44
484.30 436.32 -139.44
484.30 436.32 -139.44
484.30 436.32 -139.44
484.30 436.32 -139.44
484.30 436.32 -139.44
484.30 436.32 -139.44
484.30 436.32 -139.44
484.30 436.32 -139.44
484.30 436.32 -139.44
478.31 451.32 -124.45
478.31 451.32 -124.45
478.31 451.32 -124.45
478.31 451.32 -124.45
478.31 451.32 -124.45
478.31 451.32 -124.45
478.31 451.32 -124.45
478.31 451.32 -124.45
478.31 451.32 -124.45
478.31 451.32 -124.45
478.31 451.32 -124.45
478.31 451.32 -124.45
478.31 451.32 -124.45
469.31 463.31 -121.45
469.31 463.31 -121.45
469.31 463.31 -121.45
469.31 463.31 -121.45
469.31 463.31 -121.45
469.31 463.31 -121.45
469.31 463.31 -121.45
469.31 463.31 -121.45
469.31 463.31 -121.45
469.31 463.31 -121.45
469.31 463.31 -121.45
469.31 463.31 -121.45
463.31 454.32 -133.45
463.31 454.32 -133.45
463.31 454.32 -133.45
463.31 454.32 -133.45
463.31 454.32 -133.45
463.31 454.32 -133.45
463.31 454.32 -133.45
463.31 454.32 -133.45
463.31 454.32 -133.45
463.31 454.32 -133.45
463.31 454.32 -133.45
463.31 454.32 -133.45
463.31 454.32 -133.45
431.82 485.80 -137.94
431.82 485.80 -137.94
431.82 485.80 -137.94
431.82 485.80 -137.94
431.82 485.80 -137.94
431.82 485.80 -137.94
431.82 485.80 -137.94
431.82 485.80 -137.94
431.82 485.80 -137.94
431.82 485.80 -137.94
431.82 485.80 -137.94
431.82 485.80 -137.94
427.33 490.30 -160.43
427.33 490.30 -160.43
427.33 490.30 -160.43
427.33 490.30 -160.43
427.33 490.30 -160.43
427.33 490.30 -160.43
427.33 490.30 -160.43
427.33 490.30 -160.43
427.33 490.30 -160.43
427.33 490.30 -160.43
427.33 490.30 -160.43
427.33 490.30 -160.43
427.33 490.30 -160.43
427.33 511.29 -151.44
427.33 511.29 -151.44
427.33 511.29 -151.44
427.33 511.29 -151.44
427.33 511.29 -151.44
427.33 511.29 -151.44
427.33 511.29 -151.44
427.33 511.29 -151.44
427.33 511.29 -151.44
427.33 511.29 -151.44
427.33 511.29 -151.44
427.33 511.29 -151.44
422.83 500.80 -155.94
422.83 500.80 -155.94
422.83 500.80 -155.94
422.83 500.80 -155.94
422.83 500.80 -155.94
422.83 500.80 -155.94
422.83 500.80 -155.94
422.83 500.80 -155.94
422.83 500.80 -155.94
422.83 500.80 -155.94
422.83 500.80 -155.94
422.83 500.80 -155.94
422.83 500.80 -155.94
416.83 512.79 -170.93
416.83 512.79 -170.93
416.83 512.79 -170.93
416.83 512.79 -170.93
416.83 512.79 -170.93
416.83 512.79 -170.93
416.83 512.79 -170.93
416.83 512.79 -170.93
416.83 512.79 -170.93
416.83 512.79 -170.93
416.83 512.79 -170.93
416.83 512.79 -170.93
416.83 512.79 -170.93
397.34 493.30 -178.43
397.34 493.30 -178.43
397.34 493.30 -178.43
397.34 493.30 -178.43
397.34 493.30 -178.43
397.34 493.30 -178.43
397.34 493.30 -178.43
397.34 493.30 -178.43
397.34 493.30 -178.43
397.34 493.30 -178.43
397.34 493.30 -178.43
397.34 493.30 -178.43
385.34 520.29 -175.43
385.34 520.29 -175.43
385.34 520.29 -175.43
385.34 520.29 -175.43
385.34 520.29 -175.43
385.34 520.29 -175.43
385.34 520.29 -175.43
385.34 520.29 -175.43
385.34 520.29 -175.43
385.34 520.29 -175.43
385.34 520.29 -175.43
385.34 520.29 -175.43
385.34 520.29 -175.43
382.34 496.30 -163.43
382.34 496.30 -163.43
382.34 496.30 -163.43
382.34 496.30 -163.43
382.34 496.30 -163.43
382.34 496.30 -163.43
382.34 496.30 -163.43
382.34 496.30 -163.43
382.34 496.30 -163.43
382.34 496.30 -163.43
382.34 496.30 -163.43
382.34 496.30 -163.43
365.85 515.79 -179.93
365.85 515.79 -179.93
365.85 515.79 -179.93
365.85 515.79 -179.93
365.85 515.79 -179.93
365.85 515.79 -179.93
365.85 515.79 -179.93
365.85 515.79 -179.93
365.85 515.79 -179.93
365.85 515.79 -179.93
365.85 515.79 -179.93
365.85 515.79 -179.93
365.85 515.79 -179.93
359.85 527.79 -185.92
359.85 527.79 -185.92
359.85 527.79 -185.92
359.85 527.79 -185.92
359.85 527.79 -185.92
359.85 527.79 -185.92
359.85 527.79 -185.92
359.85 527.79 -185.92
359.85 527.79 -185.92
359.85 527.79 -185.92
359.85 527.79 -185.92
359.85 527.79 -185.92
347.86 524.79 -176.93
347.86 524.79 -176.93
347.86 524.79 -176.93
347.86 524.79 -176.93
347.86 524.79 -176.93
347.86 524.79 -176.93
347.86 524.79 -176.93
347.86 524.79 -176.93
347.86 524.79 -176.93
347.86 524.79 -176.93
347.86 524.79 -176.93
347.86 524.79 -176.93
347.86 524.79 -176.93
329.87 533.78 -167.93
329.87 533.78 -167.93
329.87 533.78 -167.93
329.87 533.78 -167.93
329.87 533.78 -167.93
329.87 533.78 -167.93
329.87 533.78 -167.93
329.87 533.78 -167.93
329.87 533.78 -167.93
329.87 533.78 -167.93
329.87 533.78 -167.93
329.87 533.78 -167.93
329.87 533.78 -167.93
302.88 536.78 -155.94
302.88 536.78 -155.94
302.88 536.78 -155.94
302.88 536.78 -155.94
302.88 536.78 -155.94
302.88 536.78 -155.94
302.88 536.78 -155.94
302.88 536.78 -155.94
302.88 536.78 -155.94
302.88 536.78 -155.94
302.88 536.78 -155.94
302.88 536.78 -155.94
299.88 536.78 -164.93
299.88 536.78 -164.93
299.88 536.78 -164.93
299.88 536.78 -164.93
299.88 536.78 -164.93
299.88 536.78 -164.93
299.88 536.78 -164.93
299.88 536.78 -164.93
299.88 536.78 -164.93
299.88 536.78 -164.93
299.88 536.78 -164.93
299.88 536.78 -164.93
299.88 536.78 -164.93
287.88 518.79 -176.93
287.88 518.79 -176.93
287.88 518.79 -176.93
287.88 518.79 -176.93
287.88 518.79 -176.93
287.88 518.79 -176.93
287.88 518.79 -176.93
287.88 518.79 -176.93
287.88 518.79 -176.93
287.88 518.79 -176.93
287.88 518.79 -176.93
287.88 518.79 -176.93
280.39 526.29 -169.43
280.39 526.29 -169.43
280.39 526.29 -169.43
280.39 526.29 -169.43
280.39 526.29 -169.43
280.39 526.29 -169.43
280.39 526.29 -169.43
280.39 526.29 -169.43
280.39 526.29 -169.43
280.39 526.29 -169.43
280.39 526.29 -169.43
280.39 526.29 -169.43
280.39 526.29 -169.43
269.89 530.78 -158.94
269.89 530.78 -158.94
269.89 530.78 -158.94
269.89 530.78 -158.94
269.89 530.78 -158.94
269.89 530.78 -158.94
269.89 530.78 -158.94
269.89 530.78 -158.94
269.89 530.78 -158.94
269.89 530.78 -158.94
269.89 530.78 -158.94
269.89 530.78 -158.94
242.90 536.78 -155.94
242.90 536.78 -155.94
242.90 536.78 -155.94
242.90 536.78 -155.94
242.90 536.78 -155.94
242.90 536.78 -155.94
242.90 536.78 -155.94
242.90 536.78 -155.94
242.90 536.78 -155.94
242.90 536.78 -155.94
242.90 536.78 -155.94
242.90 536.78 -155.94
242.90 536.78 -155.94
226.41 532.28 -157.44
226.41 532.28 -157.44
226.41 532.28 -157.44
226.41 532.28 -157.44
226.41 532.28 -157.44
226.41 532.28 -157.44
226.41 532.28 -157.44
226.41 532.28 -157.44
226.41 532.28 -157.44
226.41 532.28 -157.44
226.41 532.28 -157.44
226.41 532.28 -157.44
221.91 539.78 -137.94
221.91 539.78 -137.94
221.91 539.78 -137.94
221.91 539.78 -137.94
221.91 539.78 -137.94
221.91 539.78 -137.94
221.91 539.78 -137.94
221.91 539.78 -137.94
221.91 539.78 -137.94
221.91 539.78 -137.94
221.91 539.78 -137.94
221.91 539.78 -137.94
221.91 539.78 -137.94
209.91 545.78 -137.94
209.91 545.78 -137.94
209.91 545.78 -137.94
209.91 545.78 -137.94
209.91 545.78 -137.94
209.91 545.78 -137.94
209.91 545.78 -137.94
209.91 545.78 -137.94
209.91 545.78 -137.94
209.91 545.78 -137.94
209.91 545.78 -137.94
209.91 545.78 -137.94
209.91 545.78 -137.94
184.42 535.28 -151.44
184.42 535.28 -151.44
184.42 535.28 -151.44
184.42 535.28 -151.44
184.42 535.28 -151.44
184.42 535.28 -151.44
184.42 535.28 -151.44
184.42 535.28 -151.44
184.42 535.28 -151.44
184.42 535.28 -151.44
184.42 535.28 -151.44
184.42 535.28 -151.44
187.42 553.27 -154.44
187.42 553.27 -154.44
187.42 553.27 -154.44
187.42 553.27 -154.44
187.42 553.27 -154.44
187.42 553.27 -154.44
187.42 553.27 -154.44
187.42 553.27 -154.44
187.42 553.27 -154.44
187.42 553.27 -154.44
187.42 553.27 -154.44
187.42 553.27 -154.44
187.42 553.27 -154.44
167.93 548.78 -143.94
167.93 548.78 -143.94
167.93 548.78 -143.94
167.93 548.78 -143.94
167.93 548.78 -143.94
167.93 548.78 -143.94
167.93 548.78 -143.94
167.93 548.78 -143.94
167.93 548.78 -143.94
167.93 548.78 -143.94
167.93 548.78 -143.94
167.93 548.78 -143.94
154.44 544.28 -160.43
154.44 544.28 -160.43
154.44 544.28 -160.43
154.44 544.28 -160.43
154.44 544.28 -160.43
154.44 544.28 -160.43
154.44 544.28 -160.43
154.44 544.28 -160.43
154.44 544.28 -160.43
154.44 544.28 -160.43
154.44 544.28 -160.43
154.44 544.28 -160.43
154.44 544.28 -160.43
142.44 535.28 -154.44
142.44 535.28 -154.44
142.44 535.28 -154.44
142.44 535.28 -154.44
142.44 535.28 -154.44
142.44 535.28 -154.44
142.44 535.28 -154.44
142.44 535.28 -154.44
142.44 535.28 -154.44
142.44 535.28 -154.44
142.44 535.28 -154.44
142.44 535.28 -154.44
106.46 523.29 -160.43
106.46 523.29 -160.43
106.46 523.29 -160.43
106.46 523.29 -160.43
106.46 523.29 -160.43
106.46 523.29 -160.43
106.46 523.29 -160.43
106.46 523.29 -160.43
106.46 523.29 -160.43
106.46 523.29 -160.43
106.46 523.29 -160.43
106.46 523.29 -160.43
106.46 523.29 -160.43
82.47 514.29 -157.44
82.47 514.29 -157.44
82.47 514.29 -157.44
82.47 514.29 -157.44
82.47 514.29 -157.44
82.47 514.29 -157.44
82.47 514.29 -157.44
82.47 514.29 -157.44
82.47 514.29 -157.44
82.47 514.29 -157.44
82.47 514.29 -157.44
82.47 514.29 -157.44
82.47 514.29 -157.44
71.97 494.80 -161.93
71.97 494.80 -161.93
71.97 494.80 -161.93
71.97 494.80 -161.93
71.97 494.80 -161.93
71.97 494.80 -161.93
71.97 494.80 -161.93
71.97 494.80 -161.93
71.97 494.80 -161.93
71.97 494.80 -161.93
71.97 494.80 -161.93
71.97 494.80 -161.93
47.98 500.80 -170.93
47.98 500.80 -170.93
47.98 500.80 -170.93
47.98 500.80 -170.93
47.98 500.80 -170.93
47.98 500.80 -170.93
47.98 500.80 -170.93
47.98 500.80 -170.93
47.98 500.80 -170.93
47.98 500.80 -170.93
47.98 500.80 -170.93
47.98 500.80 -170.93
47.98 500.80 -170.93
47.98 485.80 -161.93
47.98 485.80 -161.93
47.98 485.80 -161.93
47.98 485.80 -161.93
47.98 485.80 -161.93
47.98 485.80 -161.93
47.98 485.80 -161.93
47.98 485.80 -161.93
47.98 485.80 -161.93
47.98 485.80 -161.93
47.98 485.80 -161.93
47.98 485.80 -161.93
34.49 463.31 -154.44
34.49 463.31 -154.44
34.49 463.31 -154.44
34.49 463.31 -154.44
34.49 463.31 -154.44
34.49 463.31 -154.44
34.49 463.31 -154.44
34.49 463.31 -154.44
34.49 463.31 -154.44
34.49 463.31 -154.44
34.49 463.31 -154.44
34.49 463.31 -154.44
34.49 463.31 -154.44
31.49 463.31 -148.44
31.49 463.31 -148.44
31.49 463.31 -148.44
31.49 463.31 -148.44
31.49 463.31 -148.44
31.49 463.31 -148.44
31.49 463.31 -148.44
31.49 463.31 -148.44
31.49 463.31 -148.44
31.49 463.31 -148.44
31.49 463.31 -148.44
31.49 463.31 -148.44
6.00 461.81 -155.94
6.00 461.81 -155.94
6.00 461.81 -155.94
6.00 461.81 -155.94
6.00 461.81 -155.94
6.00 461.81 -155.94
6.00 461.81 -155.94
6.00 461.81 -155.94
6.00 461.81 -155.94
6.00 461.81 -155.94
6.00 461.81 -155.94
6.00 461.81 -155.94
6.00 461.81 -155.94
14.99 428.83 -149.94
14.99 428.83 -149.94
14.99 428.83 -149.94
14.99 428.83 -149.94
14.99 428.83 -149.94
14.99 428.83 -149.94
14.99 428.83 -149.94
14.99 428.83 -149.94
14.99 428.83 -149.94
14.99 428.83 -149.94
14.99 428.83 -149.94
14.99 428.83 -149.94
10.50 430.32 -148.44
10.50 430.32 -148.44
10.50 430.32 -148.44
10.50 430.32 -148.44
10.50 430.32 -148.44
10.50 430.32 -148.44
10.50 430.32 -148.44
10.50 430.32 -148.44
10.50 430.32 -148.44
10.50 430.32 -148.44
10.50 430.32 -148.44
10.50 430.32 -148.44
10.50 430.32 -148.44
-4.50 418.33 -145.44
-4.50 418.33 -145.44
-4.50 418.33 -145.44
-4.50 418.33 -145.44
-4.50 418.33 -145.44
-4.50 418.33 -145.44
-4.50 418.33 -145.44
-4.50 418.33 -145.44
-4.50 418.33 -145.44
-4.50 418.33 -145.44
-4.50 418.33 -145.44
-4.50 418.33 -145.44
-4.50 418.33 -145.44
-10.50 427.33 -139.44
-10.50 427.33 -139.44
-10.50 427.33 -139.44
-10.50 427.33 -139.44
-10.50 427.33 -139.44
-10.50 427.33 -139.44
-10.50 427.33 -139.44
-10.50 427.33 -139.44
-10.50 427.33 -139.44
-10.50 427.33 -139.44
-10.50 427.33 -139.44
-10.50 427.33 -139.44
-17.99 395.84 -155.94
-17.99 395.84 -155.94
-17.99 395.84 -155.94
-17.99 395.84 -155.94
-17.99 395.84 -155.94
-17.99 395.84 -155.94
-17.99 395.84 -155.94
-17.99 395.84 -155.94
-17.99 395.84 -155.94
-17.99 395.84 -155.94
-17.99 395.84 -155.94
-17.99 395.84 -155.94
-17.99 395.84 -155.94
-26.99 395.84 -137.94
-26.99 395.84 -137.94
-26.99 395.84 -137.94
-26.99 395.84 -137.94
-26.99 395.84 -137.94
-26.99 395.84 -137.94
-26.99 395.84 -137.94
-26.99 395.84 -137.94
-26.99 395.84 -137.94
-26.99 395.84 -137.94
-26.99 395.84 -137.94
-26.99 395.84 -137.94
-41.98 377.85 -137.94
-41.98 377.85 -137.94
-41.98 377.85 -137.94
-41.98 377.85 -137.94
-41.98 377.85 -137.94
-41.98 377.85 -137.94
-41.98 377.85 -137.94
-41.98 377.85 -137.94
-41.98 377.85 -137.94
-41.98 377.85 -137.94
-41.98 377.85 -137.94
-41.98 377.85 -137.94
-41.98 377.85 -137.94
-41.98 365.85 -143.94
-41.98 365.85 -143.94
-41.98 365.85 -143.94
-41.98 365.85 -143.94
-41.98 365.85 -143.94
-41.98 365.85 -143.94
-41.98 365.85 -143.94
-41.98 365.85 -143.94
-41.98 365.85 -143.94
-41.98 365.85 -143.94
-41.98 365.85 -143.94
-41.98 365.85 -143.94
-44.98 356.85 -128.95
-44.98 356.85 -128.95
-44.98 356.85 -128.95
-44.98 356.85 -128.95
-44.98 356.85 -128.95
-44.98 356.85 -128.95
-44.98 356.85 -128.95
-44.98 356.85 -128.95
-44.98 356.85 -128.95
-44.98 356.85 -128.95
-44.98 356.85 -128.95
-44.98 356.85 -128.95
-44.98 356.85 -128.95
-55.48 343.36 -151.44
-55.48 343.36 -151.44
-55.48 343.36 -151.44
-55.48 343.36 -151.44
-55.48 343.36 -151.44
-55.48 343.36 -151.44
-55.48 343.36 -151.44
-55.48 343.36 -151.44
-55.48 343.36 -151.44
-55.48 343.36 -151.44
-55.48 343.36 -151.44
-55.48 343.36 -151.44
-46.48 322.37 -142.44
-46.48 322.37 -142.44
-46.48 322.37 -142.44
-46.48 322.37 -142.44
-46.48 322.37 -142.44
-46.48 322.37 -142.44
-46.48 322.37 -142.44
-46.48 322.37 -142.44
-46.48 322.37 -142.44
-46.48 322.37 -142.44
-46.48 322.37 -142.44
-46.48 322.37 -142.44
-46.48 322.37 -142.44
-64.47 307.37 -154.44
-64.47 307.37 -154.44
-64.47 307.37 -154.44
-64.47 307.37 -154.44
-64.47 307.37 -154.44
-64.47 307.37 -154.44
-64.47 307.37 -154.44
-64.47 307.37 -154.44
-64.47 307.37 -154.44
-64.47 307.37 -154.44
-64.47 307.37 -154.44
-64.47 307.37 -154.44
-64.47 307.37 -154.44
-47.98 299.88 -143.94
-47.98 299.88 -143.94
-47.98 299.88 -143.94
-47.98 299.88 -143.94
-47.98 299.88 -143.94
-47.98 299.88 -143.94
-47.98 299.88 -143.94
-47.98 299.88 -143.94
-47.98 299.88 -143.94
-47.98 299.88 -143.94
-47.98 299.88 -143.94
-47.98 299.88 -143.94
-53.98 266.89 -158.94
-53.98 266.89 -158.94
-53.98 266.89 -158.94
-53.98 266.89 -158.94
-53.98 266.89 -158.94
-53.98 266.89 -158.94
-53.98 266.89 -158.94
-53.98 266.89 -158.94
-53.98 266.89 -158.94
-53.98 266.89 -158.94
-53.98 266.89 -158.94
-53.98 266.89 -158.94
-53.98 266.89 -158.94
-68.97 275.89 -155.94
-68.97 275.89 -155.94
-68.97 275.89 -155.94
-68.97 275.89 -155.94
-68.97 275.89 -155.94
-68.97 275.89 -155.94
-68.97 275.89 -155.94
-68.97 275.89 -155.94
-68.97 275.89 -155.94
-68.97 275.89 -155.94
-68.97 275.89 -155.94
-68.97 275.89 -155.94
-73.47 238.40 -160.43
-73.47 238.40 -160.43
-73.47 238.40 -160.43
-73.47 238.40 -160.43
-73.47 238.40 -160.43
-73.47 238.40 -160.43
-73.47 238.40 -160.43
-73.47 238.40 -160.43
-73.47 238.40 -160.43
-73.47 238.40 -160.43
-73.47 238.40 -160.43
-73.47 238.40 -160.43
-73.47 238.40 -160.43
-58.48 217.41 -145.44
-58.48 217.41 -145.44
-58.48 217.41 -145.44
-58.48 217.41 -145.44
-58.48 217.41 -145.44
-58.48 217.41 -145.44
-58.48 217.41 -145.44
-58.48 217.41 -145.44
-58.48 217.41 -145.44
-58.48 217.41 -145.44
-58.48 217.41 -145.44
-58.48 217.41 -145.44
-76.47 208.42 -163.43
-76.47 208.42 -163.43
-76.47 208.42 -163.43
-76.47 208.42 -163.43
-76.47 208.42 -163.43
-76.47 208.42 -163.43
-76.47 208.42 -163.43
-76.47 208.42 -163.43
-76.47 208.42 -163.43
-76.47 208.42 -163.43
-76.47 208.42 -163.43
-76.47 208.42 -163.43
-76.47 208.42 -163.43
-76.47 169.43 -175.43
-76.47 169.43 -175.43
-76.47 169.43 -175.43
-76.47 169.43 -175.43
-76.47 169.43 -175.43
-76.47 169.43 -175.43
-76.47 169.43 -175.43
-76.47 169.43 -175.43
-76.47 169.43 -175.43
-76.47 169.43 -175.43
-76.47 169.43 -175.43
-76.47 169.43 -175.43
-61.47 163.43 -157.44
-61.47 163.43 -157.44
-61.47 163.43 -157.44
-61.47 163.43 -157.44
-61.47 163.43 -157.44
-61.47 163.43 -157.44
-61.47 163.43 -157.44
-61.47 163.43 -157.44
-61.47 163.43 -157.44
-61.47 163.43 -157.44
-61.47 163.43 -157.44
-61.47 163.43 -157.44
-61.47 163.43 -157.44
-86.96 125.95 -158.94
-86.96 125.95 -158.94
-86.96 125.95 -158.94
-86.96 125.95 -158.94
-86.96 125.95 -158.94
-86.96 125.95 -158.94
-86.96 125.95 -158.94
-86.96 125.95 -158.94
-86.96 125.95 -158.94
-86.96 125.95 -158.94
-86.96 125.95 -158.94
-86.96 125.95 -158.94
-86.96 125.95 -158.94
-82.47 115.45 -145.44
-82.47 115.45 -145.44
-82.47 115.45 -145.44
-82.47 115.45 -145.44
-82.47 115.45 -145.44
-82.47 115.45 -145.44
-82.47 115.45 -145.44
-82.47 115.45 -145.44
-82.47 115.45 -145.44
-82.47 115.45 -145.44
-82.47 115.45 -145.44
-82.47 115.45 -145.44
-64.47 94.46 -133.45
-64.47 94.46 -133.45
-64.47 94.46 -133.45
-64.47 94.46 -133.45
-64.47 94.46 -133.45
-64.47 94.46 -133.45
-64.47 94.46 -133.45
-64.47 94.46 -133.45
-64.47 94.46 -133.45
-64.47 94.46 -133.45
-64.47 94.46 -133.45
-64.47 94.46 -133.45
-64.47 94.46 -133.45
-73.47 82.47 -133.45
-73.47 82.47 -133.45
-73.47 82.47 -133.45
-73.47 82.47 -133.45
-73.47 82.47 -133.45
-73.47 82.47 -133.45
-73.47 82.47 -133.45
-73.47 82.47 -133.45
-73.47 82.47 -133.45
-73.47 82.47 -133.45
-73.47 82.47 -133.45
-73.47 82.47 -133.45
-59.98 59.98 -140.94
-59.98 59.98 -140.94
-59.98 59.98 -140.94
-59.98 59.98 -140.94
-59.98 59.98 -140.94
-59.98 59.98 -140.94
-59.98 59.98 -140.94
-59.98 59.98 -140.94
-59.98 59.98 -140.94
-59.98 59.98 -140.94
-59.98 59.98 -140.94
-59.98 59.98 -140.94
-59.98 59.98 -140.94
-55.48 55.48 -127.45
-55.48 55.48 -127.45
-55.48 55.48 -127.45
-55.48 55.48 -127.45
-55.48 55.48 -127.45
-55.48 55.48 -127.45
-55.48 55.48 -127.45
-55.48 55.48 -127.45
-55.48 55.48 -127.45
-55.48 55.48 -127.45
-55.48 55.48 -127.45
-55.48 55.48 -127.45
-46.48 58.48 -130.45
-46.48 58.48 -130.45
-46.48 58.48 -130.45
-46.48 58.48 -130.45
-46.48 58.48 -130.45
-46.48 58.48 -130.45
-46.48 58.48 -130.45
-46.48 58.48 -130.45
-46.48 58.48 -130.45
-46.48 58.48 -130.45
-46.48 58.48 -130.45
-46.48 58.48 -130.45
-46.48 58.48 -130.45
-44.98 47.98 -137.94
-44.98 47.98 -137.94
-44.98 47.98 -137.94
-44.98 47.98 -137.94
-44.98 47.98 -137.94
-44.98 47.98 -137.94
-44.98 47.98 -137.94
-44.98 47.98 -137.94
-44.98 47.98 -137.94
-44.98 47.98 -137.94
-44.98 47.98 -137.94
-44.98 47.98 -137.94
-34.49 22.49 -151.44
-34.49 22.49 -151.44
-34.49 22.49 -151.44
-34.49 22.49 -151.44
-34.49 22.49 -151.44
-34.49 22.49 -151.44
-34.49 22.49 -151.44
-34.49 22.49 -151.44
-34.49 22.49 -151.44
-34.49 22.49 -151.44
-34.49 22.49 -151.44
-34.49 22.49 -151.44
-34.49 22.49 -151.44
-31.49 1.50 -142.44
-31.49 1.50 -142.44
-31.49 1.50 -142.44
-31.49 1.50 -142.44
-31.49 1.50 -142.44
-31.49 1.50 -142.44
-31.49 1.50 -142.44
-31.49 1.50 -142.44
-31.49 1.50 -142.44
-31.49 1.50 -142.44
-31.49 1.50 -142.44
-31.49 1.50 -142.44
-31.49 1.50 -142.44
-20.99 -12.00 -146.94
-20.99 -12.00 -146.94
-20.99 -12.00 -146.94
-20.99 -12.00 -146.94
-20.99 -12.00 -146.94
-20.99 -12.00 -146.94
-20.99 -12.00 -146.94
-20.99 -12.00 -146.94
-20.99 -12.00 -146.94
-20.99 -12.00 -146.94
-20.99 -12.00 -146.94
-20.99 -12.00 -146.94
-17.99 -35.99 -134.95
-17.99 -35.99 -134.95
-17.99 -35.99 -134.95
-17.99 -35.99 -134.95
-17.99 -35.99 -134.95
-17.99 -35.99 -134.95
-17.99 -35.99 -134.95
-17.99 -35.99 -134.95
-17.99 -35.99 -134.95
-17.99 -35.99 -134.95
-17.99 -35.99 -134.95
-17.99 -35.99 -134.95
-17.99 -35.99 -134.95
-9.00 -53.98 -131.95
-9.00 -53.98 -131.95
-9.00 -53.98 -131.95
-9.00 -53.98 -131.95
-9.00 -53.98 -131.95
-9.00 -53.98 -131.95
-9.00 -53.98 -131.95
-9.00 -53.98 -131.95
-9.00 -53.98 -131.95
-9.00 -53.98 -131.95
-9.00 -53.98 -131.95
-9.00 -53.98 -131.95
-9.00 -62.97 -122.95
-9.00 -62.97 -122.95
-9.00 -62.97 -122.95
-9.00 -62.97 -122.95
-9.00 -62.97 -122.95
-9.00 -62.97 -122.95
-9.00 -62.97 -122.95
-9.00 -62.97 -122.95
-9.00 -62.97 -122.95
-9.00 -62.97 -122.95
-9.00 -62.97 -122.95
-9.00 -62.97 -122.95
-9.00 -62.97 -122.95
3.00 -77.97 -116.95
3.00 -77.97 -116.95
3.00 -77.97 -116.95
3.00 -77.97 -116.95
3.00 -77.97 -116.95
3.00 -77.97 -116.95
3.00 -77.97 -116.95
3.00 -77.97 -116.95
3.00 -77.97 -116.95
3.00 -77.97 -116.95
3.00 -77.97 -116.95
3.00 -77.97 -116.95
12.00 -80.97 -113.95
12.00 -80.97 -113.95
12.00 -80.97 -113.95
12.00 -80.97 -113.95
12.00 -80.97 -113.95
12.00 -80.97 -113.95
12.00 -80.97 -113.95
12.00 -80.97 -113.95
12.00 -80.97 -113.95
12.00 -80.97 -113.95
12.00 -80.97 -113.95
12.00 -80.97 -113.95
12.00 -80.97 -113.95
12.00 -86.96 -113.95
12.00 -86.96 -113.95
12.00 -86.96 -113.95
12.00 -86.96 -113.95
12.00 -86.96 -113.95
12.00 -86.96 -113.95
12.00 -86.96 -113.95
12.00 -86.96 -113.95
12.00 -86.96 -113.95
12.00 -86.96 -113.95
12.00 -86.96 -113.95
12.00 -86.96 -113.95
49.48 -76.47 -121.45
49.48 -76.47 -121.45
49.48 -76.47 -121.45
49.48 -76.47 -121.45
49.48 -76.47 -121.45
49.48 -76.47 -121.45
49.48 -76.47 -121.45
49.48 -76.47 -121.45
49.48 -76.47 -121.45
49.48 -76.47 -121.45
49.48 -76.47 -121.45
49.48 -76.47 -121.45
49.48 -76.47 -121.45
61.47 -112.45 -94.46
61.47 -112.45 -94.46
61.47 -112.45 -94.46
61.47 -112.45 -94.46
61.47 -112.45 -94.46
61.47 -112.45 -94.46
61.47 -112.45 -94.46
61.47 -112.45 -94.46
61.47 -112.45 -94.46
61.47 -112.45 -94.46
61.47 -112.45 -94.46
61.47 -112.45 -94.46
61.47 -112.45 -94.46
76.47 -103.46 -94.46
76.47 -103.46 -94.46
76.47 -103.46 -94.46
76.47 -103.46 -94.46
76.47 -103.46 -94.46
76.47 -103.46 -94.46
76.47 -103.46 -94.46
76.47 -103.46 -94.46
76.47 -103.46 -94.46
76.47 -103.46 -94.46
76.47 -103.46 -94.46
76.47 -103.46 -94.46
67.47 -121.45 -103.46
67.47 -121.45 -103.46
67.47 -121.45 -103.46
67.47 -121.45 -103.46
67.47 -121.45 -103.46
67.47 -121.45 -103.46
67.47 -121.45 -103.46
67.47 -121.45 -103.46
67.47 -121.45 -103.46
67.47 -121.45 -103.46
67.47 -121.45 -103.46
67.47 -121.45 -103.46
67.47 -121.45 -103.46
100.46 -118.45 -88.46
100.46 -118.45 -88.46
100.46 -118.45 -88.46
100.46 -118.45 -88.46
100.46 -118.45 -88.46
100.46 -118.45 -88.46
100.46 -118.45 -88.46
100.46 -118.45 -88.46
100.46 -118.45 -88.46
100.46 -118.45 -88.46
100.46 -118.45 -88.46
100.46 -118.45 -88.46
116.95 -110.95 -107.96
116.95 -110.95 -107.96
116.95 -110.95 -107.96
116.95 -110.95 -107.96
116.95 -110.95 -107.96
116.95 -110.95 -107.96
116.95 -110.95 -107.96
116.95 -110.95 -107.96
116.95 -110.95 -107.96
116.95 -110.95 -107.96
116.95 -110.95 -107.96
116.95 -110.95 -107.96
116.95 -110.95 -107.96
125.95 -125.95 -104.96
125.95 -125.95 -104.96
125.95 -125.95 -104.96
125.95 -125.95 -104.96
125.95 -125.95 -104.96
125.95 -125.95 -104.96
125.95 -125.95 -104.96
125.95 -125.95 -104.96
125.95 -125.95 -104.96
125.95 -125.95 -104.96
125.95 -125.95 -104.96
125.95 -125.95 -104.96
121.45 -139.44 -103.46
121.45 -139.44 -103.46
121.45 -139.44 -103.46
121.45 -139.44 -103.46
121.45 -139.44 -103.46
121.45 -139.44 -103.46
121.45 -139.44 -103.46
121.45 -139.44 -103.46
121.45 -139.44 -103.46
121.45 -139.44 -103.46
121.45 -139.44 -103.46
121.45 -139.44 -103.46
121.45 -139.44 -103.46
148.44 -139.44 -79.47
148.44 -139.44 -79.47
148.44 -139.44 -79.47
148.44 -139.44 -79.47
148.44 -139.44 -79.47
148.44 -139.44 -79.47
148.44 -139.44 -79.47
148.44 -139.44 -79.47
148.44 -139.44 -79.47
148.44 -139.44 -79.47
148.44 -139.44 -79.47
148.44 -139.44 -79.47
169.43 -130.45 -91.46
169.43 -130.45 -91.46
169.43 -130.45 -91.46
169.43 -130.45 -91.46
169.43 -130.45 -91.46
169.43 -130.45 -91.46
169.43 -130.45 -91.46
169.43 -130.45 -91.46
169.43 -130.45 -91.46
169.43 -130.45 -91.46
169.43 -130.45 -91.46
169.43 -130.45 -91.46
169.43 -130.45 -91.46
173.93 -143.94 -83.97
173.93 -143.94 -83.97
173.93 -143.94 -83.97
173.93 -143.94 -83.97
173.93 -143.94 -83.97
173.93 -143.94 -83.97
173.93 -143.94 -83.97
173.93 -143.94 -83.97
173.93 -143.94 -83.97
173.93 -143.94 -83.97
173.93 -143.94 -83.97
173.93 -143.94 -83.97
205.42 -130.45 -88.46
205.42 -130.45 -88.46
205.42 -130.45 -88.46
205.42 -130.45 -88.46
205.42 -130.45 -88.46
205.42 -130.45 -88.46
205.42 -130.45 -88.46
205.42 -130.45 -88.46
205.42 -130.45 -88.46
205.42 -130.45 -88.46
205.42 -130.45 -88.46
205.42 -130.45 -88.46
205.42 -130.45 -88.46
202.42 -142.44 -82.47
202.42 -142.44 -82.47
202.42 -142.44 -82.47
202.42 -142.44 -82.47
202.42 -142.44 -82.47
202.42 -142.44 -82.47
202.42 -142.44 -82.47
202.42 -142.44 -82.47
202.42 -142.44 -82.47
202.42 -142.44 -82.47
202.42 -142.44 -82.47
202.42 -142.44 -82.47
202.42 -142.44 -82.47
230.91 -146.94 -101.96
230.91 -146.94 -101.96
230.91 -146.94 -101.96
230.91 -146.94 -101.96
230.91 -146.94 -101.96
230.91 -146.94 -101.96
230.91 -146.94 -101.96
230.91 -146.94 -101.96
230.91 -146.94 -101.96
230.91 -146.94 -101.96
230.91 -146.94 -101.96
230.91 -146.94 -101.96
229.41 -139.44 -88.46
229.41 -139.44 -88.46
229.41 -139.44 -88.46
229.41 -139.44 -88.46
229.41 -139.44 -88.46
229.41 -139.44 -88.46
229.41 -139.44 -88.46
229.41 -139.44 -88.46
229.41 -139.44 -88.46
229.41 -139.44 -88.46
229.41 -139.44 -88.46
229.41 -139.44 -88.46
229.41 -139.44 -88.46
238.40 -130.45 -97.46
238.40 -130.45 -97.46
238.40 -130.45 -97.46
238.40 -130.45 -97.46
238.40 -130.45 -97.46
238.40 -130.45 -97.46
238.40 -130.45 -97.46
238.40 -130.45 -97.46
238.40 -130.45 -97.46
238.40 -130.45 -97.46
238.40 -130.45 -97.46
238.40 -130.45 -97.46
247.40 -130.45 -97.46
247.40 -130.45 -97.46
247.40 -130.45 -97.46
247.40 -130.45 -97.46
247.40 -130.45 -97.46
247.40 -130.45 -97.46
247.40 -130.45 -97.46
247.40 -130.45 -97.46
247.40 -130.45 -97.46
247.40 -130.45 -97.46
247.40 -130.45 -97.46
247.40 -130.45 -97.46
247.40 -130.45 -97.46
269.89 -134.95 -98.96
269.89 -134.95 -98.96
269.89 -134.95 -98.96
269.89 -134.95 -98.96
269.89 -134.95 -98.96
269.89 -134.95 -98.96
269.89 -134.95 -98.96
269.89 -134.95 -98.96
269.89 -134.95 -98.96
269.89 -134.95 -98.96
269.89 -134.95 -98.96
269.89 -134.95 -98.96
284.88 -131.95 -116.95
284.88 -131.95 -116.95
284.88 -131.95 -116.95
284.88 -131.95 -116.95
284.88 -131.95 -116.95
284.88 -131.95 -116.95
284.88 -131.95 -116.95
284.88 -131.95 -116.95
284.88 -131.95 -116.95
284.88 -131.95 -116.95
284.88 -131.95 -116.95
284.88 -131.95 -116.95
284.88 -131.95 -116.95
299.88 -131.95 -92.96
299.88 -131.95 -92.96
299.88 -131.95 -92.96
299.88 -131.95 -92.96
299.88 -131.95 -92.96
299.88 -131.95 -92.96
299.88 -131.95 -92.96
299.88 -131.95 -92.96
299.88 -131.95 -92.96
299.88 -131.95 -92.96
299.88 -131.95 -92.96
299.88 -131.95 -92.96
323.87 -119.95 -95.96
323.87 -119.95 -95.96
323.87 -119.95 -95.96
323.87 -119.95 -95.96
323.87 -119.95 -95.96
323.87 -119.95 -95.96
323.87 -119.95 -95.96
323.87 -119.95 -95.96
323.87 -119.95 -95.96
323.87 -119.95 -95.96
323.87 -119.95 -95.96
323.87 -119.95 -95.96
323.87 -119.95 -95.96
340.36 -118.45 -100.46
340.36 -118.45 -100.46
340.36 -118.45 -100.46
340.36 -118.45 -100.46
340.36 -118.45 -100.46
340.36 -118.45 -100.46
340.36 -118.45 -100.46
340.36 -118.45 -100.46
340.36 -118.45 -100.46
340.36 -118.45 -100.46
340.36 -118.45 -100.46
340.36 -118.45 -100.46
340.36 -118.45 -100.46
343.36 -124.45 -97.46
343.36 -124.45 -97.46
343.36 -124.45 -97.46
343.36 -124.45 -97.46
343.36 -124.45 -97.46
343.36 -124.45 -97.46
343.36 -124.45 -97.46
343.36 -124.45 -97.46
343.36 -124.45 -97.46
343.36 -124.45 -97.46
343.36 -124.45 -97.46
343.36 -124.45 -97.46
373.35 -133.45 -112.45
373.35 -133.45 -112.45
373.35 -133.45 -112.45
373.35 -133.45 -112.45
373.35 -133.45 -112.45
373.35 -133.45 -112.45
373.35 -133.45 -112.45
373.35 -133.45 -112.45
373.35 -133.45 -112.45
373.35 -133.45 -112.45
373.35 -133.45 -112.45
373.35 -133.45 -112.45
373.35 -133.45 -112.45
380.84 -119.95 -101.96
380.84 -119.95 -101.96
380.84 -119.95 -101.96
380.84 -119.95 -101.96
380.84 -119.95 -101.96
380.84 -119.95 -101.96
380.84 -119.95 -101.96
380.84 -119.95 -101.96
380.84 -119.95 -101.96
380.84 -119.95 -101.96
380.84 -119.95 -101.96
380.84 -119.95 -101.96
397.34 -109.46 -70.47
397.34 -109.46 -70.47
397.34 -109.46 -70.47
397.34 -109.46 -70.47
397.34 -109.46 -70.47
397.34 -109.46 -70.47
397.34 -109.46 -70.47
397.34 -109.46 -70.47
397.34 -109.46 -70.47
397.34 -109.46 -70.47
397.34 -109.46 -70.47
397.34 -109.46 -70.47
397.34 -109.46 -70.47
413.83 -98.96 -80.97
413.83 -98.96 -80.97
413.83 -98.96 -80.97
413.83 -98.96 -80.97
413.83 -98.96 -80.97
413.83 -98.96 -80.97
413.83 -98.96 -80.97
413.83 -98.96 -80.97
413.83 -98.96 -80.97
413.83 -98.96 -80.97
413.83 -98.96 -80.97
413.83 -98.96 -80.97
419.83 -77.97 -80.97
419.83 -77.97 -80.97
419.83 -77.97 -80.97
419.83 -77.97 -80.97
419.83 -77.97 -80.97
419.83 -77.97 -80.97
419.83 -77.97 -80.97
419.83 -77.97 -80.97
419.83 -77.97 -80.97
419.83 -77.97 -80.97
419.83 -77.97 -80.97
419.83 -77.97 -80.97
419.83 -77.97 -80.97
440.82 -77.97 -83.97
440.82 -77.97 -83.97
440.82 -77.97 -83.97
440.82 -77.97 -83.97
440.82 -77.97 -83.97
440.82 -77.97 -83.97
440.82 -77.97 -83.97
440.82 -77.97 -83.97
440.82 -77.97 -83.97
440.82 -77.97 -83.97
440.82 -77.97 -83.97
440.82 -77.97 -83.97
448.32 -55.48 -64.47
448.32 -55.48 -64.47
448.32 -55.48 -64.47
448.32 -55.48 -64.47
448.32 -55.48 -64.47
448.32 -55.48 -64.47
448.32 -55.48 -64.47
448.32 -55.48 -64.47
448.32 -55.48 -64.47
448.32 -55.48 -64.47
448.32 -55.48 -64.47
448.32 -55.48 -64.47
448.32 -55.48 -64.47
440.82 -32.99 -62.97
440.82 -32.99 -62.97
440.82 -32.99 -62.97
440.82 -32.99 -62.97
440.82 -32.99 -62.97
440.82 -32.99 -62.97
440.82 -32.99 -62.97
440.82 -32.99 -62.97
440.82 -32.99 -62.97
440.82 -32.99 -62.97
440.82 -32.99 -62.97
440.82 -32.99 -62.97
440.82 -32.99 -62.97
464.81 -26.99 -74.97
464.81 -26.99 -74.97
464.81 -26.99 -74.97
464.81 -26.99 -74.97
464.81 -26.99 -74.97
464.81 -26.99 -74.97
464.81 -26.99 -74.97
464.81 -26.99 -74.97
464.81 -26.99 -74.97
464.81 -26.99 -74.97
464.81 -26.99 -74.97
464.81 -26.99 -74.97
463.31 -1.50 -85.47
463.31 -1.50 -85.47
463.31 -1.50 -85.47
463.31 -1.50 -85.47
463.31 -1.50 -85.47
463.31 -1.50 -85.47
463.31 -1.50 -85.47
463.31 -1.50 -85.47
463.31 -1.50 -85.47
463.31 -1.50 -85.47
463.31 -1.50 -85.47
463.31 -1.50 -85.47
463.31 -1.50 -85.47
472.31 4.50 -73.47
472.31 4.50 -73.47
472.31 4.50 -73.47
472.31 4.50 -73.47
472.31 4.50 -73.47
472.31 4.50 -73.47
472.31 4.50 -73.47
472.31 4.50 -73.47
472.31 4.50 -73.47
472.31 4.50 -73.47
472.31 4.50 -73.47
472.31 4.50 -73.47
487.30 16.49 -79.47
487.30 16.49 -79.47
487.30 16.49 -79.47
487.30 16.49 -79.47
487.30 16.49 -79.47
487.30 16.49 -79.47
487.30 16.49 -79.47
487.30 16.49 -79.47
487.30 16.49 -79.47
487.30 16.49 -79.47
487.30 16.49 -79.47
487.30 16.49 -79.47
487.30 16.49 -79.47
472.31 28.49 -70.47
472.31 28.49 -70.47
472.31 28.49 -70.47
472.31 28.49 -70.47
472.31 28.49 -70.47
472.31 28.49 -70.47
472.31 28.49 -70.47
472.31 28.49 -70.47
472.31 28.49 -70.47
472.31 28.49 -70.47
472.31 28.49 -70.47
472.31 28.49 -70.47
488.80 47.98 -56.98
488.80 47.98 -56.98
488.80 47.98 -56.98
488.80 47.98 -56.98
488.80 47.98 -56.98
488.80 47.98 -56.98
488.80 47.98 -56.98
488.80 47.98 -56.98
488.80 47.98 -56.98
488.80 47.98 -56.98
488.80 47.98 -56.98
488.80 47.98 -56.98
488.80 47.98 -56.98
485.80 59.98 -80.97
485.80 59.98 -80.97
485.80 59.98 -80.97
485.80 59.98 -80.97
485.80 59.98 -80.97
485.80 59.98 -80.97
485.80 59.98 -80.97
485.80 59.98 -80.97
485.80 59.98 -80.97
485.80 59.98 -80.97
485.80 59.98 -80.97
485.80 59.98 -80.97
485.80 59.98 -80.97
496.30 73.47 -76.47
496.30 73.47 -76.47
496.30 73.47 -76.47
496.30 73.47 -76.47
496.30 73.47 -76.47
496.30 73.47 -76.47
496.30 73.47 -76.47
496.30 73.47 -76.47
496.30 73.47 -76.47
496.30 73.47 -76.47
496.30 73.47 -76.47
496.30 73.47 -76.47
496.30 88.46 -88.46
496.30 88.46 -88.46
496.30 88.46 -88.46
496.30 88.46 -88.46
496.30 88.46 -88.46
496.30 88.46 -88.46
496.30 88.46 -88.46
496.30 88.46 -88.46
496.30 88.46 -88.46
496.30 88.46 -88.46
496.30 88.46 -88.46
496.30 88.46 -88.46
496.30 88.46 -88.46
502.30 118.45 -76.47
502.30 118.45 -76.47
502.30 118.45 -76.47
502.30 118.45 -76.47
502.30 118.45 -76.47
502.30 118.45 -76.47
502.30 118.45 -76.47
502.30 118.45 -76.47
502.30 118.45 -76.47
502.30 118.45 -76.47
502.30 118.45 -76.47
502.30 118.45 -76.47
503.79 134.95 -95.96
503.79 134.95 -95.96
503.79 134.95 -95.96
503.79 134.95 -95.96
503.79 134.95 -95.96
503.79 134.95 -95.96
503.79 134.95 -95.96
503.79 134.95 -95.96
503.79 134.95 -95.96
503.79 134.95 -95.96
503.79 134.95 -95.96
503.79 134.95 -95.96
503.79 134.95 -95.96
493.30 145.44 -85.47
493.30 145.44 -85.47
493.30 145.44 -85.47
493.30 145.44 -85.47
493.30 145.44 -85.47
493.30 145.44 -85.47
493.30 145.44 -85.47
493.30 145.44 -85.47
493.30 145.44 -85.47
493.30 145.44 -85.47
493.30 145.44 -85.47
493.30 145.44 -85.47
500.80 158.94 -101.96
500.80 158.94 -101.96
500.80 158.94 -101.96
500.80 158.94 -101.96
500.80 158.94 -101.96
500.80 158.94 -101.96
500.80 158.94 -101.96
500.80 158.94 -101.96
500.80 158.94 -101.96
500.80 158.94 -101.96
500.80 158.94 -101.96
500.80 158.94 -101.96
500.80 158.94 -101.96
494.80 143.94 -113.95
494.80 143.94 -113.95
494.80 143.94 -113.95
494.80 143.94 -113.95
494.80 143.94 -113.95
494.80 143.94 -113.95
494.80 143.94 -113.95
494.80 143.94 -113.95
494.80 143.94 -113.95
494.80 143.94 -113.95
494.80 143.94 -113.95
494.80 143.94 -113.95
505.29 163.43 -109.46
505.29 163.43 -109.46
505.29 163.43 -109.46
505.29 163.43 -109.46
505.29 163.43 -109.46
505.29 163.43 -109.46
505.29 163.43 -109.46
505.29 163.43 -109.46
505.29 163.43 -109.46
505.29 163.43 -109.46
505.29 163.43 -109.46
505.29 163.43 -109.46
505.29 163.43 -109.46
500.80 164.93 -116.95
500.80 164.93 -116.95
500.80 164.93 -116.95
500.80 164.93 -116.95
500.80 164.93 -116.95
500.80 164.93 -116.95
500.80 164.93 -116.95
500.80 164.93 -116.95
500.80 164.93 -116.95
500.80 164.93 -116.95
500.80 164.93 -116.95
500.80 164.93 -116.95
500.80 164.93 -116.95
502.30 178.43 -103.46
502.30 178.43 -103.46
502.30 178.43 -103.46
502.30 178.43 -103.46
502.30 178.43 -103.46
502.30 178.43 -103.46
502.30 178.43 -103.46
502.30 178.43 -103.46
502.30 178.43 -103.46
502.30 178.43 -103.46
502.30 178.43 -103.46
502.30 178.43 -103.46
526.29 196.42 -97.46
526.29 196.42 -97.46
526.29 196.42 -97.46
526.29 196.42 -97.46
526.29 196.42 -97.46
526.29 196.42 -97.46
526.29 196.42 -97.46
526.29 196.42 -97.46
526.29 196.42 -97.46
526.29 196.42 -97.46
526.29 196.42 -97.46
526.29 196.42 -97.46
526.29 196.42 -97.46
527.79 206.92 -107.96
527.79 206.92 -107.96
527.79 206.92 -107.96
527.79 206.92 -107.96
527.79 206.92 -107.96
527.79 206.92 -107.96
527.79 206.92 -107.96
527.79 206.92 -107.96
527.79 206.92 -107.96
527.79 206.92 -107.96
527.79 206.92 -107.96
527.79 206.92 -107.96
526.29 202.42 -100.46
526.29 202.42 -100.46
526.29 202.42 -100.46
526.29 202.42 -100.46
526.29 202.42 -100.46
526.29 202.42 -100.46
526.29 202.42 -100.46
526.29 202.42 -100.46
526.29 202.42 -100.46
526.29 202.42 -100.46
526.29 202.42 -100.46
526.29 202.42 -100.46
526.29 202.42 -100.46
515.79 227.91 -92.96
515.79 227.91 -92.96
515.79 227.91 -92.96
515.79 227.91 -92.96
515.79 227.91 -92.96
515.79 227.91 -92.96
515.79 227.91 -92.96
515.79 227.91 -92.96
515.79 227.91 -92.96
515.79 227.91 -92.96
515.79 227.91 -92.96
515.79 227.91 -92.96
523.29 247.40 -106.46
523.29 247.40 -106.46
523.29 247.40 -106.46
523.29 247.40 -106.46
523.29 247.40 -106.46
523.29 247.40 -106.46
523.29 247.40 -106.46
523.29 247.40 -106.46
523.29 247.40 -106.46
523.29 247.40 -106.46
523.29 247.40 -106.46
523.29 247.40 -106.46
523.29 247.40 -106.46
526.29 241.40 -82.47
526.29 241.40 -82.47
526.29 241.40 -82.47
526.29 241.40 -82.47
526.29 241.40 -82.47
526.29 241.40 -82.47
526.29 241.40 -82.47
526.29 241.40 -82.47
526.29 241.40 -82.47
526.29 241.40 -82.47
526.29 241.40 -82.47
526.29 241.40 -82.47
527.79 254.90 -62.97
527.79 254.90 -62.97
527.79 254.90 -62.97
527.79 254.90 -62.97
527.79 254.90 -62.97
527.79 254.90 -62.97
527.79 254.90 -62.97
527.79 254.90 -62.97
527.79 254.90 -62.97
527.79 254.90 -62.97
527.79 254.90 -62.97
527.79 254.90 -62.97
527.79 254.90 -62.97
518.79 266.89 -65.97
518.79 266.89 -65.97
518.79 266.89 -65.97
518.79 266.89 -65.97
518.79 266.89 -65.97
518.79 266.89 -65.97
518.79 266.89 -65.97
518.79 266.89 -65.97
518.79 266.89 -65.97
518.79 266.89 -65.97
518.79 266.89 -65.97
518.79 266.89 -65.97
518.79 266.89 -65.97
526.29 304.38 -67.47
526.29 304.38 -67.47
526.29 304.38 -67.47
526.29 304.38 -67.47
526.29 304.38 -67.47
526.29 304.38 -67.47
526.29 304.38 -67.47
526.29 304.38 -67.47
526.29 304.38 -67.47
526.29 304.38 -67.47
526.29 304.38 -67.47
526.29 304.38 -67.47
530.78 329.87 -68.97
530.78 329.87 -68.97
530.78 329.87 -68.97
530.78 329.87 -68.97
530.78 329.87 -68.97
530.78 329.87 -68.97
530.78 329.87 -68.97
530.78 329.87 -68.97
530.78 329.87 -68.97
530.78 329.87 -68.97
530.78 329.87 -68.97
530.78 329.87 -68.97
530.78 329.87 -68.97
521.79 350.86 -77.97
521.79 350.86 -77.97
521.79 350.86 -77.97
521.79 350.86 -77.97
521.79 350.86 -77.97
521.79 350.86 -77.97
521.79 350.86 -77.97
521.79 350.86 -77.97
521.79 350.86 -77.97
521.79 350.86 -77.97
521.79 350.86 -77.97
521.79 350.86 -77.97
532.28 358.35 -79.47
532.28 358.35 -79.47
532.28 358.35 -79.47
532.28 358.35 -79.47
532.28 358.35 -79.47
532.28 358.35 -79.47
532.28 358.35 -79.47
532.28 358.35 -79.47
532.28 358.35 -79.47
532.28 358.35 -79.47
532.28 358.35 -79.47
532.28 358.35 -79.47
532.28 358.35 -79.47
517.29 379.35 -100.46
517.29 379.35 -100.46
517.29 379.35 -100.46
517.29 379.35 -100.46
517.29 379.35 -100.46
517.29 379.35 -100.46
517.29 379.35 -100.46
517.29 379.35 -100.46
517.29 379.35 -100.46
517.29 379.35 -100.46
517.29 379.35 -100.46
517.29 379.35 -100.46
506.79 410.83 -107.96
506.79 410.83 -107.96
506.79 410.83 -107.96
506.79 410.83 -107.96
506.79 410.83 -107.96
506.79 410.83 -107.96
506.79 410.83 -107.96
506.79 410.83 -107.96
506.79 410.83 -107.96
506.79 410.83 -107.96
506.79 410.83 -107.96
506.79 410.83 -107.96
506.79 410.83 -107.96
493.30 421.33 -103.46
493.30 421.33 -103.46
493.30 421.33 -103.46
493.30 421.33 -103.46
493.30 421.33 -103.46
493.30 421.33 -103.46
493.30 421.33 -103.46
493.30 421.33 -103.46
493.30 421.33 -103.46
493.30 421.33 -103.46
493.30 421.33 -103.46
493.30 421.33 -103.46
493.30 421.33 -103.46
487.30 439.32 -100.46
487.30 439.32 -100.46
487.30 439.32 -100.46
487.30 439.32 -100.46
487.30 439.32 -100.46
487.30 439.32 -100.46
487.30 439.32 -100.46
487.30 439.32 -100.46
487.30 439.32 -100.46
487.30 439.32 -100.46
487.30 439.32 -100.46
487.30 439.32 -100.46
469.31 439.32 -109.46
469.31 439.32 -109.46
469.31 439.32 -109.46
469.31 439.32 -109.46
469.31 439.32 -109.46
469.31 439.32 -109.46
469.31 439.32 -109.46
469.31 439.32 -109.46
469.31 439.32 -109.46
469.31 439.32 -109.46
469.31 439.32 -109.46
469.31 439.32 -109.46
469.31 439.32 -109.46
467.81 449.82 -143.94
467.81 449.82 -143.94
467.81 449.82 -143.94
467.81 449.82 -143.94
467.81 449.82 -143.94
467.81 449.82 -143.94
467.81 449.82 -143.94
467.81 449.82 -143.94
467.81 449.82 -143.94
467.81 449.82 -143.94
467.81 449.82 -143.94
467.81 449.82 -143.94
461.81 452.82 -125.95
461.81 452.82 -125.95
461.81 452.82 -125.95
461.81 452.82 -125.95
461.81 452.82 -125.95
461.81 452.82 -125.95
461.81 452.82 -125.95
461.81 452.82 -125.95
461.81 452.82 -125.95
461.81 452.82 -125.95
461.81 452.82 -125.95
461.81 452.82 -125.95
461.81 452.82 -125.95
449.82 476.81 -128.95
449.82 476.81 -128.95
449.82 476.81 -128.95
449.82 476.81 -128.95
449.82 476.81 -128.95
449.82 476.81 -128.95
449.82 476.81 -128.95
449.82 476.81 -128.95
449.82 476.81 -128.95
449.82 476.81 -128.95
449.82 476.81 -128.95
449.82 476.81 -128.95
436.32 484.30 -142.44
436.32 484.30 -142.44
436.32 484.30 -142.44
436.32 484.30 -142.44
436.32 484.30 -142.44
436.32 484.30 -142.44
436.32 484.30 -142.44
436.32 484.30 -142.44
436.32 484.30 -142.44
436.32 484.30 -142.44
436.32 484.30 -142.44
436.32 484.30 -142.44
436.32 484.30 -142.44
421.33 493.30 -151.44
421.33 493.30 -151.44
421.33 493.30 -151.44
421.33 493.30 -151.44
421.33 493.30 -151.44
421.33 493.30 -151.44
421.33 493.30 -151.44
421.33 493.30 -151.44
421.33 493.30 -151.44
421.33 493.30 -151.44
421.33 493.30 -151.44
421.33 493.30 -151.44
416.83 506.79 -152.94
416.83 506.79 -152.94
416.83 506.79 -152.94
416.83 506.79 -152.94
416.83 506.79 -152.94
416.83 506.79 -152.94
416.83 506.79 -152.94
416.83 506.79 -152.94
416.83 506.79 -152.94
416.83 506.79 -152.94
416.83 506.79 -152.94
416.83 506.79 -152.94
416.83 506.79 -152.94
410.83 518.79 -158.94
410.83 518.79 -158.94
410.83 518.79 -158.94
410.83 518.79 -158.94
410.83 518.79 -158.94
410.83 518.79 -158.94
410.83 518.79 -158.94
410.83 518.79 -158.94
410.83 518.79 -158.94
410.83 518.79 -158.94
410.83 518.79 -158.94
410.83 518.79 -158.94
410.83 518.79 -158.94
394.34 514.29 -166.43
394.34 514.29 -166.43
394.34 514.29 -166.43
394.34 514.29 -166.43
394.34 514.29 -166.43
394.34 514.29 -166.43
394.34 514.29 -166.43
394.34 514.29 -166.43
394.34 514.29 -166.43
394.34 514.29 -166.43
394.34 514.29 -166.43
394.34 514.29 -166.43
383.84 521.79 -164.93
383.84 521.79 -164.93
383.84 521.79 -164.93
383.84 521.79 -164.93
383.84 521.79 -164.93
383.84 521.79 -164.93
383.84 521.79 -164.93
383.84 521.79 -164.93
383.84 521.79 -164.93
383.84 521.79 -164.93
383.84 521.79 -164.93
383.84 521.79 -164.93
383.84 521.79 -164.93
370.35 514.29 -160.43
370.35 514.29 -160.43
370.35 514.29 -160.43
370.35 514.29 -160.43
370.35 514.29 -160.43
370.35 514.29 -160.43
370.35 514.29 -160.43
370.35 514.29 -160.43
370.35 514.29 -160.43
370.35 514.29 -160.43
370.35 514.29 -160.43
370.35 514.29 -160.43
367.35 526.29 -175.43
367.35 526.29 -175.43
367.35 526.29 -175.43
367.35 526.29 -175.43
367.35 526.29 -175.43
367.35 526.29 -175.43
367.35 526.29 -175.43
367.35 526.29 -175.43
367.35 526.29 -175.43
367.35 526.29 -175.43
367.35 526.29 -175.43
367.35 526.29 -175.43
367.35 526.29 -175.43
374.85 515.79 -170.93
374.85 515.79 -170.93
374.85 515.79 -170.93
374.85 515.79 -170.93
374.85 515.79 -170.93
374.85 515.79 -170.93
374.85 515.79 -170.93
374.85 515.79 -170.93
374.85 515.79 -170.93
374.85 515.79 -170.93
374.85 515.79 -170.93
374.85 515.79 -170.93
349.36 529.28 -157.44
349.36 529.28 -157.44
349.36 529.28 -157.44
349.36 529.28 -157.44
349.36 529.28 -157.44
349.36 529.28 -157.44
349.36 529.28 -157.44
349.36 529.28 -157.44
349.36 529.28 -157.44
349.36 529.28 -157.44
349.36 529.28 -157.44
349.36 529.28 -157.44
349.36 529.28 -157.44
341.86 533.78 -167.93
341.86 533.78 -167.93
341.86 533.78 -167.93
341.86 533.78 -167.93
341.86 533.78 -167.93
341.86 533.78 -167.93
341.86 533.78 -167.93
341.86 533.78 -167.93
341.86 533.78 -167.93
341.86 533.78 -167.93
341.86 533.78 -167.93
341.86 533.78 -167.93
341.86 533.78 -167.93
317.87 551.78 -179.93
317.87 551.78 -179.93
317.87 551.78 -179.93
317.87 551.78 -179.93
317.87 551.78 -179.93
317.87 551.78 -179.93
317.87 551.78 -179.93
317.87 551.78 -179.93
317.87 551.78 -179.93
317.87 551.78 -179.93
317.87 551.78 -179.93
317.87 551.78 -179.93
302.88 536.78 -176.93
302.88 536.78 -176.93
302.88 536.78 -176.93
302.88 536.78 -176.93
302.88 536.78 -176.93
302.88 536.78 -176.93
302.88 536.78 -176.93
302.88 536.78 -176.93
302.88 536.78 -176.93
302.88 536.78 -176.93
302.88 536.78 -176.93
302.88 536.78 -176.93
302.88 536.78 -176.93
299.88 542.78 -170.93
299.88 542.78 -170.93
299.88 542.78 -170.93
299.88 542.78 -170.93
299.88 542.78 -170.93
299.88 542.78 -170.93
299.88 542.78 -170.93
299.88 542.78 -170.93
299.88 542.78 -170.93
299.88 542.78 -170.93
299.88 542.78 -170.93
299.88 542.78 -170.93
274.39 532.28 -160.43
274.39 532.28 -160.43
274.39 532.28 -160.43
274.39 532.28 -160.43
274.39 532.28 -160.43
274.39 532.28 -160.43
274.39 532.28 -160.43
274.39 532.28 -160.43
274.39 532.28 -160.43
274.39 532.28 -160.43
274.39 532.28 -160.43
274.39 532.28 -160.43
274.39 532.28 -160.43
278.89 518.79 -152.94
278.89 518.79 -152.94
278.89 518.79 -152.94
278.89 518.79 -152.94
278.89 518.79 -152.94
278.89 518.79 -152.94
278.89 518.79 -152.94
278.89 518.79 -152.94
278.89 518.79 -152.94
278.89 518.79 -152.94
278.89 518.79 -152.94
278.89 518.79 -152.94
259.39 532.28 -163.43
259.39 532.28 -163.43
259.39 532.28 -163.43
259.39 532.28 -163.43
259.39 532.28 -163.43
259.39 532.28 -163.43
259.39 532.28 -163.43
259.39 532.28 -163.43
259.39 532.28 -163.43
259.39 532.28 -163.43
259.39 532.28 -163.43
259.39 532.28 -163.43
259.39 532.28 -163.43
241.40 535.28 -160.43
241.40 535.28 -160.43
241.40 535.28 -160.43
241.40 535.28 -160.43
241.40 535.28 -160.43
241.40 535.28 -160.43
241.40 535.28 -160.43
241.40 535.28 -160.43
241.40 535.28 -160.43
241.40 535.28 -160.43
241.40 535.28 -160.43
241.40 535.28 -160.43
218.91 536.78 -155.94
218.91 536.78 -155.94
218.91 536.78 -155.94
218.91 536.78 -155.94
218.91 536.78 -155.94
218.91 536.78 -155.94
218.91 536.78 -155.94
218.91 536.78 -155.94
218.91 536.78 -155.94
218.91 536.78 -155.94
218.91 536.78 -155.94
218.91 536.78 -155.94
218.91 536.78 -155.94
229.41 538.28 -151.44
229.41 538.28 -151.44
229.41 538.28 -151.44
229.41 538.28 -151.44
229.41 538.28 -151.44
229.41 538.28 -151.44
229.41 538.28 -151.44
229.41 538.28 -151.44
229.41 538.28 -151.44
229.41 538.28 -151.44
229.41 538.28 -151.44
229.41 538.28 -151.44
229.41 538.28 -151.44
211.41 541.28 -154.44
211.41 541.28 -154.44
211.41 541.28 -154.44
211.41 541.28 -154.44
211.41 541.28 -154.44
211.41 541.28 -154.44
211.41 541.28 -154.44
211.41 541.28 -154.44
211.41 541.28 -154.44
211.41 541.28 -154.44
211.41 541.28 -154.44
211.41 541.28 -154.44
194.92 545.78 -140.94
194.92 545.78 -140.94
194.92 545.78 -140.94
194.92 545.78 -140.94
194.92 545.78 -140.94
194.92 545.78 -140.94
194.92 545.78 -140.94
194.92 545.78 -140.94
194.92 545.78 -140.94
194.92 545.78 -140.94
194.92 545.78 -140.94
194.92 545.78 -140.94
194.92 545.78 -140.94
190.42 553.27 -148.44
190.42 553.27 -148.44
190.42 553.27 -148.44
190.42 553.27 -148.44
190.42 553.27 -148.44
190.42 553.27 -148.44
190.42 553.27 -148.44
190.42 553.27 -148.44
190.42 553.27 -148.44
190.42 553.27 -148.44
190.42 553.27 -148.44
190.42 553.27 -148.44
164.93 551.78 -152.94
164.93 551.78 -152.94
164.93 551.78 -152.94
164.93 551.78 -152.94
164.93 551.78 -152.94
164.93 551.78 -152.94
164.93 551.78 -152.94
164.93 551.78 -152.94
164.93 551.78 -152.94
164.93 551.78 -152.94
164.93 551.78 -152.94
164.93 551.78 -152.94
164.93 551.78 -152.94
155.94 539.78 -149.94
155.94 539.78 -149.94
155.94 539.78 -149.94
155.94 539.78 -149.94
155.94 539.78 -149.94
155.94 539.78 -149.94
155.94 539.78 -149.94
155.94 539.78 -149.94
155.94 539.78 -149.94
155.94 539.78 -149.94
155.94 539.78 -149.94
155.94 539.78 -149.94
136.44 529.28 -166.43
136.44 529.28 -166.43
136.44 529.28 -166.43
136.44 529.28 -166.43
136.44 529.28 -166.43
136.44 529.28 -166.43
136.44 529.28 -166.43
136.44 529.28 -166.43
136.44 529.28 -166.43
136.44 529.28 -166.43
136.44 529.28 -166.43
136.44 529.28 -166.43
136.44 529.28 -166.43
113.95 530.78 -161.93
113.95 530.78 -161.93
113.95 530.78 -161.93
113.95 530.78 -161.93
113.95 530.78 -161.93
113.95 530.78 -161.93
113.95 530.78 -161.93
113.95 530.78 -161.93
113.95 530.78 -161.93
113.95 530.78 -161.93
113.95 530.78 -161.93
113.95 530.78 -161.93
113.95 530.78 -161.93
103.46 517.29 -160.43
103.46 517.29 -160.43
103.46 517.29 -160.43
103.46 517.29 -160.43
103.46 517.29 -160.43
103.46 517.29 -160.43
103.46 517.29 -160.43
103.46 517.29 -160.43
103.46 517.29 -160.43
103.46 517.29 -160.43
103.46 517.29 -160.43
103.46 517.29 -160.43
91.46 517.29 -166.43
91.46 517.29 -166.43
91.46 517.29 -166.43
91.46 517.29 -166.43
91.46 517.29 -166.43
91.46 517.29 -166.43
91.46 517.29 -166.43
91.46 517.29 -166.43
91.46 517.29 -166.43
91.46 517.29 -166.43
91.46 517.29 -166.43
91.46 517.29 -166.43
91.46 517.29 -166.43
74.97 503.79 -161.93
74.97 503.79 -161.93
74.97 503.79 -161.93
74.97 503.79 -161.93
74.97 503.79 -161.93
74.97 503.79 -161.93
74.97 503.79 -161.93
74.97 503.79 -161.93
74.97 503.79 -161.93
74.97 503.79 -161.93
74.97 503.79 -161.93
74.97 503.79 -161.93
70.47 493.30 -163.43
70.47 493.30 -163.43
70.47 493.30 -163.43
70.47 493.30 -163.43
70.47 493.30 -163.43
70.47 493.30 -163.43
70.47 493.30 -163.43
70.47 493.30 -163.43
70.47 493.30 -163.43
70.47 493.30 -163.43
70.47 493.30 -163.43
70.47 493.30 -163.43
70.47 493.30 -163.43
29.99 479.80 -158.94
29.99 479.80 -158.94
29.99 479.80 -158.94
29.99 479.80 -158.94
29.99 479.80 -158.94
29.99 479.80 -158.94
29.99 479.80 -158.94
29.99 479.80 -158.94
29.99 479.80 -158.94
29.99 479.80 -158.94
29.99 479.80 -158.94
29.99 479.80 -158.94
41.98 479.80 -149.94
41.98 479.80 -149.94
41.98 479.80 -149.94
41.98 479.80 -149.94
41.98 479.80 -149.94
41.98 479.80 -149.94
41.98 479.80 -149.94
41.98 479.80 -149.94
41.98 479.80 -149.94
41.98 479.80 -149.94
41.98 479.80 -149.94
41.98 479.80 -149.94
41.98 479.80 -149.94
29.99 467.81 -161.93
29.99 467.81 -161.93
29.99 467.81 -161.93
29.99 467.81 -161.93
29.99 467.81 -161.93
29.99 467.81 -161.93
29.99 467.81 -161.93
29.99 467.81 -161.93
29.99 467.81 -161.93
29.99 467.81 -161.93
29.99 467.81 -161.93
29.99 467.81 -161.93
22.49 457.31 -151.44
22.49 457.31 -151.44
22.49 457.31 -151.44
22.49 457.31 -151.44
22.49 457.31 -151.44
22.49 457.31 -151.44
22.49 457.31 -151.44
22.49 457.31 -151.44
22.49 457.31 -151.44
22.49 457.31 -151.44
22.49 457.31 -151.44
22.49 457.31 -151.44
22.49 457.31 -151.44
17.99 452.82 -146.94
17.99 452.82 -146.94
17.99 452.82 -146.94
17.99 452.82 -146.94
17.99 452.82 -146.94
17.99 452.82 -146.94
17.99 452.82 -146.94
17.99 452.82 -146.94
17.99 452.82 -146.94
17.99 452.82 -146.94
17.99 452.82 -146.94
17.99 452.82 -146.94
17.99 452.82 -146.94
14.99 437.82 -140.94
14.99 437.82 -140.94
14.99 437.82 -140.94
14.99 437.82 -140.94
14.99 437.82 -140.94
14.99 437.82 -140.94
14.99 437.82 -140.94
14.99 437.82 -140.94
14.99 437.82 -140.94
14.99 437.82 -140.94
14.99 437.82 -140.94
14.99 437.82 -140.94
-7.50 424.33 -142.44
-7.50 424.33 -142.44
-7.50 424.33 -142.44
-7.50 424.33 -142.44
-7.50 424.33 -142.44
-7.50 424.33 -142.44
-7.50 424.33 -142.44
-7.50 424.33 -142.44
-7.50 424.33 -142.44
-7.50 424.33 -142.44
-7.50 424.33 -142.44
-7.50 424.33 -142.44
-7.50 424.33 -142.44
-10.50 412.33 -148.44
-10.50 412.33 -148.44
-10.50 412.33 -148.44
-10.50 412.33 -148.44
-10.50 412.33 -148.44
-10.50 412.33 -148.44
-10.50 412.33 -148.44
-10.50 412.33 -148.44
-10.50 412.33 -148.44
-10.50 412.33 -148.44
-10.50 412.33 -148.44
-10.50 412.33 -148.44
-13.49 415.33 -139.44
-13.49 415.33 -139.44
-13.49 415.33 -139.44
-13.49 415.33 -139.44
-13.49 415.33 -139.44
-13.49 415.33 -139.44
-13.49 415.33 -139.44
-13.49 415.33 -139.44
-13.49 415.33 -139.44
-13.49 415.33 -139.44
-13.49 415.33 -139.44
-13.49 415.33 -139.44
-13.49 415.33 -139.44
-25.49 409.33 -148.44
-25.49 409.33 -148.44
-25.49 409.33 -148.44
-25.49 409.33 -148.44
-25.49 409.33 -148.44
-25.49 409.33 -148.44
-25.49 409.33 -148.44
-25.49 409.33 -148.44
-25.49 409.33 -148.44
-25.49 409.33 -148.44
-25.49 409.33 -148.44
-25.49 409.33 -148.44
-50.98 377.85 -137.94
-50.98 377.85 -137.94
-50.98 377.85 -137.94
-50.98 377.85 -137.94
-50.98 377.85 -137.94
-50.98 377.85 -137.94
-50.98 377.85 -137.94
-50.98 377.85 -137.94
-50.98 377.85 -137.94
-50.98 377.85 -137.94
-50.98 377.85 -137.94
-50.98 377.85 -137.94
-50.98 377.85 -137.94
-44.98 365.85 -149.94
-44.98 365.85 -149.94
-44.98 365.85 -149.94
-44.98 365.85 -149.94
-44.98 365.85 -149.94
-44.98 365.85 -149.94
-44.98 365.85 -149.94
-44.98 365.85 -149.94
-44.98 365.85 -149.94
-44.98 365.85 -149.94
-44.98 365.85 -149.94
-44.98 365.85 -149.94
-44.98 365.85 -149.94
-52.48 355.36 -142.44
-52.48 355.36 -142.44
-52.48 355.36 -142.44
-52.48 355.36 -142.44
-52.48 355.36 -142.44
-52.48 355.36 -142.44
-52.48 355.36 -142.44
-52.48 355.36 -142.44
-52.48 355.36 -142.44
-52.48 355.36 -142.44
-52.48 355.36 -142.44
-52.48 355.36 -142.44
-53.98 329.87 -164.93
-53.98 329.87 -164.93
-53.98 329.87 -164.93
-53.98 329.87 -164.93
-53.98 329.87 -164.93
-53.98 329.87 -164.93
-53.98 329.87 -164.93
-53.98 329.87 -164.93
-53.98 329.87 -164.93
-53.98 329.87 -164.93
-53.98 329.87 -164.93
-53.98 329.87 -164.93
-53.98 329.87 -164.93
-56.98 326.87 -146.94
-56.98 326.87 -146.94
-56.98 326.87 -146.94
-56.98 326.87 -146.94
-56.98 326.87 -146.94
-56.98 326.87 -146.94
-56.98 326.87 -146.94
-56.98 326.87 -146.94
-56.98 326.87 -146.94
-56.98 326.87 -146.94
-56.98 326.87 -146.94
-56.98 326.87 -146.94
-52.48 301.38 -142.44
-52.48 301.38 -142.44
-52.48 301.38 -142.44
-52.48 301.38 -142.44
-52.48 301.38 -142.44
-52.48 301.38 -142.44
-52.48 301.38 -142.44
-52.48 301.38 -142.44
-52.48 301.38 -142.44
-52.48 301.38 -142.44
-52.48 301.38 -142.44
-52.48 301.38 -142.44
-52.48 301.38 -142.44
-76.47 295.38 -160.43
-76.47 295.38 -160.43
-76.47 295.38 -160.43
-76.47 295.38 -160.43
-76.47 295.38 -160.43
-76.47 295.38 -160.43
-76.47 295.38 -160.43
-76.47 295.38 -160.43
-76.47 295.38 -160.43
-76.47 295.38 -160.43
-76.47 295.38 -160.43
-76.47 295.38 -160.43
-62.97 272.89 -149.94
-62.97 272.89 -149.94
-62.97 272.89 -149.94
-62.97 272.89 -149.94
-62.97 272.89 -149.94
-62.97 272.89 -149.94
-62.97 272.89 -149.94
-62.97 272.89 -149.94
-62.97 272.89 -149.94
-62.97 272.89 -149.94
-62.97 272.89 -149.94
-62.97 272.89 -149.94
-62.97 272.89 -149.94
-74.97 254.90 -161.93
-74.97 254.90 -161.93
-74.97 254.90 -161.93
-74.97 254.90 -161.93
-74.97 254.90 -161.93
-74.97 254.90 -161.93
-74.97 254.90 -161.93
-74.97 254.90 -161.93
-74.97 254.90 -161.93
-74.97 254.90 -161.93
-74.97 254.90 -161.93
-74.97 254.90 -161.93
-77.97 224.91 -161.93
-77.97 224.91 -161.93
-77.97 224.91 -161.93
-77.97 224.91 -161.93
-77.97 224.91 -161.93
-77.97 224.91 -161.93
-77.97 224.91 -161.93
-77.97 224.91 -161.93
-77.97 224.91 -161.93
-77.97 224.91 -161.93
-77.97 224.91 -161.93
-77.97 224.91 -161.93
-77.97 224.91 -161.93
-65.97 221.91 -158.94
-65.97 221.91 -158.94
-65.97 221.91 -158.94
-65.97 221.91 -158.94
-65.97 221.91 -158.94
-65.97 221.91 -158.94
-65.97 221.91 -158.94
-65.97 221.91 -158.94
-65.97 221.91 -158.94
-65.97 221.91 -158.94
-65.97 221.91 -158.94
-65.97 221.91 -158.94
-65.97 221.91 -158.94
-59.98 191.92 -152.94
-59.98 191.92 -152.94
-59.98 191.92 -152.94
-59.98 191.92 -152.94
-59.98 191.92 -152.94
-59.98 191.92 -152.94
-59.98 191.92 -152.94
-59.98 191.92 -152.94
-59.98 191.92 -152.94
-59.98 191.92 -152.94
-59.98 191.92 -152.94
-59.98 191.92 -152.94
-86.96 170.93 -170.93
-86.96 170.93 -170.93
-86.96 170.93 -170.93
-86.96 170.93 -170.93
-86.96 170.93 -170.93
-86.96 170.93 -170.93
-86.96 170.93 -170.93
-86.96 170.93 -170.93
-86.96 170.93 -170.93
-86.96 170.93 -170.93
-86.96 170.93 -170.93
-86.96 170.93 -170.93
-86.96 170.93 -170.93
-85.47 151.44 -175.43
-85.47 151.44 -175.43
-85.47 151.44 -175.43
-85.47 151.44 -175.43
-85.47 151.44 -175.43
-85.47 151.44 -175.43
-85.47 151.44 -175.43
-85.47 151.44 -175.43
-85.47 151.44 -175.43
-85.47 151.44 -175.43
-85.47 151.44 -175.43
-85.47 151.44 -175.43
-77.97 113.95 -149.94
-77.97 113.95 -149.94
-77.97 113.95 -149.94
-77.97 113.95 -149.94
-77.97 113.95 -149.94
-77.97 113.95 -149.94
-77.97 113.95 -149.94
-77.97 113.95 -149.94
-77.97 113.95 -149.94
-77.97 113.95 -149.94
-77.97 113.95 -149.94
-77.97 113.95 -149.94
-77.97 113.95 -149.94
-89.96 101.96 -146.94
-89.96 101.96 -146.94
-89.96 101.96 -146.94
-89.96 101.96 -146.94
-89.96 101.96 -146.94
-89.96 101.96 -146.94
-89.96 101.96 -146.94
-89.96 101.96 -146.94
-89.96 101.96 -146.94
-89.96 101.96 -146.94
-89.96 101.96 -146.94
-89.96 101.96 -146.94
-71.97 95.96 -137.94
-71.97 95.96 -137.94
-71.97 95.96 -137.94
-71.97 95.96 -137.94
-71.97 95.96 -137.94
-71.97 95.96 -137.94
-71.97 95.96 -137.94
-71.97 95.96 -137.94
-71.97 95.96 -137.94
-71.97 95.96 -137.94
-71.97 95.96 -137.94
-71.97 95.96 -137.94
-71.97 95.96 -137.94
-77.97 83.97 -134.95
-77.97 83.97 -134.95
-77.97 83.97 -134.95
-77.97 83.97 -134.95
-77.97 83.97 -134.95
-77.97 83.97 -134.95
-77.97 83.97 -134.95
-77.97 83.97 -134.95
-77.97 83.97 -134.95
-77.97 83.97 -134.95
-77.97 83.97 -134.95
-77.97 83.97 -134.95
-62.97 71.97 -143.94
-62.97 71.97 -143.94
-62.97 71.97 -143.94
-62.97 71.97 -143.94
-62.97 71.97 -143.94
-62.97 71.97 -143.94
-62.97 71.97 -143.94
-62.97 71.97 -143.94
-62.97 71.97 -143.94
-62.97 71.97 -143.94
-62.97 71.97 -143.94
-62.97 71.97 -143.94
-62.97 71.97 -143.94
-52.48 70.47 -133.45
-52.48 70.47 -133.45
-52.48 70.47 -133.45
-52.48 70.47 -133.45
-52.48 70.47 -133.45
-52.48 70.47 -133.45
-52.48 70.47 -133.45
-52.48 70.47 -133.45
-52.48 70.47 -133.45
-52.48 70.47 -133.45
-52.48 70.47 -133.45
-52.48 70.47 -133.45
-47.98 59.98 -131.95
-47.98 59.98 -131.95
-47.98 59.98 -131.95
-47.98 59.98 -131.95
-47.98 59.98 -131.95
-47.98 59.98 -131.95
-47.98 59.98 -131.95
-47.98 59.98 -131.95
-47.98 59.98 -131.95
-47.98 59.98 -131.95
-47.98 59.98 -131.95
-47.98 59.98 -131.95
-47.98 59.98 -131.95
-46.48 34.49 -133.45
-46.48 34.49 -133.45
-46.48 34.49 -133.45
-46.48 34.49 -133.45
-46.48 34.49 -133.45
-46.48 34.49 -133.45
-46.48 34.49 -133.45
-46.48 34.49 -133.45
-46.48 34.49 -133.45
-46.48 34.49 -133.45
-46.48 34.49 -133.45
-46.48 34.49 -133.45
-46.48 34.49 -133.45
-47.98 17.99 -149.94
-47.98 17.99 -149.94
-47.98 17.99 -149.94
-47.98 17.99 -149.94
-47.98 17.99 -149.94
-47.98 17.99 -149.94
-47.98 17.99 -149.94
-47.98 17.99 -149.94
-47.98 17.99 -149.94
-47.98 17.99 -149.94
-47.98 17.99 -149.94
-47.98 17.99 -149.94
-28.49 -1.50 -151.44
-28.49 -1.50 -151.44
-28.49 -1.50 -151.44
-28.49 -1.50 -151.44
-28.49 -1.50 -151.44
-28.49 -1.50 -151.44
-28.49 -1.50 -151.44
-28.49 -1.50 -151.44
-28.49 -1.50 -151.44
-28.49 -1.50 -151.44
-28.49 -1.50 -151.44
-28.49 -1.50 -151.44
-28.49 -1.50 -151.44
-34.49 -25.49 -145.44
-34.49 -25.49 -145.44
-34.49 -25.49 -145.44
-34.49 -25.49 -145.44
-34.49 -25.49 -145.44
-34.49 -25.49 -145.44
-34.49 -25.49 -145.44
-34.49 -25.49 -145.44
-34.49 -25.49 -145.44
-34.49 -25.49 -145.44
-34.49 -25.49 -145.44
-34.49 -25.49 -145.44
-20.99 -38.98 -143.94
-20.99 -38.98 -143.94
-20.99 -38.98 -143.94
-20.99 -38.98 -143.94
-20.99 -38.98 -143.94
-20.99 -38.98 -143.94
-20.99 -38.98 -143.94
-20.99 -38.98 -143.94
-20.99 -38.98 -143.94
-20.99 -38.98 -143.94
-20.99 -38.98 -143.94
-20.99 -38.98 -143.94
-20.99 -38.98 -143.94
-7.50 -61.47 -121.45
-7.50 -61.47 -121.45
-7.50 -61.47 -121.45
-7.50 -61.47 -121.45
-7.50 -61.47 -121.45
-7.50 -61.47 -121.45
-7.50 -61.47 -121.45
-7.50 -61.47 -121.45
-7.50 -61.47 -121.45
-7.50 -61.47 -121.45
-7.50 -61.47 -121.45
-7.50 -61.47 -121.45
-6.00 -56.98 -125.95
-6.00 -56.98 -125.95
-6.00 -56.98 -125.95
-6.00 -56.98 -125.95
-6.00 -56.98 -125.95
-6.00 -56.98 -125.95
-6.00 -56.98 -125.95
-6.00 -56.98 -125.95
-6.00 -56.98 -125.95
-6.00 -56.98 -125.95
-6.00 -56.98 -125.95
-6.00 -56.98 -125.95
-6.00 -56.98 -125.95
20.99 -71.97 -116.95
20.99 -71.97 -116.95
20.99 -71.97 -116.95
20.99 -71.97 -116.95
20.99 -71.97 -116.95
20.99 -71.97 -116.95
20.99 -71.97 -116.95
20.99 -71.97 -116.95
20.99 -71.97 -116.95
20.99 -71.97 -116.95
20.99 -71.97 -116.95
20.99 -71.97 -116.95
26.99 -89.96 -104.96
26.99 -89.96 -104.96
26.99 -89.96 -104.96
26.99 -89.96 -104.96
26.99 -89.96 -104.96
26.99 -89.96 -104.96
26.99 -89.96 -104.96
26.99 -89.96 -104.96
26.99 -89.96 -104.96
26.99 -89.96 -104.96
26.99 -89.96 -104.96
26.99 -89.96 -104.96
26.99 -89.96 -104.96
34.49 -88.46 -106.46
34.49 -88.46 -106.46
34.49 -88.46 -106.46
34.49 -88.46 -106.46
34.49 -88.46 -106.46
34.49 -88.46 -106.46
34.49 -88.46 -106.46
34.49 -88.46 -106.46
34.49 -88.46 -106.46
34.49 -88.46 -106.46
34.49 -88.46 -106.46
34.49 -88.46 -106.46
34.49 -88.46 -106.46
62.97 -86.96 -101.96
62.97 -86.96 -101.96
62.97 -86.96 -101.96
62.97 -86.96 -101.96
62.97 -86.96 -101.96
62.97 -86.96 -101.96
62.97 -86.96 -101.96
62.97 -86.96 -101.96
62.97 -86.96 -101.96
62.97 -86.96 -101.96
62.97 -86.96 -101.96
62.97 -86.96 -101.96
67.47 -97.46 -94.46
67.47 -97.46 -94.46
67.47 -97.46 -94.46
67.47 -97.46 -94.46
67.47 -97.46 -94.46
67.47 -97.46 -94.46
67.47 -97.46 -94.46
67.47 -97.46 -94.46
67.47 -97.46 -94.46
67.47 -97.46 -94.46
67.47 -97.46 -94.46
67.47 -97.46 -94.46
67.47 -97.46 -94.46
91.46 -109.46 -109.46
91.46 -109.46 -109.46
91.46 -109.46 -109.46
91.46 -109.46 -109.46
91.46 -109.46 -109.46
91.46 -109.46 -109.46
91.46 -109.46 -109.46
91.46 -109.46 -109.46
91.46 -109.46 -109.46
91.46 -109.46 -109.46
91.46 -109.46 -109.46
91.46 -109.46 -109.46
92.96 -107.96 -86.96
92.96 -107.96 -86.96
92.96 -107.96 -86.96
92.96 -107.96 -86.96
92.96 -107.96 -86.96
92.96 -107.96 -86.96
92.96 -107.96 -86.96
92.96 -107.96 -86.96
92.96 -107.96 -86.96
92.96 -107.96 -86.96
92.96 -107.96 -86.96
92.96 -107.96 -86.96
92.96 -107.96 -86.96
95.96 -116.95 -101.96
95.96 -116.95 -101.96
95.96 -116.95 -101.96
95.96 -116.95 -101.96
95.96 -116.95 -101.96
95.96 -116.95 -101.96
95.96 -116.95 -101.96
95.96 -116.95 -101.96
95.96 -116.95 -101.96
95.96 -116.95 -101.96
95.96 -116.95 -101.96
95.96 -116.95 -101.96
124.45 -121.45 -82.47
124.45 -121.45 -82.47
124.45 -121.45 -82.47
124.45 -121.45 -82.47
124.45 -121.45 -82.47
124.45 -121.45 -82.47
124.45 -121.45 -82.47
124.45 -121.45 -82.47
124.45 -121.45 -82.47
124.45 -121.45 -82.47
124.45 -121.45 -82.47
124.45 -121.45 -82.47
124.45 -121.45 -82.47
122.95 -119.95 -113.95
122.95 -119.95 -113.95
122.95 -119.95 -113.95
122.95 -119.95 -113.95
122.95 -119.95 -113.95
122.95 -119.95 -113.95
122.95 -119.95 -113.95
122.95 -119.95 -113.95
122.95 -119.95 -113.95
122.95 -119.95 -113.95
122.95 -119.95 -113.95
122.95 -119.95 -113.95
137.94 -134.95 -98.96
137.94 -134.95 -98.96
137.94 -134.95 -98.96
137.94 -134.95 -98.96
137.94 -134.95 -98.96
137.94 -134.95 -98.96
137.94 -134.95 -98.96
137.94 -134.95 -98.96
137.94 -134.95 -98.96
137.94 -134.95 -98.96
137.94 -134.95 -98.96
137.94 -134.95 -98.96
137.94 -134.95 -98.96
155.94 -155.94 -92.96
155.94 -155.94 -92.96
155.94 -155.94 -92.96
155.94 -155.94 -92.96
155.94 -155.94 -92.96
155.94 -155.94 -92.96
155.94 -155.94 -92.96
155.94 -155.94 -92.96
155.94 -155.94 -92.96
155.94 -155.94 -92.96
155.94 -155.94 -92.96
155.94 -155.94 -92.96
173.93 -125.95 -89.96
173.93 -125.95 -89.96
173.93 -125.95 -89.96
173.93 -125.95 -89.96
173.93 -125.95 -89.96
173.93 -125.95 -89.96
173.93 -125.95 -89.96
173.93 -125.95 -89.96
173.93 -125.95 -89.96
173.93 -125.95 -89.96
173.93 -125.95 -89.96
173.93 -125.95 -89.96
173.93 -125.95 -89.96
178.43 -151.44 -91.46
178.43 -151.44 -91.46
178.43 -151.44 -91.46
178.43 -151.44 -91.46
178.43 -151.44 -91.46
178.43 -151.44 -91.46
178.43 -151.44 -91.46
178.43 -151.44 -91.46
178.43 -151.44 -91.46
178.43 -151.44 -91.46
178.43 -151.44 -91.46
178.43 -151.44 -91.46
178.43 -151.44 -91.46
193.42 -127.45 -91.46
193.42 -127.45 -91.46
193.42 -127.45 -91.46
193.42 -127.45 -91.46
193.42 -127.45 -91.46
193.42 -127.45 -91.46
193.42 -127.45 -91.46
193.42 -127.45 -91.46
193.42 -127.45 -91.46
193.42 -127.45 -91.46
193.42 -127.45 -91.46
193.42 -127.45 -91.46
203.92 -125.95 -80.97
203.92 -125.95 -80.97
203.92 -125.95 -80.97
203.92 -125.95 -80.97
203.92 -125.95 -80.97
203.92 -125.95 -80.97
203.92 -125.95 -80.97
203.92 -125.95 -80.97
203.92 -125.95 -80.97
203.92 -125.95 -80.97
203.92 -125.95 -80.97
203.92 -125.95 -80.97
203.92 -125.95 -80.97
211.41 -127.45 -85.47
211.41 -127.45 -85.47
211.41 -127.45 -85.47
211.41 -127.45 -85.47
211.41 -127.45 -85.47
211.41 -127.45 -85.47
211.41 -127.45 -85.47
211.41 -127.45 -85.47
211.41 -127.45 -85.47
211.41 -127.45 -85.47
211.41 -127.45 -85.47
211.41 -127.45 -85.47
230.91 -131.95 -92.96
230.91 -131.95 -92.96
230.91 -131.95 -92.96
230.91 -131.95 -92.96
230.91 -131.95 -92.96
230.91 -131.95 -92.96
230.91 -131.95 -92.96
230.91 -131.95 -92.96
230.91 -131.95 -92.96
230.91 -131.95 -92.96
230.91 -131.95 -92.96
230.91 -131.95 -92.96
230.91 -131.95 -92.96
251.90 -125.95 -101.96
251.90 -125.95 -101.96
251.90 -125.95 -101.96
251.90 -125.95 -101.96
251.90 -125.95 -101.96
251.90 -125.95 -101.96
251.90 -125.95 -101.96
251.90 -125.95 -101.96
251.90 -125.95 -101.96
251.90 -125.95 -101.96
251.90 -125.95 -101.96
251.90 -125.95 -101.96
257.89 -131.95 -101.96
257.89 -131.95 -101.96
257.89 -131.95 -101.96
257.89 -131.95 -101.96
257.89 -131.95 -101.96
257.89 -131.95 -101.96
257.89 -131.95 -101.96
257.89 -131.95 -101.96
257.89 -131.95 -101.96
257.89 -131.95 -101.96
257.89 -131.95 -101.96
257.89 -131.95 -101.96
257.89 -131.95 -101.96
281.89 -131.95 -107.96
281.89 -131.95 -107.96
281.89 -131.95 -107.96
281.89 -131.95 -107.96
281.89 -131.95 -107.96
281.89 -131.95 -107.96
281.89 -131.95 -107.96
281.89 -131.95 -107.96
281.89 -131.95 -107.96
281.89 -131.95 -107.96
281.89 -131.95 -107.96
281.89 -131.95 -107.96
286.38 -136.44 -106.46
286.38 -136.44 -106.46
286.38 -136.44 -106.46
286.38 -136.44 -106.46
286.38 -136.44 -106.46
286.38 -136.44 -106.46
286.38 -136.44 -106.46
286.38 -136.44 -106.46
286.38 -136.44 -106.46
286.38 -136.44 -106.46
286.38 -136.44 -106.46
286.38 -136.44 -106.46
286.38 -136.44 -106.46
313.37 -112.45 -91.46
313.37 -112.45 -91.46
313.37 -112.45 -91.46
313.37 -112.45 -91.46
313.37 -112.45 -91.46
313.37 -112.45 -91.46
313.37 -112.45 -91.46
313.37 -112.45 -91.46
313.37 -112.45 -91.46
313.37 -112.45 -91.46
313.37 -112.45 -91.46
313.37 -112.45 -91.46
313.37 -112.45 -91.46
328.37 -127.45 -88.46
328.37 -127.45 -88.46
328.37 -127.45 -88.46
328.37 -127.45 -88.46
328.37 -127.45 -88.46
328.37 -127.45 -88.46
328.37 -127.45 -88.46
328.37 -127.45 -88.46
328.37 -127.45 -88.46
328.37 -127.45 -88.46
328.37 -127.45 -88.46
328.37 -127.45 -88.46
329.87 -122.95 -101.96
329.87 -122.95 -101.96
329.87 -122.95 -101.96
329.87 -122.95 -101.96
329.87 -122.95 -101.96
329.87 -122.95 -101.96
329.87 -122.95 -101.96
329.87 -122.95 -101.96
329.87 -122.95 -101.96
329.87 -122.95 -101.96
329.87 -122.95 -101.96
329.87 -122.95 -101.96
329.87 -122.95 -101.96
356.85 -125.95 -107.96
356.85 -125.95 -107.96
356.85 -125.95 -107.96
356.85 -125.95 -107.96
356.85 -125.95 -107.96
356.85 -125.95 -107.96
356.85 -125.95 -107.96
356.85 -125.95 -107.96
356.85 -125.95 -107.96
356.85 -125.95 -107.96
356.85 -125.95 -107.96
356.85 -125.95 -107.96
364.35 -130.45 -109.46
364.35 -130.45 -109.46
364.35 -130.45 -109.46
364.35 -130.45 -109.46
364.35 -130.45 -109.46
364.35 -130.45 -109.46
364.35 -130.45 -109.46
364.35 -130.45 -109.46
364.35 -130.45 -109.46
364.35 -130.45 -109.46
364.35 -130.45 -109.46
364.35 -130.45 -109.46
364.35 -130.45 -109.46
377.85 -122.95 -95.96
377.85 -122.95 -95.96
377.85 -122.95 -95.96
377.85 -122.95 -95.96
377.85 -122.95 -95.96
377.85 -122.95 -95.96
377.85 -122.95 -95.96
377.85 -122.95 -95.96
377.85 -122.95 -95.96
377.85 -122.95 -95.96
377.85 -122.95 -95.96
377.85 -122.95 -95.96
389.84 -110.95 -74.97
389.84 -110.95 -74.97
389.84 -110.95 -74.97
389.84 -110.95 -74.97
389.84 -110.95 -74.97
389.84 -110.95 -74.97
389.84 -110.95 -74.97
389.84 -110.95 -74.97
389.84 -110.95 -74.97
389.84 -110.95 -74.97
389.84 -110.95 -74.97
389.84 -110.95 -74.97
389.84 -110.95 -74.97
395.84 -95.96 -83.97
395.84 -95.96 -83.97
395.84 -95.96 -83.97
395.84 -95.96 -83.97
395.84 -95.96 -83.97
395.84 -95.96 -83.97
395.84 -95.96 -83.97
395.84 -95.96 -83.97
395.84 -95.96 -83.97
395.84 -95.96 -83.97
395.84 -95.96 -83.97
395.84 -95.96 -83.97
424.33 -82.47 -82.47
424.33 -82.47 -82.47
424.33 -82.47 -82.47
424.33 -82.47 -82.47
424.33 -82.47 -82.47
424.33 -82.47 -82.47
424.33 -82.47 -82.47
424.33 -82.47 -82.47
424.33 -82.47 -82.47
424.33 -82.47 -82.47
424.33 -82.47 -82.47
424.33 -82.47 -82.47
424.33 -82.47 -82.47
436.32 -73.47 -85.47
436.32 -73.47 -85.47
436.32 -73.47 -85.47
436.32 -73.47 -85.47
436.32 -73.47 -85.47
436.32 -73.47 -85.47
436.32 -73.47 -85.47
436.32 -73.47 -85.47
436.32 -73.47 -85.47
436.32 -73.47 -85.47
436.32 -73.47 -85.47
436.32 -73.47 -85.47
436.32 -73.47 -85.47
442.32 -58.48 -67.47
442.32 -58.48 -67.47
442.32 -58.48 -67.47
442.32 -58.48 -67.47
442.32 -58.48 -67.47
442.32 -58.48 -67.47
442.32 -58.48 -67.47
442.32 -58.48 -67.47
442.32 -58.48 -67.47
442.32 -58.48 -67.47
442.32 -58.48 -67.47
442.32 -58.48 -67.47
445.32 -37.48 -70.47
445.32 -37.48 -70.47
445.32 -37.48 -70.47
445.32 -37.48 -70.47
445.32 -37.48 -70.47
445.32 -37.48 -70.47
445.32 -37.48 -70.47
445.32 -37.48 -70.47
445.32 -37.48 -70.47
445.32 -37.48 -70.47
445.32 -37.48 -70.47
445.32 -37.48 -70.47
445.32 -37.48 -70.47
458.81 -32.99 -68.97
458.81 -32.99 -68.97
458.81 -32.99 -68.97
458.81 -32.99 -68.97
458.81 -32.99 -68.97
458.81 -32.99 -68.97
458.81 -32.99 -68.97
458.81 -32.99 -68.97
458.81 -32.99 -68.97
458.81 -32.99 -68.97
458.81 -32.99 -68.97
458.81 -32.99 -68.97
475.31 -25.49 -82.47
475.31 -25.49 -82.47
475.31 -25.49 -82.47
475.31 -25.49 -82.47
475.31 -25.49 -82.47
475.31 -25.49 -82.47
475.31 -25.49 -82.47
475.31 -25.49 -82.47
475.31 -25.49 -82.47
475.31 -25.49 -82.47
475.31 -25.49 -82.47
475.31 -25.49 -82.47
475.31 -25.49 -82.47
466.31 1.50 -67.47
466.31 1.50 -67.47
466.31 1.50 -67.47
466.31 1.50 -67.47
466.31 1.50 -67.47
466.31 1.50 -67.47
466.31 1.50 -67.47
466.31 1.50 -67.47
466.31 1.50 -67.47
466.31 1.50 -67.47
466.31 1.50 -67.47
466.31 1.50 -67.47
478.31 22.49 -82.47
478.31 22.49 -82.47
478.31 22.49 -82.47
478.31 22.49 -82.47
478.31 22.49 -82.47
478.31 22.49 -82.47
478.31 22.49 -82.47
478.31 22.49 -82.47
478.31 22.49 -82.47
478.31 22.49 -82.47
478.31 22.49 -82.47
478.31 22.49 -82.47
478.31 22.49 -82.47
497.80 44.98 -77.97
497.80 44.98 -77.97
497.80 44.98 -77.97
497.80 44.98 -77.97
497.80 44.98 -77.97
497.80 44.98 -77.97
497.80 44.98 -77.97
497.80 44.98 -77.97
497.80 44.98 -77.97
497.80 44.98 -77.97
497.80 44.98 -77.97
497.80 44.98 -77.97
491.80 47.98 -56.98
491.80 47.98 -56.98
491.80 47.98 -56.98
491.80 47.98 -56.98
491.80 47.98 -56.98
491.80 47.98 -56.98
491.80 47.98 -56.98
491.80 47.98 -56.98
491.80 47.98 -56.98
491.80 47.98 -56.98
491.80 47.98 -56.98
491.80 47.98 -56.98
491.80 47.98 -56.98
505.29 70.47 -70.47
505.29 70.47 -70.47
505.29 70.47 -70.47
505.29 70.47 -70.47
505.29 70.47 -70.47
505.29 70.47 -70.47
505.29 70.47 -70.47
505.29 70.47 -70.47
505.29 70.47 -70.47
505.29 70.47 -70.47
505.29 70.47 -70.47
505.29 70.47 -70.47
505.29 70.47 -70.47
506.79 77.97 -77.97
506.79 77.97 -77.97
506.79 77.97 -77.97
506.79 77.97 -77.97
506.79 77.97 -77.97
506.79 77.97 -77.97
506.79 77.97 -77.97
506.79 77.97 -77.97
506.79 77.97 -77.97
506.79 77.97 -77.97
506.79 77.97 -77.97
506.79 77.97 -77.97
496.30 109.46 -61.47
496.30 109.46 -61.47
496.30 109.46 -61.47
496.30 109.46 -61.47
496.30 109.46 -61.47
496.30 109.46 -61.47
496.30 109.46 -61.47
496.30 109.46 -61.47
496.30 109.46 -61.47
496.30 109.46 -61.47
496.30 109.46 -61.47
496.30 109.46 -61.47
496.30 109.46 -61.47
511.29 118.45 -85.47
511.29 118.45 -85.47
511.29 118.45 -85.47
511.29 118.45 -85.47
511.29 118.45 -85.47
511.29 118.45 -85.47
511.29 118.45 -85.47
511.29 118.45 -85.47
511.29 118.45 -85.47
511.29 118.45 -85.47
511.29 118.45 -85.47
511.29 118.45 -85.47
505.29 136.44 -85.47
505.29 136.44 -85.47
505.29 136.44 -85.47
505.29 136.44 -85.47
505.29 136.44 -85.47
505.29 136.44 -85.47
505.29 136.44 -85.47
505.29 136.44 -85.47
505.29 136.44 -85.47
505.29 136.44 -85.47
505.29 136.44 -85.47
505.29 136.44 -85.47
505.29 136.44 -85.47
505.29 142.44 -88.46
505.29 142.44 -88.46
505.29 142.44 -88.46
505.29 142.44 -88.46
505.29 142.44 -88.46
505.29 142.44 -88.46
505.29 142.44 -88.46
505.29 142.44 -88.46
505.29 142.44 -88.46
505.29 142.44 -88.46
505.29 142.44 -88.46
505.29 142.44 -88.46
496.30 151.44 -94.46
496.30 151.44 -94.46
496.30 151.44 -94.46
496.30 151.44 -94.46
496.30 151.44 -94.46
496.30 151.44 -94.46
496.30 151.44 -94.46
496.30 151.44 -94.46
496.30 151.44 -94.46
496.30 151.44 -94.46
496.30 151.44 -94.46
496.30 151.44 -94.46
496.30 151.44 -94.46
497.80 167.93 -98.96
497.80 167.93 -98.96
497.80 167.93 -98.96
497.80 167.93 -98.96
497.80 167.93 -98.96
497.80 167.93 -98.96
497.80 167.93 -98.96
497.80 167.93 -98.96
497.80 167.93 -98.96
497.80 167.93 -98.96
497.80 167.93 -98.96
497.80 167.93 -98.96
497.80 167.93 -98.96
494.80 170.93 -125.95
494.80 170.93 -125.95
494.80 170.93 -125.95
494.80 170.93 -125.95
494.80 170.93 -125.95
494.80 170.93 -125.95
494.80 170.93 -125.95
494.80 170.93 -125.95
494.80 170.93 -125.95
494.80 170.93 -125.95
494.80 170.93 -125.95
494.80 170.93 -125.95
508.29 187.42 -118.45
508.29 187.42 -118.45
508.29 187.42 -118.45
508.29 187.42 -118.45
508.29 187.42 -118.45
508.29 187.42 -118.45
508.29 187.42 -118.45
508.29 187.42 -118.45
508.29 187.42 -118.45
508.29 187.42 -118.45
508.29 187.42 -118.45
508.29 187.42 -118.45
508.29 187.42 -118.45
508.29 181.43 -112.45
508.29 181.43 -112.45
508.29 181.43 -112.45
508.29 181.43 -112.45
508.29 181.43 -112.45
508.29 181.43 -112.45
508.29 181.43 -112.45
508.29 181.43 -112.45
508.29 181.43 -112.45
508.29 181.43 -112.45
508.29 181.43 -112.45
508.29 181.43 -112.45
506.79 197.92 -80.97
506.79 197.92 -80.97
506.79 197.92 -80.97
506.79 197.92 -80.97
506.79 197.92 -80.97
506.79 197.92 -80.97
506.79 197.92 -80.97
506.79 197.92 -80.97
506.79 197.92 -80.97
506.79 197.92 -80.97
506.79 197.92 -80.97
506.79 197.92 -80.97
506.79 197.92 -80.97
517.29 202.42 -103.46
517.29 202.42 -103.46
517.29 202.42 -103.46
517.29 202.42 -103.46
517.29 202.42 -103.46
517.29 202.42 -103.46
517.29 202.42 -103.46
517.29 202.42 -103.46
517.29 202.42 -103.46
517.29 202.42 -103.46
517.29 202.42 -103.46
517.29 202.42 -103.46
539.78 200.92 -104.96
539.78 200.92 -104.96
539.78 200.92 -104.96
539.78 200.92 -104.96
539.78 200.92 -104.96
539.78 200.92 -104.96
539.78 200.92 -104.96
539.78 200.92 -104.96
539.78 200.92 -104.96
539.78 200.92 -104.96
539.78 200.92 -104.96
539.78 200.92 -104.96
539.78 200.92 -104.96
520.29 211.41 -94.46
520.29 211.41 -94.46
520.29 211.41 -94.46
520.29 211.41 -94.46
520.29 211.41 -94.46
520.29 211.41 -94.46
520.29 211.41 -94.46
520.29 211.41 -94.46
520.29 211.41 -94.46
520.29 211.41 -94.46
520.29 211.41 -94.46
520.29 211.41 -94.46
521.79 227.91 -107.96
521.79 227.91 -107.96
521.79 227.91 -107.96
521.79 227.91 -107.96
521.79 227.91 -107.96
521.79 227.91 -107.96
521.79 227.91 -107.96
521.79 227.91 -107.96
521.79 227.91 -107.96
521.79 227.91 -107.96
521.79 227.91 -107.96
521.79 227.91 -107.96
521.79 227.91 -107.96
529.28 250.40 -94.46
529.28 250.40 -94.46
529.28 250.40 -94.46
529.28 250.40 -94.46
529.28 250.40 -94.46
529.28 250.40 -94.46
529.28 250.40 -94.46
529.28 250.40 -94.46
529.28 250.40 -94.46
529.28 250.40 -94.46
529.28 250.40 -94.46
529.28 250.40 -94.46
529.28 250.40 -94.46
533.78 239.90 -74.97
533.78 239.90 -74.97
533.78 239.90 -74.97
533.78 239.90 -74.97
533.78 239.90 -74.97
533.78 239.90 -74.97
533.78 239.90 -74.97
533.78 239.90 -74.97
533.78 239.90 -74.97
533.78 239.90 -74.97
533.78 239.90 -74.97
533.78 239.90 -74.97
541.28 262.39 -88.46
541.28 262.39 -88.46
541.28 262.39 -88.46
541.28 262.39 -88.46
541.28 262.39 -88.46
541.28 262.39 -88.46
541.28 262.39 -88.46
541.28 262.39 -88.46
541.28 262.39 -88.46
541.28 262.39 -88.46
541.28 262.39 -88.46
541.28 262.39 -88.46
541.28 262.39 -88.46
527.79 266.89 -71.97
527.79 266.89 -71.97
527.79 266.89 -71.97
527.79 266.89 -71.97
527.79 266.89 -71.97
527.79 266.89 -71.97
527.79 266.89 -71.97
527.79 266.89 -71.97
527.79 266.89 -71.97
527.79 266.89 -71.97
527.79 266.89 -71.97
527.79 266.89 -71.97
526.29 322.37 -76.47
526.29 322.37 -76.47
526.29 322.37 -76.47
526.29 322.37 -76.47
526.29 322.37 -76.47
526.29 322.37 -76.47
526.29 322.37 -76.47
526.29 322.37 -76.47
526.29 322.37 -76.47
526.29 322.37 -76.47
526.29 322.37 -76.47
526.29 322.37 -76.47
526.29 322.37 -76.47
539.78 332.86 -80.97
539.78 332.86 -80.97
539.78 332.86 -80.97
539.78 332.86 -80.97
539.78 332.86 -80.97
539.78 332.86 -80.97
539.78 332.86 -80.97
539.78 332.86 -80.97
539.78 332.86 -80.97
539.78 332.86 -80.97
539.78 332.86 -80.97
539.78 332.86 -80.97
530.78 335.86 -77.97
530.78 335.86 -77.97
530.78 335.86 -77.97
530.78 335.86 -77.97
530.78 335.86 -77.97
530.78 335.86 -77.97
530.78 335.86 -77.97
530.78 335.86 -77.97
530.78 335.86 -77.97
530.78 335.86 -77.97
530.78 335.86 -77.97
530.78 335.86 -77.97
530.78 335.86 -77.97
541.28 367.35 -82.47
541.28 367.35 -82.47
541.28 367.35 -82.47
541.28 367.35 -82.47
541.28 367.35 -82.47
541.28 367.35 -82.47
541.28 367.35 -82.47
541.28 367.35 -82.47
541.28 367.35 -82.47
541.28 367.35 -82.47
541.28 367.35 -82.47
541.28 367.35 -82.47
541.28 367.35 -82.47
524.79 371.85 -83.97
524.79 371.85 -83.97
524.79 371.85 -83.97
524.79 371.85 -83.97
524.79 371.85 -83.97
524.79 371.85 -83.97
524.79 371.85 -83.97
524.79 371.85 -83.97
524.79 371.85 -83.97
524.79 371.85 -83.97
524.79 371.85 -83.97
524.79 371.85 -83.97
509.79 392.84 -101.96
509.79 392.84 -101.96
509.79 392.84 -101.96
509.79 392.84 -101.96
509.79 392.84 -101.96
509.79 392.84 -101.96
509.79 392.84 -101.96
509.79 392.84 -101.96
509.79 392.84 -101.96
509.79 392.84 -101.96
509.79 392.84 -101.96
509.79 392.84 -101.96
509.79 392.84 -101.96
494.80 416.83 -104.96
494.80 416.83 -104.96
494.80 416.83 -104.96
494.80 416.83 -104.96
494.80 416.83 -104.96
494.80 416.83 -104.96
494.80 416.83 -104.96
494.80 416.83 -104.96
494.80 416.83 -104.96
494.80 416.83 -104.96
494.80 416.83 -104.96
494.80 416.83 -104.96
475.31 433.32 -115.45
475.31 433.32 -115.45
475.31 433.32 -115.45
475.31 433.32 -115.45
475.31 433.32 -115.45
475.31 433.32 -115.45
475.31 433.32 -115.45
475.31 433.32 -115.45
475.31 433.32 -115.45
475.31 433.32 -115.45
475.31 433.32 -115.45
475.31 433.32 -115.45
475.31 433.32 -115.45
473.81 428.83 -116.95
473.81 428.83 -116.95
473.81 428.83 -116.95
473.81 428.83 -116.95
473.81 428.83 -116.95
473.81 428.83 -116.95
473.81 428.83 -116.95
473.81 428.83 -116.95
473.81 428.83 -116.95
473.81 428.83 -116.95
473.81 428.83 -116.95
473.81 428.83 -116.95
464.81 446.82 -125.95
464.81 446.82 -125.95
464.81 446.82 -125.95
464.81 446.82 -125.95
464.81 446.82 -125.95
464.81 446.82 -125.95
464.81 446.82 -125.95
464.81 446.82 -125.95
464.81 446.82 -125.95
464.81 446.82 -125.95
464.81 446.82 -125.95
464.81 446.82 -125.95
464.81 446.82 -125.95
464.81 458.81 -140.94
464.81 458.81 -140.94
464.81 458.81 -140.94
464.81 458.81 -140.94
464.81 458.81 -140.94
464.81 458.81 -140.94
464.81 458.81 -140.94
464.81 458.81 -140.94
464.81 458.81 -140.94
464.81 458.81 -140.94
464.81 458.81 -140.94
464.81 458.81 -140.94
464.81 458.81 -140.94
448.32 451.32 -142.44
448.32 451.32 -142.44
448.32 451.32 -142.44
448.32 451.32 -142.44
448.32 451.32 -142.44
448.32 451.32 -142.44
448.32 451.32 -142.44
448.32 451.32 -142.44
448.32 451.32 -142.44
448.32 451.32 -142.44
448.32 451.32 -142.44
448.32 451.32 -142.44
457.31 463.31 -148.44
457.31 463.31 -148.44
457.31 463.31 -148.44
457.31 463.31 -148.44
457.31 463.31 -148.44
457.31 463.31 -148.44
457.31 463.31 -148.44
457.31 463.31 -148.44
457.31 463.31 -148.44
457.31 463.31 -148.44
457.31 463.31 -148.44
457.31 463.31 -148.44
457.31 463.31 -148.44
437.82 485.80 -155.94
437.82 485.80 -155.94
437.82 485.80 -155.94
437.82 485.80 -155.94
437.82 485.80 -155.94
437.82 485.80 -155.94
437.82 485.80 -155.94
437.82 485.80 -155.94
437.82 485.80 -155.94
437.82 485.80 -155.94
437.82 485.80 -155.94
437.82 485.80 -155.94
436.32 499.30 -160.43
436.32 499.30 -160.43
436.32 499.30 -160.43
436.32 499.30 -160.43
436.32 499.30 -160.43
436.32 499.30 -160.43
436.32 499.30 -160.43
436.32 499.30 -160.43
436.32 499.30 -160.43
436.32 499.30 -160.43
436.32 499.30 -160.43
436.32 499.30 -160.43
436.32 499.30 -160.43
437.82 485.80 -164.93
437.82 485.80 -164.93
437.82 485.80 -164.93
437.82 485.80 -164.93
437.82 485.80 -164.93
437.82 485.80 -164.93
437.82 485.80 -164.93
437.82 485.80 -164.93
437.82 485.80 -164.93
437.82 485.80 -164.93
437.82 485.80 -164.93
437.82 485.80 -164.93
422.83 491.80 -164.93
422.83 491.80 -164.93
422.83 491.80 -164.93
422.83 491.80 -164.93
422.83 491.80 -164.93
422.83 491.80 -164.93
422.83 491.80 -164.93
422.83 491.80 -164.93
422.83 491.80 -164.93
422.83 491.80 -164.93
422.83 491.80 -164.93
422.83 491.80 -164.93
422.83 491.80 -164.93
410.83 503.79 -170.93
410.83 503.79 -170.93
410.83 503.79 -170.93
410.83 503.79 -170.93
410.83 503.79 -170.93
410.83 503.79 -170.93
410.83 503.79 -170.93
410.83 503.79 -170.93
410.83 503.79 -170.93
410.83 503.79 -170.93
410.83 503.79 -170.93
410.83 503.79 -170.93
412.33 487.30 -172.43
412.33 487.30 -172.43
412.33 487.30 -172.43
412.33 487.30 -172.43
412.33 487.30 -172.43
412.33 487.30 -172.43
412.33 487.30 -172.43
412.33 487.30 -172.43
412.33 487.30 -172.43
412.33 487.30 -172.43
412.33 487.30 -172.43
412.33 487.30 -172.43
412.33 487.30 -172.43
413.83 503.79 -167.93
413.83 503.79 -167.93
413.83 503.79 -167.93
413.83 503.79 -167.93
413.83 503.79 -167.93
413.83 503.79 -167.93
413.83 503.79 -167.93
413.83 503.79 -167.93
413.83 503.79 -167.93
413.83 503.79 -167.93
413.83 503.79 -167.93
413.83 503.79 -167.93
413.83 503.79 -167.93
400.34 499.30 -163.43
400.34 499.30 -163.43
400.34 499.30 -163.43
400.34 499.30 -163.43
400.34 499.30 -163.43
400.34 499.30 -163.43
400.34 499.30 -163.43
400.34 499.30 -163.43
400.34 499.30 -163.43
400.34 499.30 -163.43
400.34 499.30 -163.43
400.34 499.30 -163.43
401.84 506.79 -164.93
401.84 506.79 -164.93
401.84 506.79 -164.93
401.84 506.79 -164.93
401.84 506.79 -164.93
401.84 506.79 -164.93
401.84 506.79 -164.93
401.84 506.79 -164.93
401.84 506.79 -164.93
401.84 506.79 -164.93
401.84 506.79 -164.93
401.84 506.79 -164.93
401.84 506.79 -164.93
379.35 502.30 -172.43
379.35 502.30 -172.43
379.35 502.30 -172.43
379.35 502.30 -172.43
379.35 502.30 -172.43
379.35 502.30 -172.43
379.35 502.30 -172.43
379.35 502.30 -172.43
379.35 502.30 -172.43
379.35 502.30 -172.43
379.35 502.30 -172.43
379.35 502.30 -172.43
355.36 520.29 -184.42
355.36 520.29 -184.42
355.36 520.29 -184.42
355.36 520.29 -184.42
355.36 520.29 -184.42
355.36 520.29 -184.42
355.36 520.29 -184.42
355.36 520.29 -184.42
355.36 520.29 -184.42
355.36 520.29 -184.42
355.36 520.29 -184.42
355.36 520.29 -184.42
355.36 520.29 -184.42
353.86 521.79 -176.93
353.86 521.79 -176.93
353.86 521.79 -176.93
353.86 521.79 -176.93
353.86 521.79 -176.93
353.86 521.79 -176.93
353.86 521.79 -176.93
353.86 521.79 -176.93
353.86 521.79 -176.93
353.86 521.79 -176.93
353.86 521.79 -176.93
353.86 521.79 -176.93
335.86 524.79 -167.93
335.86 524.79 -167.93
335.86 524.79 -167.93
335.86 524.79 -167.93
335.86 524.79 -167.93
335.86 524.79 -167.93
335.86 524.79 -167.93
335.86 524.79 -167.93
335.86 524.79 -167.93
335.86 524.79 -167.93
335.86 524.79 -167.93
335.86 524.79 -167.93
335.86 524.79 -167.93
316.37 532.28 -175.43
316.37 532.28 -175.43
316.37 532.28 -175.43
316.37 532.28 -175.43
316.37 532.28 -175.43
316.37 532.28 -175.43
316.37 532.28 -175.43
316.37 532.28 -175.43
316.37 532.28 -175.43
316.37 532.28 -175.43
316.37 532.28 -175.43
316.37 532.28 -175.43
316.37 532.28 -175.43
289.38 535.28 -157.44
289.38 535.28 -157.44
289.38 535.28 -157.44
289.38 535.28 -157.44
289.38 535.28 -157.44
289.38 535.28 -157.44
289.38 535.28 -157.44
289.38 535.28 -157.44
289.38 535.28 -157.44
289.38 535.28 -157.44
289.38 535.28 -157.44
289.38 535.28 -157.44
281.89 536.78 -161.93
281.89 536.78 -161.93
281.89 536.78 -161.93
281.89 536.78 -161.93
281.89 536.78 -161.93
281.89 536.78 -161.93
281.89 536.78 -161.93
281.89 536.78 -161.93
281.89 536.78 -161.93
281.89 536.78 -161.93
281.89 536.78 -161.93
281.89 536.78 -161.93
281.89 536.78 -161.93
274.39 538.28 -160.43
274.39 538.28 -160.43
274.39 538.28 -160.43
274.39 538.28 -160.43
274.39 538.28 -160.43
274.39 538.28 -160.43
274.39 538.28 -160.43
274.39 538.28 -160.43
274.39 538.28 -160.43
274.39 538.28 -160.43
274.39 538.28 -160.43
274.39 538.28 -160.43
269.89 524.79 -143.94
269.89 524.79 -143.94
269.89 524.79 -143.94
269.89 524.79 -143.94
269.89 524.79 -143.94
269.89 524.79 -143.94
269.89 524.79 -143.94
269.89 524.79 -143.94
269.89 524.79 -143.94
269.89 524.79 -143.94
269.89 524.79 -143.94
269.89 524.79 -143.94
269.89 524.79 -143.94
248.90 533.78 -161.93
248.90 533.78 -161.93
248.90 533.78 -161.93
248.90 533.78 -161.93
248.90 533.78 -161.93
248.90 533.78 -161.93
248.90 533.78 -161.93
248.90 533.78 -161.93
248.90 533.78 -161.93
248.90 533.78 -161.93
248.90 533.78 -161.93
248.90 533.78 -161.93
247.40 532.28 -136.44
247.40 532.28 -136.44
247.40 532.28 -136.44
247.40 532.28 -136.44
247.40 532.28 -136.44
247.40 532.28 -136.44
247.40 532.28 -136.44
247.40 532.28 -136.44
247.40 532.28 -136.44
247.40 532.28 -136.44
247.40 532.28 -136.44
247.40 532.28 -136.44
247.40 532.28 -136.44
218.91 545.78 -131.95
218.91 545.78 -131.95
218.91 545.78 -131.95
218.91 545.78 -131.95
218.91 545.78 -131.95
218.91 545.78 -131.95
218.91 545.78 -131.95
218.91 545.78 -131.95
218.91 545.78 -131.95
218.91 545.78 -131.95
218.91 545.78 -131.95
218.91 545.78 -131.95
202.42 538.28 -145.44
202.42 538.28 -145.44
202.42 538.28 -145.44
202.42 538.28 -145.44
202.42 538.28 -145.44
202.42 538.28 -145.44
202.42 538.28 -145.44
202.42 538.28 -145.44
202.42 538.28 -145.44
202.42 538.28 -145.44
202.42 538.28 -145.44
202.42 538.28 -145.44
202.42 538.28 -145.44
185.92 545.78 -143.94
185.92 545.78 -143.94
185.92 545.78 -143.94
185.92 545.78 -143.94
185.92 545.78 -143.94
185.92 545.78 -143.94
185.92 545.78 -143.94
185.92 545.78 -143.94
185.92 545.78 -143.94
185.92 545.78 -143.94
185.92 545.78 -143.94
185.92 545.78 -143.94
185.92 545.78 -143.94
184.42 559.27 -160.43
184.42 559.27 -160.43
184.42 559.27 -160.43
184.42 559.27 -160.43
184.42 559.27 -160.43
184.42 559.27 -160.43
184.42 559.27 -160.43
184.42 559.27 -160.43
184.42 559.27 -160.43
184.42 559.27 -160.43
184.42 559.27 -160.43
184.42 559.27 -160.43
166.43 553.27 -154.44
166.43 553.27 -154.44
166.43 553.27 -154.44
166.43 553.27 -154.44
166.43 553.27 -154.44
166.43 553.27 -154.44
166.43 553.27 -154.44
166.43 553.27 -154.44
166.43 553.27 -154.44
166.43 553.27 -154.44
166.43 553.27 -154.44
166.43 553.27 -154.44
166.43 553.27 -154.44
146.94 548.78 -158.94
146.94 548.78 -158.94
146.94 548.78 -158.94
146.94 548.78 -158.94
146.94 548.78 -158.94
146.94 548.78 -158.94
146.94 548.78 -158.94
146.94 548.78 -158.94
146.94 548.78 -158.94
146.94 548.78 -158.94
146.94 548.78 -158.94
146.94 548.78 -158.94
122.95 530.78 -167.93
122.95 530.78 -167.93
122.95 530.78 -167.93
122.95 530.78 -167.93
122.95 530.78 -167.93
122.95 530.78 -167.93
122.95 530.78 -167.93
122.95 530.78 -167.93
122.95 530.78 -167.93
122.95 530.78 -167.93
122.95 530.78 -167.93
122.95 530.78 -167.93
122.95 530.78 -167.93
104.96 524.79 -158.94
104.96 524.79 -158.94
104.96 524.79 -158.94
104.96 524.79 -158.94
104.96 524.79 -158.94
104.96 524.79 -158.94
104.96 524.79 -158.94
104.96 524.79 -158.94
104.96 524.79 -158.94
104.96 524.79 -158.94
104.96 524.79 -158.94
104.96 524.79 -158.94
91.46 505.29 -163.43
91.46 505.29 -163.43
91.46 505.29 -163.43
91.46 505.29 -163.43
91.46 505.29 -163.43
91.46 505.29 -163.43
91.46 505.29 -163.43
91.46 505.29 -163.43
91.46 505.29 -163.43
91.46 505.29 -163.43
91.46 505.29 -163.43
91.46 505.29 -163.43
91.46 505.29 -163.43
89.96 491.80 -149.94
89.96 491.80 -149.94
89.96 491.80 -149.94
89.96 491.80 -149.94
89.96 491.80 -149.94
89.96 491.80 -149.94
89.96 491.80 -149.94
89.96 491.80 -149.94
89.96 491.80 -149.94
89.96 491.80 -149.94
89.96 491.80 -149.94
89.96 491.80 -149.94
89.96 491.80 -149.94
74.97 509.79 -161.93
74.97 509.79 -161.93
74.97 509.79 -161.93
74.97 509.79 -161.93
74.97 509.79 -161.93
74.97 509.79 -161.93
74.97 509.79 -161.93
74.97 509.79 -161.93
74.97 509.79 -161.93
74.97 509.79 -161.93
74.97 509.79 -161.93
74.97 509.79 -161.93
67.47 493.30 -154.44
67.47 493.30 -154.44
67.47 493.30 -154.44
67.47 493.30 -154.44
67.47 493.30 -154.44
67.47 493.30 -154.44
67.47 493.30 -154.44
67.47 493.30 -154.44
67.47 493.30 -154.44
67.47 493.30 -154.44
67.47 493.30 -154.44
67.47 493.30 -154.44
67.47 493.30 -154.44
46.48 484.30 -151.44
46.48 484.30 -151.44
46.48 484.30 -151.44
46.48 484.30 -151.44
46.48 484.30 -151.44
46.48 484.30 -151.44
46.48 484.30 -151.44
46.48 484.30 -151.44
46.48 484.30 -151.44
46.48 484.30 -151.44
46.48 484.30 -151.44
46.48 484.30 -151.44
46.48 460.31 -154.44
46.48 460.31 -154.44
46.48 460.31 -154.44
46.48 460.31 -154.44
46.48 460.31 -154.44
46.48 460.31 -154.44
46.48 460.31 -154.44
46.48 460.31 -154.44
46.48 460.31 -154.44
46.48 460.31 -154.44
46.48 460.31 -154.44
46.48 460.31 -154.44
46.48 460.31 -154.44
26.99 467.81 -155.94
26.99 467.81 -155.94
26.99 467.81 -155.94
26.99 467.81 -155.94
26.99 467.81 -155.94
26.99 467.81 -155.94
26.99 467.81 -155.94
26.99 467.81 -155.94
26.99 467.81 -155.94
26.99 467.81 -155.94
26.99 467.81 -155.94
26.99 467.81 -155.94
20.99 458.81 -155.94
20.99 458.81 -155.94
20.99 458.81 -155.94
20.99 458.81 -155.94
20.99 458.81 -155.94
20.99 458.81 -155.94
20.99 458.81 -155.94
20.99 458.81 -155.94
20.99 458.81 -155.94
20.99 458.81 -155.94
20.99 458.81 -155.94
20.99 458.81 -155.94
20.99 458.81 -155.94
7.50 442.32 -151.44
7.50 442.32 -151.44
7.50 442.32 -151.44
7.50 442.32 -151.44
7.50 442.32 -151.44
7.50 442.32 -151.44
7.50 442.32 -151.44
7.50 442.32 -151.44
7.50 442.32 -151.44
7.50 442.32 -151.44
7.50 442.32 -151.44
7.50 442.32 -151.44
9.00 428.83 -140.94
9.00 428.83 -140.94
9.00 428.83 -140.94
9.00 428.83 -140.94
9.00 428.83 -140.94
9.00 428.83 -140.94
9.00 428.83 -140.94
9.00 428.83 -140.94
9.00 428.83 -140.94
9.00 428.83 -140.94
9.00 428.83 -140.94
9.00 428.83 -140.94
9.00 428.83 -140.94
-4.50 418.33 -142.44
-4.50 418.33 -142.44
-4.50 418.33 -142.44
-4.50 418.33 -142.44
-4.50 418.33 -142.44
-4.50 418.33 -142.44
-4.50 418.33 -142.44
-4.50 418.33 -142.44
-4.50 418.33 -142.44
-4.50 418.33 -142.44
-4.50 418.33 -142.44
-4.50 418.33 -142.44
-4.50 418.33 -142.44
-6.00 416.83 -143.94
-6.00 416.83 -143.94
-6.00 416.83 -143.94
-6.00 416.83 -143.94
-6.00 416.83 -143.94
-6.00 416.83 -143.94
-6.00 416.83 -143.94
-6.00 416.83 -143.94
-6.00 416.83 -143.94
-6.00 416.83 -143.94
-6.00 416.83 -143.94
-6.00 416.83 -143.94
-22.49 409.33 -139.44
-22.49 409.33 -139.44
-22.49 409.33 -139.44
-22.49 409.33 -139.44
-22.49 409.33 -139.44
-22.49 409.33 -139.44
-22.49 409.33 -139.44
-22.49 409.33 -139.44
-22.49 409.33 -139.44
-22.49 409.33 -139.44
-22.49 409.33 -139.44
-22.49 409.33 -139.44
-22.49 409.33 -139.44
-31.49 391.34 -130.45
-31.49 391.34 -130.45
-31.49 391.34 -130.45
-31.49 391.34 -130.45
-31.49 391.34 -130.45
-31.49 391.34 -130.45
-31.49 391.34 -130.45
-31.49 391.34 -130.45
-31.49 391.34 -130.45
-31.49 391.34 -130.45
-31.49 391.34 -130.45
-31.49 391.34 -130.45
-25.49 373.35 -145.44
-25.49 373.35 -145.44
-25.49 373.35 -145.44
-25.49 373.35 -145.44
-25.49 373.35 -145.44
-25.49 373.35 -145.44
-25.49 373.35 -145.44
-25.49 373.35 -145.44
-25.49 373.35 -145.44
-25.49 373.35 -145.44
-25.49 373.35 -145.44
-25.49 373.35 -145.44
-25.49 373.35 -145.44
-41.98 359.85 -137.94
-41.98 359.85 -137.94
-41.98 359.85 -137.94
-41.98 359.85 -137.94
-41.98 359.85 -137.94
-41.98 359.85 -137.94
-41.98 359.85 -137.94
-41.98 359.85 -137.94
-41.98 359.85 -137.94
-41.98 359.85 -137.94
-41.98 359.85 -137.94
-41.98 359.85 -137.94
-47.98 365.85 -146.94
-47.98 365.85 -146.94
-47.98 365.85 -146.94
-47.98 365.85 -146.94
-47.98 365.85 -146.94
-47.98 365.85 -146.94
-47.98 365.85 -146.94
-47.98 365.85 -146.94
-47.98 365.85 -146.94
-47.98 365.85 -146.94
-47.98 365.85 -146.94
-47.98 365.85 -146.94
-47.98 365.85 -146.94
-52.48 340.36 -148.44
-52.48 340.36 -148.44
-52.48 340.36 -148.44
-52.48 340.36 -148.44
-52.48 340.36 -148.44
-52.48 340.36 -148.44
-52.48 340.36 -148.44
-52.48 340.36 -148.44
-52.48 340.36 -148.44
-52.48 340.36 -148.44
-52.48 340.36 -148.44
-52.48 340.36 -148.44
-52.48 340.36 -148.44
-58.48 325.37 -154.44
-58.48 325.37 -154.44
-58.48 325.37 -154.44
-58.48 325.37 -154.44
-58.48 325.37 -154.44
-58.48 325.37 -154.44
-58.48 325.37 -154.44
-58.48 325.37 -154.44
-58.48 325.37 -154.44
-58.48 325.37 -154.44
-58.48 325.37 -154.44
-58.48 325.37 -154.44
-61.47 310.37 -151.44
-61.47 310.37 -151.44
-61.47 310.37 -151.44
-61.47 310.37 -151.44
-61.47 310.37 -151.44
-61.47 310.37 -151.44
-61.47 310.37 -151.44
-61.47 310.37 -151.44
-61.47 310.37 -151.44
-61.47 310.37 -151.44
-61.47 310.37 -151.44
-61.47 310.37 -151.44
-61.47 310.37 -151.44
-73.47 286.38 -166.43
-73.47 286.38 -166.43
-73.47 286.38 -166.43
-73.47 286.38 -166.43
-73.47 286.38 -166.43
-73.47 286.38 -166.43
-73.47 286.38 -166.43
-73.47 286.38 -166.43
-73.47 286.38 -166.43
-73.47 286.38 -166.43
-73.47 286.38 -166.43
-73.47 286.38 -166.43
-62.97 263.89 -161.93
-62.97 263.89 -161.93
-62.97 263.89 -161.93
-62.97 263.89 -161.93
-62.97 263.89 -161.93
-62.97 263.89 -161.93
-62.97 263.89 -161.93
-62.97 263.89 -161.93
-62.97 263.89 -161.93
-62.97 263.89 -161.93
-62.97 263.89 -161.93
-62.97 263.89 -161.93
-62.97 263.89 -161.93
-68.97 263.89 -143.94
-68.97 263.89 -143.94
-68.97 263.89 -143.94
-68.97 263.89 -143.94
-68.97 263.89 -143.94
-68.97 263.89 -143.94
-68.97 263.89 -143.94
-68.97 263.89 -143.94
-68.97 263.89 -143.94
-68.97 263.89 -143.94
-68.97 263.89 -143.94
-68.97 263.89 -143.94
-71.97 245.90 -152.94
-71.97 245.90 -152.94
-71.97 245.90 -152.94
-71.97 245.90 -152.94
-71.97 245.90 -152.94
-71.97 245.90 -152.94
-71.97 245.90 -152.94
-71.97 245.90 -152.94
-71.97 245.90 -152.94
-71.97 245.90 -152.94
-71.97 245.90 -152.94
-71.97 245.90 -152.94
-71.97 245.90 -152.94
-62.97 230.91 -140.94
-62.97 230.91 -140.94
-62.97 230.91 -140.94
-62.97 230.91 -140.94
-62.97 230.91 -140.94
-62.97 230.91 -140.94
-62.97 230.91 -140.94
-62.97 230.91 -140.94
-62.97 230.91 -140.94
-62.97 230.91 -140.94
-62.97 230.91 -140.94
-62.97 230.91 -140.94
-68.97 215.91 -158.94
-68.97 215.91 -158.94
-68.97 215.91 -158.94
-68.97 215.91 -158.94
-68.97 215.91 -158.94
-68.97 215.91 -158.94
-68.97 215.91 -158.94
-68.97 215.91 -158.94
-68.97 215.91 -158.94
-68.97 215.91 -158.94
-68.97 215.91 -158.94
-68.97 215.91 -158.94
-68.97 215.91 -158.94
-67.47 199.42 -154.44
-67.47 199.42 -154.44
-67.47 199.42 -154.44
-67.47 199.42 -154.44
-67.47 199.42 -154.44
-67.47 199.42 -154.44
-67.47 199.42 -154.44
-67.47 199.42 -154.44
-67.47 199.42 -154.44
-67.47 199.42 -154.44
-67.47 199.42 -154.44
-67.47 199.42 -154.44
-67.47 199.42 -154.44
-74.97 176.93 -146.94
-74.97 176.93 -146.94
-74.97 176.93 -146.94
-74.97 176.93 -146.94
-74.97 176.93 -146.94
-74.97 176.93 -146.94
-74.97 176.93 -146.94
-74.97 176.93 -146.94
-74.97 176.93 -146.94
-74.97 176.93 -146.94
-74.97 176.93 -146.94
-74.97 176.93 -146.94
-74.97 143.94 -158.94
-74.97 143.94 -158.94
-74.97 143.94 -158.94
-74.97 143.94 -158.94
-74.97 143.94 -158.94
-74.97 143.94 -158.94
-74.97 143.94 -158.94
-74.97 143.94 -158.94
-74.97 143.94 -158.94
-74.97 143.94 -158.94
-74.97 143.94 -158.94
-74.97 143.94 -158.94
-74.97 143.94 -158.94
-62.97 116.95 -164.93
-62.97 116.95 -164.93
-62.97 116.95 -164.93
-62.97 116.95 -164.93
-62.97 116.95 -164.93
-62.97 116.95 -164.93
-62.97 116.95 -164.93
-62.97 116.95 -164.93
-62.97 116.95 -164.93
-62.97 116.95 -164.93
-62.97 116.95 -164.93
-62.97 116.95 -164.93
-65.97 98.96 -158.94
-65.97 98.96 -158.94
-65.97 98.96 -158.94
-65.97 98.96 -158.94
-65.97 98.96 -158.94
-65.97 98.96 -158.94
-65.97 98.96 -158.94
-65.97 98.96 -158.94
-65.97 98.96 -158.94
-65.97 98.96 -158.94
-65.97 98.96 -158.94
-65.97 98.96 -158.94
-65.97 98.96 -158.94
-67.47 79.47 -154.44
-67.47 79.47 -154.44
-67.47 79.47 -154.44
-67.47 79.47 -154.44
-67.47 79.47 -154.44
-67.47 79.47 -154.44
-67.47 79.47 -154.44
-67.47 79.47 -154.44
-67.47 79.47 -154.44
-67.47 79.47 -154.44
-67.47 79.47 -154.44
-67.47 79.47 -154.44
-62.97 77.97 -137.94
-62.97 77.97 -137.94
-62.97 77.97 -137.94
-62.97 77.97 -137.94
-62.97 77.97 -137.94
-62.97 77.97 -137.94
-62.97 77.97 -137.94
-62.97 77.97 -137.94
-62.97 77.97 -137.94
-62.97 77.97 -137.94
-62.97 77.97 -137.94
-62.97 77.97 -137.94
-62.97 77.97 -137.94
-56.98 59.98 -137.94
-56.98 59.98 -137.94
-56.98 59.98 -137.94
-56.98 59.98 -137.94
-56.98 59.98 -137.94
-56.98 59.98 -137.94
-56.98 59.98 -137.94
-56.98 59.98 -137.94
-56.98 59.98 -137.94
-56.98 59.98 -137.94
-56.98 59.98 -137.94
-56.98 59.98 -137.94
-56.98 59.98 -137.94
-59.98 41.98 -131.95
-59.98 41.98 -131.95
-59.98 41.98 -131.95
-59.98 41.98 -131.95
-59.98 41.98 -131.95
-59.98 41.98 -131.95
-59.98 41.98 -131.95
-59.98 41.98 -131.95
-59.98 41.98 -131.95
-59.98 41.98 -131.95
-59.98 41.98 -131.95
-59.98 41.98 -131.95
-38.98 47.98 -134.95
-38.98 47.98 -134.95
-38.98 47.98 -134.95
-38.98 47.98 -134.95
-38.98 47.98 -134.95
-38.98 47.98 -134.95
-38.98 47.98 -134.95
-38.98 47.98 -134.95
-38.98 47.98 -134.95
-38.98 47.98 -134.95
-38.98 47.98 -134.95
-38.98 47.98 -134.95
-38.98 47.98 -134.95
-32.99 35.99 -128.95
-32.99 35.99 -128.95
-32.99 35.99 -128.95
-32.99 35.99 -128.95
-32.99 35.99 -128.95
-32.99 35.99 -128.95
-32.99 35.99 -128.95
-32.99 35.99 -128.95
-32.99 35.99 -128.95
-32.99 35.99 -128.95
-32.99 35.99 -128.95
-32.99 35.99 -128.95
-31.49 28.49 -148.44
-31.49 28.49 -148.44
-31.49 28.49 -148.44
-31.49 28.49 -148.44
-31.49 28.49 -148.44
-31.49 28.49 -148.44
-31.49 28.49 -148.44
-31.49 28.49 -148.44
-31.49 28.49 -148.44
-31.49 28.49 -148.44
-31.49 28.49 -148.44
-31.49 28.49 -148.44
-31.49 28.49 -148.44
-16.49 4.50 -145.44
-16.49 4.50 -145.44
-16.49 4.50 -145.44
-16.49 4.50 -145.44
-16.49 4.50 -145.44
-16.49 4.50 -145.44
-16.49 4.50 -145.44
-16.49 4.50 -145.44
-16.49 4.50 -145.44
-16.49 4.50 -145.44
-16.49 4.50 -145.44
-16.49 4.50 -145.44
-10.50 -19.49 -151.44
-10.50 -19.49 -151.44
-10.50 -19.49 -151.44
-10.50 -19.49 -151.44
-10.50 -19.49 -151.44
-10.50 -19.49 -151.44
-10.50 -19.49 -151.44
-10.50 -19.49 -151.44
-10.50 -19.49 -151.44
-10.50 -19.49 -151.44
-10.50 -19.49 -151.44
-10.50 -19.49 -151.44
-10.50 -19.49 -151.44
-10.50 -34.49 -139.44
-10.50 -34.49 -139.44
-10.50 -34.49 -139.44
-10.50 -34.49 -139.44
-10.50 -34.49 -139.44
-10.50 -34.49 -139.44
-10.50 -34.49 -139.44
-10.50 -34.49 -139.44
-10.50 -34.49 -139.44
-10.50 -34.49 -139.44
-10.50 -34.49 -139.44
-10.50 -34.49 -139.44
-7.50 -55.48 -148.44
-7.50 -55.48 -148.44
-7.50 -55.48 -148.44
-7.50 -55.48 -148.44
-7.50 -55.48 -148.44
-7.50 -55.48 -148.44
-7.50 -55.48 -148.44
-7.50 -55.48 -148.44
-7.50 -55.48 -148.44
-7.50 -55.48 -148.44
-7.50 -55.48 -148.44
-7.50 -55.48 -148.44
-7.50 -55.48 -148.44
10.50 -61.47 -124.45
10.50 -61.47 -124.45
10.50 -61.47 -124.45
10.50 -61.47 -124.45
10.50 -61.47 -124.45
10.50 -61.47 -124.45
10.50 -61.47 -124.45
10.50 -61.47 -124.45
10.50 -61.47 -124.45
10.50 -61.47 -124.45
10.50 -61.47 -124.45
10.50 -61.47 -124.45
10.50 -61.47 -124.45
10.50 -82.47 -121.45
10.50 -82.47 -121.45
10.50 -82.47 -121.45
10.50 -82.47 -121.45
10.50 -82.47 -121.45
10.50 -82.47 -121.45
10.50 -82.47 -121.45
10.50 -82.47 -121.45
10.50 -82.47 -121.45
10.50 -82.47 -121.45
10.50 -82.47 -121.45
10.50 -82.47 -121.45
31.49 -91.46 -115.45
31.49 -91.46 -115.45
31.49 -91.46 -115.45
31.49 -91.46 -115.45
31.49 -91.46 -115.45
31.49 -91.46 -115.45
31.49 -91.46 -115.45
31.49 -91.46 -115.45
31.49 -91.46 -115.45
31.49 -91.46 -115.45
31.49 -91.46 -115.45
31.49 -91.46 -115.45
31.49 -91.46 -115.45
23.99 -92.96 -110.95
23.99 -92.96 -110.95
23.99 -92.96 -110.95
23.99 -92.96 -110.95
23.99 -92.96 -110.95
23.99 -92.96 -110.95
23.99 -92.96 -110.95
23.99 -92.96 -110.95
23.99 -92.96 -110.95
23.99 -92.96 -110.95
23.99 -92.96 -110.95
23.99 -92.96 -110.95
44.98 -95.96 -95.96
44.98 -95.96 -95.96
44.98 -95.96 -95.96
44.98 -95.96 -95.96
44.98 -95.96 -95.96
44.98 -95.96 -95.96
44.98 -95.96 -95.96
44.98 -95.96 -95.96
44.98 -95.96 -95.96
44.98 -95.96 -95.96
44.98 -95.96 -95.96
44.98 -95.96 -95.96
44.98 -95.96 -95.96
71.97 -107.96 -104.96
71.97 -107.96 -104.96
71.97 -107.96 -104.96
71.97 -107.96 -104.96
71.97 -107.96 -104.96
71.97 -107.96 -104.96
71.97 -107.96 -104.96
71.97 -107.96 -104.96
71.97 -107.96 -104.96
71.97 -107.96 -104.96
71.97 -107.96 -104.96
71.97 -107.96 -104.96
85.47 -118.45 -91.46
85.47 -118.45 -91.46
85.47 -118.45 -91.46
85.47 -118.45 -91.46
85.47 -118.45 -91.46
85.47 -118.45 -91.46
85.47 -118.45 -91.46
85.47 -118.45 -91.46
85.47 -118.45 -91.46
85.47 -118.45 -91.46
85.47 -118.45 -91.46
85.47 -118.45 -91.46
85.47 -118.45 -91.46
101.96 -122.95 -89.96
101.96 -122.95 -89.96
101.96 -122.95 -89.96
101.96 -122.95 -89.96
101.96 -122.95 -89.96
101.96 -122.95 -89.96
101.96 -122.95 -89.96
101.96 -122.95 -89.96
101.96 -122.95 -89.96
101.96 -122.95 -89.96
101.96 -122.95 -89.96
101.96 -122.95 -89.96
101.96 -122.95 -89.96
97.46 -124.45 -94.46
97.46 -124.45 -94.46
97.46 -124.45 -94.46
97.46 -124.45 -94.46
97.46 -124.45 -94.46
97.46 -124.45 -94.46
97.46 -124.45 -94.46
97.46 -124.45 -94.46
97.46 -124.45 -94.46
97.46 -124.45 -94.46
97.46 -124.45 -94.46
97.46 -124.45 -94.46
122.95 -119.95 -113.95
122.95 -119.95 -113.95
122.95 -119.95 -113.95
122.95 -119.95 -113.95
122.95 -119.95 -113.95
122.95 -119.95 -113.95
122.95 -119.95 -113.95
122.95 -119.95 -113.95
122.95 -119.95 -113.95
122.95 -119.95 -113.95
122.95 -119.95 -113.95
122.95 -119.95 -113.95
122.95 -119.95 -113.95
119.95 -137.94 -101.96
119.95 -137.94 -101.96
119.95 -137.94 -101.96
119.95 -137.94 -101.96
119.95 -137.94 -101.96
119.95 -137.94 -101.96
119.95 -137.94 -101.96
119.95 -137.94 -101.96
119.95 -137.94 -101.96
119.95 -137.94 -101.96
119.95 -137.94 -101.96
119.95 -137.94 -101.96
136.44 -139.44 -115.45
136.44 -139.44 -115.45
136.44 -139.44 -115.45
136.44 -139.44 -115.45
136.44 -139.44 -115.45
136.44 -139.44 -115.45
136.44 -139.44 -115.45
136.44 -139.44 -115.45
136.44 -139.44 -115.45
136.44 -139.44 -115.45
136.44 -139.44 -115.45
136.44 -139.44 -115.45
136.44 -139.44 -115.45
146.94 -137.94 -89.96
146.94 -137.94 -89.96
146.94 -137.94 -89.96
146.94 -137.94 -89.96
146.94 -137.94 -89.96
146.94 -137.94 -89.96
146.94 -137.94 -89.96
146.94 -137.94 -89.96
146.94 -137.94 -89.96
146.94 -137.94 -89.96
146.94 -137.94 -89.96
146.94 -137.94 -89.96
181.43 -148.44 -94.46
181.43 -148.44 -94.46
181.43 -148.44 -94.46
181.43 -148.44 -94.46
181.43 -148.44 -94.46
181.43 -148.44 -94.46
181.43 -148.44 -94.46
181.43 -148.44 -94.46
181.43 -148.44 -94.46
181.43 -148.44 -94.46
181.43 -148.44 -94.46
181.43 -148.44 -94.46
181.43 -148.44 -94.46
178.43 -136.44 -88.46
178.43 -136.44 -88.46
178.43 -136.44 -88.46
178.43 -136.44 -88.46
178.43 -136.44 -88.46
178.43 -136.44 -88.46
178.43 -136.44 -88.46
178.43 -136.44 -88.46
178.43 -136.44 -88.46
178.43 -136.44 -88.46
178.43 -136.44 -88.46
178.43 -136.44 -88.46
178.43 -136.44 -88.46
205.42 -148.44 -88.46
205.42 -148.44 -88.46
205.42 -148.44 -88.46
205.42 -148.44 -88.46
205.42 -148.44 -88.46
205.42 -148.44 -88.46
205.42 -148.44 -88.46
205.42 -148.44 -88.46
205.42 -148.44 -88.46
205.42 -148.44 -88.46
205.42 -148.44 -88.46
205.42 -148.44 -88.46
200.92 -125.95 -92.96
200.92 -125.95 -92.96
200.92 -125.95 -92.96
200.92 -125.95 -92.96
200.92 -125.95 -92.96
200.92 -125.95 -92.96
200.92 -125.95 -92.96
200.92 -125.95 -92.96
200.92 -125.95 -92.96
200.92 -125.95 -92.96
200.92 -125.95 -92.96
200.92 -125.95 -92.96
200.92 -125.95 -92.96
235.40 -139.44 -82.47
235.40 -139.44 -82.47
235.40 -139.44 -82.47
235.40 -139.44 -82.47
235.40 -139.44 -82.47
235.40 -139.44 -82.47
235.40 -139.44 -82.47
235.40 -139.44 -82.47
235.40 -139.44 -82.47
235.40 -139.44 -82.47
235.40 -139.44 -82.47
235.40 -139.44 -82.47
232.41 -127.45 -97.46
232.41 -127.45 -97.46
232.41 -127.45 -97.46
232.41 -127.45 -97.46
232.41 -127.45 -97.46
232.41 -127.45 -97.46
232.41 -127.45 -97.46
232.41 -127.45 -97.46
232.41 -127.45 -97.46
232.41 -127.45 -97.46
232.41 -127.45 -97.46
232.41 -127.45 -97.46
232.41 -127.45 -97.46
251.90 -128.95 -89.96
251.90 -128.95 -89.96
251.90 -128.95 -89.96
251.90 -128.95 -89.96
251.90 -128.95 -89.96
251.90 -128.95 -89.96
251.90 -128.95 -89.96
251.90 -128.95 -89.96
251.90 -128.95 -89.96
251.90 -128.95 -89.96
251.90 -128.95 -89.96
251.90 -128.95 -89.96
256.40 -133.45 -97.46
256.40 -133.45 -97.46
256.40 -133.45 -97.46
256.40 -133.45 -97.46
256.40 -133.45 -97.46
256.40 -133.45 -97.46
256.40 -133.45 -97.46
256.40 -133.45 -97.46
256.40 -133.45 -97.46
256.40 -133.45 -97.46
256.40 -133.45 -97.46
256.40 -133.45 -97.46
256.40 -133.45 -97.46
284.88 -137.94 -89.96
284.88 -137.94 -89.96
284.88 -137.94 -89.96
284.88 -137.94 -89.96
284.88 -137.94 -89.96
284.88 -137.94 -89.96
284.88 -137.94 -89.96
284.88 -137.94 -89.96
284.88 -137.94 -89.96
284.88 -137.94 -89.96
284.88 -137.94 -89.96
284.88 -137.94 -89.96
301.38 -133.45 -103.46
301.38 -133.45 -103.46
301.38 -133.45 -103.46
301.38 -133.45 -103.46
301.38 -133.45 -103.46
301.38 -133.45 -103.46
301.38 -133.45 -103.46
301.38 -133.45 -103.46
301.38 -133.45 -103.46
301.38 -133.45 -103.46
301.38 -133.45 -103.46
301.38 -133.45 -103.46
301.38 -133.45 -103.46
314.87 -104.96 -95.96
314.87 -104.96 -95.96
314.87 -104.96 -95.96
314.87 -104.96 -95.96
314.87 -104.96 -95.96
314.87 -104.96 -95.96
314.87 -104.96 -95.96
314.87 -104.96 -95.96
314.87 -104.96 -95.96
314.87 -104.96 -95.96
314.87 -104.96 -95.96
314.87 -104.96 -95.96
314.87 -104.96 -95.96
325.37 -115.45 -106.46
325.37 -115.45 -106.46
325.37 -115.45 -106.46
325.37 -115.45 -106.46
325.37 -115.45 -106.46
325.37 -115.45 -106.46
325.37 -115.45 -106.46
325.37 -115.45 -106.46
325.37 -115.45 -106.46
325.37 -115.45 -106.46
325.37 -115.45 -106.46
325.37 -115.45 -106.46
352.36 -118.45 -100.46
352.36 -118.45 -100.46
352.36 -118.45 -100.46
352.36 -118.45 -100.46
352.36 -118.45 -100.46
352.36 -118.45 -100.46
352.36 -118.45 -100.46
352.36 -118.45 -100.46
352.36 -118.45 -100.46
352.36 -118.45 -100.46
352.36 -118.45 -100.46
352.36 -118.45 -100.46
352.36 -118.45 -100.46
358.35 -106.46 -97.46
358.35 -106.46 -97.46
358.35 -106.46 -97.46
358.35 -106.46 -97.46
358.35 -106.46 -97.46
358.35 -106.46 -97.46
358.35 -106.46 -97.46
358.35 -106.46 -97.46
358.35 -106.46 -97.46
358.35 -106.46 -97.46
358.35 -106.46 -97.46
358.35 -106.46 -97.46
377.85 -107.96 -92.96
377.85 -107.96 -92.96
377.85 -107.96 -92.96
377.85 -107.96 -92.96
377.85 -107.96 -92.96
377.85 -107.96 -92.96
377.85 -107.96 -92.96
377.85 -107.96 -92.96
377.85 -107.96 -92.96
377.85 -107.96 -92.96
377.85 -107.96 -92.96
377.85 -107.96 -92.96
377.85 -107.96 -92.96
400.34 -109.46 -94.46
400.34 -109.46 -94.46
400.34 -109.46 -94.46
400.34 -109.46 -94.46
400.34 -109.46 -94.46
400.34 -109.46 -94.46
400.34 -109.46 -94.46
400.34 -109.46 -94.46
400.34 -109.46 -94.46
400.34 -109.46 -94.46
400.34 -109.46 -94.46
400.34 -109.46 -94.46
404.84 -110.95 -77.97
404.84 -110.95 -77.97
404.84 -110.95 -77.97
404.84 -110.95 -77.97
404.84 -110.95 -77.97
404.84 -110.95 -77.97
404.84 -110.95 -77.97
404.84 -110.95 -77.97
404.84 -110.95 -77.97
404.84 -110.95 -77.97
404.84 -110.95 -77.97
404.84 -110.95 -77.97
404.84 -110.95 -77.97
415.33 -97.46 -79.47
415.33 -97.46 -79.47
415.33 -97.46 -79.47
415.33 -97.46 -79.47
415.33 -97.46 -79.47
415.33 -97.46 -79.47
415.33 -97.46 -79.47
415.33 -97.46 -79.47
415.33 -97.46 -79.47
415.33 -97.46 -79.47
415.33 -97.46 -79.47
415.33 -97.46 -79.47
415.33 -97.46 -79.47
428.83 -74.97 -74.97
428.83 -74.97 -74.97
428.83 -74.97 -74.97
428.83 -74.97 -74.97
428.83 -74.97 -74.97
428.83 -74.97 -74.97
428.83 -74.97 -74.97
428.83 -74.97 -74.97
428.83 -74.97 -74.97
428.83 -74.97 -74.97
428.83 -74.97 -74.97
428.83 -74.97 -74.97
439.32 -70.47 -79.47
439.32 -70.47 -79.47
439.32 -70.47 -79.47
439.32 -70.47 -79.47
439.32 -70.47 -79.47
439.32 -70.47 -79.47
439.32 -70.47 -79.47
439.32 -70.47 -79.47
439.32 -70.47 -79.47
439.32 -70.47 -79.47
439.32 -70.47 -79.47
439.32 -70.47 -79.47
439.32 -70.47 -79.47
439.32 -70.47 -85.47
439.32 -70.47 -85.47
439.32 -70.47 -85.47
439.32 -70.47 -85.47
439.32 -70.47 -85.47
439.32 -70.47 -85.47
439.32 -70.47 -85.47
439.32 -70.47 -85.47
439.32 -70.47 -85.47
439.32 -70.47 -85.47
439.32 -70.47 -85.47
439.32 -70.47 -85.47
463.31 -43.48 -73.47
463.31 -43.48 -73.47
463.31 -43.48 -73.47
463.31 -43.48 -73.47
463.31 -43.48 -73.47
463.31 -43.48 -73.47
463.31 -43.48 -73.47
463.31 -43.48 -73.47
463.31 -43.48 -73.47
463.31 -43.48 -73.47
463.31 -43.48 -73.47
463.31 -43.48 -73.47
463.31 -43.48 -73.47
478.31 -28.49 -70.47
478.31 -28.49 -70.47
478.31 -28.49 -70.47
478.31 -28.49 -70.47
478.31 -28.49 -70.47
478.31 -28.49 -70.47
478.31 -28.49 -70.47
478.31 -28.49 -70.47
478.31 -28.49 -70.47
478.31 -28.49 -70.47
478.31 -28.49 -70.47
478.31 -28.49 -70.47
466.31 4.50 -70.47
466.31 4.50 -70.47
466.31 4.50 -70.47
466.31 4.50 -70.47
466.31 4.50 -70.47
466.31 4.50 -70.47
466.31 4.50 -70.47
466.31 4.50 -70.47
466.31 4.50 -70.47
466.31 4.50 -70.47
466.31 4.50 -70.47
466.31 4.50 -70.47
466.31 4.50 -70.47
482.80 12.00 -77.97
482.80 12.00 -77.97
482.80 12.00 -77.97
482.80 12.00 -77.97
482.80 12.00 -77.97
482.80 12.00 -77.97
482.80 12.00 -77.97
482.80 12.00 -77.97
482.80 12.00 -77.97
482.80 12.00 -77.97
482.80 12.00 -77.97
482.80 12.00 -77.97
499.30 19.49 -79.47
499.30 19.49 -79.47
499.30 19.49 -79.47
499.30 19.49 -79.47
499.30 19.49 -79.47
499.30 19.49 -79.47
499.30 19.49 -79.47
499.30 19.49 -79.47
499.30 19.49 -79.47
499.30 19.49 -79.47
499.30 19.49 -79.47
499.30 19.49 -79.47
499.30 19.49 -79.47
499.30 37.48 -73.47
499.30 37.48 -73.47
499.30 37.48 -73.47
499.30 37.48 -73.47
499.30 37.48 -73.47
499.30 37.48 -73.47
499.30 37.48 -73.47
499.30 37.48 -73.47
499.30 37.48 -73.47
499.30 37.48 -73.47
499.30 37.48 -73.47
499.30 37.48 -73.47
499.30 37.48 -73.47
496.30 52.48 -73.47
496.30 52.48 -73.47
496.30 52.48 -73.47
496.30 52.48 -73.47
496.30 52.48 -73.47
496.30 52.48 -73.47
496.30 52.48 -73.47
496.30 52.48 -73.47
496.30 52.48 -73.47
496.30 52.48 -73.47
496.30 52.48 -73.47
496.30 52.48 -73.47
502.30 61.47 -76.47
502.30 61.47 -76.47
502.30 61.47 -76.47
502.30 61.47 -76.47
502.30 61.47 -76.47
502.30 61.47 -76.47
502.30 61.47 -76.47
502.30 61.47 -76.47
502.30 61.47 -76.47
502.30 61.47 -76.47
502.30 61.47 -76.47
502.30 61.47 -76.47
502.30 61.47 -76.47
512.79 86.96 -77.97
512.79 86.96 -77.97
512.79 86.96 -77.97
512.79 86.96 -77.97
512.79 86.96 -77.97
512.79 86.96 -77.97
512.79 86.96 -77.97
512.79 86.96 -77.97
512.79 86.96 -77.97
512.79 86.96 -77.97
512.79 86.96 -77.97
512.79 86.96 -77.97
508.29 103.46 -76.47
508.29 103.46 -76.47
508.29 103.46 -76.47
508.29 103.46 -76.47
508.29 103.46 -76.47
508.29 103.46 -76.47
508.29 103.46 -76.47
508.29 103.46 -76.47
508.29 103.46 -76.47
508.29 103.46 -76.47
508.29 103.46 -76.47
508.29 103.46 -76.47
508.29 103.46 -76.47
517.29 112.45 -88.46
517.29 112.45 -88.46
517.29 112.45 -88.46
517.29 112.45 -88.46
517.29 112.45 -88.46
517.29 112.45 -88.46
517.29 112.45 -88.46
517.29 112.45 -88.46
517.29 112.45 -88.46
517.29 112.45 -88.46
517.29 112.45 -88.46
517.29 112.45 -88.46
503.79 125.95 -95.96
503.79 125.95 -95.96
503.79 125.95 -95.96
503.79 125.95 -95.96
503.79 125.95 -95.96
503.79 125.95 -95.96
503.79 125.95 -95.96
503.79 125.95 -95.96
503.79 125.95 -95.96
503.79 125.95 -95.96
503.79 125.95 -95.96
503.79 125.95 -95.96
503.79 125.95 -95.96
509.79 134.95 -80.97
509.79 134.95 -80.97
509.79 134.95 -80.97
509.79 134.95 -80.97
509.79 134.95 -80.97
509.79 134.95 -80.97
509.79 134.95 -80.97
509.79 134.95 -80.97
509.79 134.95 -80.97
509.79 134.95 -80.97
509.79 134.95 -80.97
509.79 134.95 -80.97
526.29 148.44 -106.46
526.29 148.44 -106.46
526.29 148.44 -106.46
526.29 148.44 -106.46
526.29 148.44 -106.46
526.29 148.44 -106.46
526.29 148.44 -106.46
526.29 148.44 -106.46
526.29 148.44 -106.46
526.29 148.44 -106.46
526.29 148.44 -106.46
526.29 148.44 -106.46
526.29 148.44 -106.46
514.29 157.44 -103.46
514.29 157.44 -103.46
514.29 157.44 -103.46
514.29 157.44 -103.46
514.29 157.44 -103.46
514.29 157.44 -103.46
514.29 157.44 -103.46
514.29 157.44 -103.46
514.29 157.44 -103.46
514.29 157.44 -103.46
514.29 157.44 -103.46
514.29 157.44 -103.46
514.29 157.44 -103.46
520.29 154.44 -106.46
520.29 154.44 -106.46
520.29 154.44 -106.46
520.29 154.44 -106.46
520.29 154.44 -106.46
520.29 154.44 -106.46
520.29 154.44 -106.46
520.29 154.44 -106.46
520.29 154.44 -106.46
520.29 154.44 -106.46
520.29 154.44 -106.46
520.29 154.44 -106.46
503.79 161.93 -113.95
503.79 161.93 -113.95
503.79 161.93 -113.95
503.79 161.93 -113.95
503.79 161.93 -113.95
503.79 161.93 -113.95
503.79 161.93 -113.95
503.79 161.93 -113.95
503.79 161.93 -113.95
503.79 161.93 -113.95
503.79 161.93 -113.95
503.79 161.93 -113.95
503.79 161.93 -113.95
521.79 176.93 -92.96
521.79 176.93 -92.96
521.79 176.93 -92.96
521.79 176.93 -92.96
521.79 176.93 -92.96
521.79 176.93 -92.96
521.79 176.93 -92.96
521.79 176.93 -92.96
521.79 176.93 -92.96
521.79 176.93 -92.96
521.79 176.93 -92.96
521.79 176.93 -92.96
520.29 175.43 -94.46
520.29 175.43 -94.46
520.29 175.43 -94.46
520.29 175.43 -94.46
520.29 175.43 -94.46
520.29 175.43 -94.46
520.29 175.43 -94.46
520.29 175.43 -94.46
520.29 175.43 -94.46
520.29 175.43 -94.46
520.29 175.43 -94.46
520.29 175.43 -94.46
520.29 175.43 -94.46
535.28 190.42 -97.46
535.28 190.42 -97.46
535.28 190.42 -97.46
535.28 190.42 -97.46
535.28 190.42 -97.46
535.28 190.42 -97.46
535.28 190.42 -97.46
535.28 190.42 -97.46
535.28 190.42 -97.46
535.28 190.42 -97.46
535.28 190.42 -97.46
535.28 190.42 -97.46
521.79 203.92 -95.96
521.79 203.92 -95.96
521.79 203.92 -95.96
521.79 203.92 -95.96
521.79 203.92 -95.96
521.79 203.92 -95.96
521.79 203.92 -95.96
521.79 203.92 -95.96
521.79 203.92 -95.96
521.79 203.92 -95.96
521.79 203.92 -95.96
521.79 203.92 -95.96
521.79 203.92 -95.96
529.28 202.42 -91.46
529.28 202.42 -91.46
529.28 202.42 -91.46
529.28 202.42 -91.46
529.28 202.42 -91.46
529.28 202.42 -91.46
529.28 202.42 -91.46
529.28 202.42 -91.46
529.28 202.42 -91.46
529.28 202.42 -91.46
529.28 202.42 -91.46
529.28 202.42 -91.46
529.28 202.42 -91.46
538.28 226.41 -91.46
538.28 226.41 -91.46
538.28 226.41 -91.46
538.28 226.41 -91.46
538.28 226.41 -91.46
538.28 226.41 -91.46
538.28 226.41 -91.46
538.28 226.41 -91.46
538.28 226.41 -91.46
538.28 226.41 -91.46
538.28 226.41 -91.46
538.28 226.41 -91.46
538.28 244.40 -76.47
538.28 244.40 -76.47
538.28 244.40 -76.47
538.28 244.40 -76.47
538.28 244.40 -76.47
538.28 244.40 -76.47
538.28 244.40 -76.47
538.28 244.40 -76.47
538.28 244.40 -76.47
538.28 244.40 -76.47
538.28 244.40 -76.47
538.28 244.40 -76.47
538.28 244.40 -76.47
550.28 271.39 -67.47
550.28 271.39 -67.47
550.28 271.39 -67.47
550.28 271.39 -67.47
550.28 271.39 -67.47
550.28 271.39 -67.47
550.28 271.39 -67.47
550.28 271.39 -67.47
550.28 271.39 -67.47
550.28 271.39 -67.47
550.28 271.39 -67.47
550.28 271.39 -67.47
541.28 295.38 -64.47
541.28 295.38 -64.47
541.28 295.38 -64.47
541.28 295.38 -64.47
541.28 295.38 -64.47
541.28 295.38 -64.47
541.28 295.38 -64.47
541.28 295.38 -64.47
541.28 295.38 -64.47
541.28 295.38 -64.47
541.28 295.38 -64.47
541.28 295.38 -64.47
541.28 295.38 -64.47
539.78 299.88 -77.97
539.78 299.88 -77.97
539.78 299.88 -77.97
539.78 299.88 -77.97
539.78 299.88 -77.97
539.78 299.88 -77.97
539.78 299.88 -77.97
539.78 299.88 -77.97
539.78 299.88 -77.97
539.78 299.88 -77.97
539.78 299.88 -77.97
539.78 299.88 -77.97
535.28 334.36 -73.47
535.28 334.36 -73.47
535.28 334.36 -73.47
535.28 334.36 -73.47
535.28 334.36 -73.47
535.28 334.36 -73.47
535.28 334.36 -73.47
535.28 334.36 -73.47
535.28 334.36 -73.47
535.28 334.36 -73.47
535.28 334.36 -73.47
535.28 334.36 -73.47
535.28 334.36 -73.47
518.79 359.85 -101.96
518.79 359.85 -101.96
518.79 359.85 -101.96
518.79 359.85 -101.96
518.79 359.85 -101.96
518.79 359.85 -101.96
518.79 359.85 -101.96
518.79 359.85 -101.96
518.79 359.85 -101.96
518.79 359.85 -101.96
518.79 359.85 -101.96
518.79 359.85 -101.96
524.79 374.85 -101.96
524.79 374.85 -101.96
524.79 374.85 -101.96
524.79 374.85 -101.96
524.79 374.85 -101.96
524.79 374.85 -101.96
524.79 374.85 -101.96
524.79 374.85 -101.96
524.79 374.85 -101.96
524.79 374.85 -101.96
524.79 374.85 -101.96
524.79 374.85 -101.96
524.79 374.85 -101.96
515.79 386.84 -101.96
515.79 386.84 -101.96
515.79 386.84 -101.96
515.79 386.84 -101.96
515.79 386.84 -101.96
515.79 386.84 -101.96
515.79 386.84 -101.96
515.79 386.84 -101.96
515.79 386.84 -101.96
515.79 386.84 -101.96
515.79 386.84 -101.96
515.79 386.84 -101.96
515.79 386.84 -101.96
518.79 404.84 -101.96
518.79 404.84 -101.96
518.79 404.84 -101.96
518.79 404.84 -101.96
518.79 404.84 -101.96
518.79 404.84 -101.96
518.79 404.84 -101.96
518.79 404.84 -101.96
518.79 404.84 -101.96
518.79 404.84 -101.96
518.79 404.84 -101.96
518.79 404.84 -101.96
488.80 434.82 -122.95
488.80 434.82 -122.95
488.80 434.82 -122.95
488.80 434.82 -122.95
488.80 434.82 -122.95
488.80 434.82 -122.95
488.80 434.82 -122.95
488.80 434.82 -122.95
488.80 434.82 -122.95
488.80 434.82 -122.95
488.80 434.82 -122.95
488.80 434.82 -122.95
488.80 434.82 -122.95
470.81 431.82 -125.95
470.81 431.82 -125.95
470.81 431.82 -125.95
470.81 431.82 -125.95
470.81 431.82 -125.95
470.81 431.82 -125.95
470.81 431.82 -125.95
470.81 431.82 -125.95
470.81 431.82 -125.95
470.81 431.82 -125.95
470.81 431.82 -125.95
470.81 431.82 -125.95
482.80 446.82 -122.95
482.80 446.82 -122.95
482.80 446.82 -122.95
482.80 446.82 -122.95
482.80 446.82 -122.95
482.80 446.82 -122.95
482.80 446.82 -122.95
482.80 446.82 -122.95
482.80 446.82 -122.95
482.80 446.82 -122.95
482.80 446.82 -122.95
482.80 446.82 -122.95
482.80 446.82 -122.95
458.81 470.81 -134.95
458.81 470.81 -134.95
458.81 470.81 -134.95
458.81 470.81 -134.95
458.81 470.81 -134.95
458.81 470.81 -134.95
458.81 470.81 -134.95
458.81 470.81 -134.95
458.81 470.81 -134.95
458.81 470.81 -134.95
458.81 470.81 -134.95
458.81 470.81 -134.95
442.32 475.31 -145.44
442.32 475.31 -145.44
442.32 475.31 -145.44
442.32 475.31 -145.44
442.32 475.31 -145.44
442.32 475.31 -145.44
442.32 475.31 -145.44
442.32 475.31 -145.44
442.32 475.31 -145.44
442.32 475.31 -145.44
442.32 475.31 -145.44
442.32 475.31 -145.44
442.32 475.31 -145.44
430.32 484.30 -148.44
430.32 484.30 -148.44
430.32 484.30 -148.44
430.32 484.30 -148.44
430.32 484.30 -148.44
430.32 484.30 -148.44
430.32 484.30 -148.44
430.32 484.30 -148.44
430.32 484.30 -148.44
430.32 484.30 -148.44
430.32 484.30 -148.44
430.32 484.30 -148.44
430.32 484.30 -148.44
431.82 494.80 -158.94
431.82 494.80 -158.94
431.82 494.80 -158.94
431.82 494.80 -158.94
431.82 494.80 -158.94
431.82 494.80 -158.94
431.82 494.80 -158.94
431.82 494.80 -158.94
431.82 494.80 -158.94
431.82 494.80 -158.94
431.82 494.80 -158.94
431.82 494.80 -158.94
413.83 506.79 -155.94
413.83 506.79 -155.94
413.83 506.79 -155.94
413.83 506.79 -155.94
413.83 506.79 -155.94
413.83 506.79 -155.94
413.83 506.79 -155.94
413.83 506.79 -155.94
413.83 506.79 -155.94
413.83 506.79 -155.94
413.83 506.79 -155.94
413.83 506.79 -155.94
413.83 506.79 -155.94
415.33 523.29 -160.43
415.33 523.29 -160.43
415.33 523.29 -160.43
415.33 523.29 -160.43
415.33 523.29 -160.43
415.33 523.29 -160.43
415.33 523.29 -160.43
415.33 523.29 -160.43
415.33 523.29 -160.43
415.33 523.29 -160.43
415.33 523.29 -160.43
415.33 523.29 -160.43
415.33 502.30 -175.43
415.33 502.30 -175.43
415.33 502.30 -175.43
415.33 502.30 -175.43
415.33 502.30 -175.43
415.33 502.30 -175.43
415.33 502.30 -175.43
415.33 502.30 -175.43
415.33 502.30 -175.43
415.33 502.30 -175.43
415.33 502.30 -175.43
415.33 502.30 -175.43
415.33 502.30 -175.43
409.33 502.30 -175.43
409.33 502.30 -175.43
409.33 502.30 -175.43
409.33 502.30 -175.43
409.33 502.30 -175.43
409.33 502.30 -175.43
409.33 502.30 -175.43
409.33 502.30 -175.43
409.33 502.30 -175.43
409.33 502.30 -175.43
409.33 502.30 -175.43
409.33 502.30 -175.43
397.34 502.30 -154.44
397.34 502.30 -154.44
397.34 502.30 -154.44
397.34 502.30 -154.44
397.34 502.30 -154.44
397.34 502.30 -154.44
397.34 502.30 -154.44
397.34 502.30 -154.44
397.34 502.30 -154.44
397.34 502.30 -154.44
397.34 502.30 -154.44
397.34 502.30 -154.44
397.34 502.30 -154.44
376.35 511.29 -160.43
376.35 511.29 -160.43
376.35 511.29 -160.43
376.35 511.29 -160.43
376.35 511.29 -160.43
376.35 511.29 -160.43
376.35 511.29 -160.43
376.35 511.29 -160.43
376.35 511.29 -160.43
376.35 511.29 -160.43
376.35 511.29 -160.43
376.35 511.29 -160.43
367.35 514.29 -178.43
367.35 514.29 -178.43
367.35 514.29 -178.43
367.35 514.29 -178.43
367.35 514.29 -178.43
367.35 514.29 -178.43
367.35 514.29 -178.43
367.35 514.29 -178.43
367.35 514.29 -178.43
367.35 514.29 -178.43
367.35 514.29 -178.43
367.35 514.29 -178.43
367.35 514.29 -178.43
353.86 506.79 -167.93
353.86 506.79 -167.93
353.86 506.79 -167.93
353.86 506.79 -167.93
353.86 506.79 -167.93
353.86 506.79 -167.93
353.86 506.79 -167.93
353.86 506.79 -167.93
353.86 506.79 -167.93
353.86 506.79 -167.93
353.86 506.79 -167.93
353.86 506.79 -167.93
353.86 506.79 -167.93
344.86 515.79 -182.93
344.86 515.79 -182.93
344.86 515.79 -182.93
344.86 515.79 -182.93
344.86 515.79 -182.93
344.86 515.79 -182.93
344.86 515.79 -182.93
344.86 515.79 -182.93
344.86 515.79 -182.93
344.86 515.79 -182.93
344.86 515.79 -182.93
344.86 515.79 -182.93
326.87 518.79 -173.93
326.87 518.79 -173.93
326.87 518.79 -173.93
326.87 518.79 -173.93
326.87 518.79 -173.93
326.87 518.79 -173.93
326.87 518.79 -173.93
326.87 518.79 -173.93
326.87 518.79 -173.93
326.87 518.79 -173.93
326.87 518.79 -173.93
326.87 518.79 -173.93
326.87 518.79 -173.93
314.87 542.78 -167.93
314.87 542.78 -167.93
314.87 542.78 -167.93
314.87 542.78 -167.93
314.87 542.78 -167.93
314.87 542.78 -167.93
314.87 542.78 -167.93
314.87 542.78 -167.93
314.87 542.78 -167.93
314.87 542.78 -167.93
314.87 542.78 -167.93
314.87 542.78 -167.93
305.88 536.78 -161.93
305.88 536.78 -161.93
305.88 536.78 -161.93
305.88 536.78 -161.93
305.88 536.78 -161.93
305.88 536.78 -161.93
305.88 536.78 -161.93
305.88 536.78 -161.93
305.88 536.78 -161.93
305.88 536.78 -161.93
305.88 536.78 -161.93
305.88 536.78 -161.93
305.88 536.78 -161.93
278.89 545.78 -170.93
278.89 545.78 -170.93
278.89 545.78 -170.93
278.89 545.78 -170.93
278.89 545.78 -170.93
278.89 545.78 -170.93
278.89 545.78 -170.93
278.89 545.78 -170.93
278.89 545.78 -170.93
278.89 545.78 -170.93
278.89 545.78 -170.93
278.89 545.78 -170.93
275.89 536.78 -167.93
275.89 536.78 -167.93
275.89 536.78 -167.93
275.89 536.78 -167.93
275.89 536.78 -167.93
275.89 536.78 -167.93
275.89 536.78 -167.93
275.89 536.78 -167.93
275.89 536.78 -167.93
275.89 536.78 -167.93
275.89 536.78 -167.93
275.89 536.78 -167.93
275.89 536.78 -167.93
256.40 520.29 -166.43
256.40 520.29 -166.43
256.40 520.29 -166.43
256.40 520.29 -166.43
256.40 520.29 -166.43
256.40 520.29 -166.43
256.40 520.29 -166.43
256.40 520.29 -166.43
256.40 520.29 -166.43
256.40 520.29 -166.43
256.40 520.29 -166.43
256.40 520.29 -166.43
256.40 520.29 -166.43
241.40 532.28 -163.43
241.40 532.28 -163.43
241.40 532.28 -163.43
241.40 532.28 -163.43
241.40 532.28 -163.43
241.40 532.28 -163.43
241.40 532.28 -163.43
241.40 532.28 -163.43
241.40 532.28 -163.43
241.40 532.28 -163.43
241.40 532.28 -163.43
241.40 532.28 -163.43
220.41 544.28 -145.44
220.41 544.28 -145.44
220.41 544.28 -145.44
220.41 544.28 -145.44
220.41 544.28 -145.44
220.41 544.28 -145.44
220.41 544.28 -145.44
220.41 544.28 -145.44
220.41 544.28 -145.44
220.41 544.28 -145.44
220.41 544.28 -145.44
220.41 544.28 -145.44
220.41 544.28 -145.44
220.41 538.28 -139.44
220.41 538.28 -139.44
220.41 538.28 -139.44
220.41 538.28 -139.44
220.41 538.28 -139.44
220.41 538.28 -139.44
220.41 538.28 -139.44
220.41 538.28 -139.44
220.41 538.28 -139.44
220.41 538.28 -139.44
220.41 538.28 -139.44
220.41 538.28 -139.44
205.42 538.28 -148.44
205.42 538.28 -148.44
205.42 538.28 -148.44
205.42 538.28 -148.44
205.42 538.28 -148.44
205.42 538.28 -148.44
205.42 538.28 -148.44
205.42 538.28 -148.44
205.42 538.28 -148.44
205.42 538.28 -148.44
205.42 538.28 -148.44
205.42 538.28 -148.44
205.42 538.28 -148.44
185.92 542.78 -134.95
185.92 542.78 -134.95
185.92 542.78 -134.95
185.92 542.78 -134.95
185.92 542.78 -134.95
185.92 542.78 -134.95
185.92 542.78 -134.95
185.92 542.78 -134.95
185.92 542.78 -134.95
185.92 542.78 -134.95
185.92 542.78 -134.95
185.92 542.78 -134.95
178.43 553.27 -151.44
178.43 553.27 -151.44
178.43 553.27 -151.44
178.43 553.27 -151.44
178.43 553.27 -151.44
178.43 553.27 -151.44
178.43 553.27 -151.44
178.43 553.27 -151.44
178.43 553.27 -151.44
178.43 553.27 -151.44
178.43 553.27 -151.44
178.43 553.27 -151.44
178.43 553.27 -151.44
160.43 541.28 -148.44
160.43 541.28 -148.44
160.43 541.28 -148.44
160.43 541.28 -148.44
160.43 541.28 -148.44
160.43 541.28 -148.44
160.43 541.28 -148.44
160.43 541.28 -148.44
160.43 541.28 -148.44
160.43 541.28 -148.44
160.43 541.28 -148.44
160.43 541.28 -148.44
148.44 535.28 -151.44
148.44 535.28 -151.44
148.44 535.28 -151.44
148.44 535.28 -151.44
148.44 535.28 -151.44
148.44 535.28 -151.44
148.44 535.28 -151.44
148.44 535.28 -151.44
148.44 535.28 -151.44
148.44 535.28 -151.44
148.44 535.28 -151.44
148.44 535.28 -151.44
148.44 535.28 -151.44
128.95 539.78 -164.93
128.95 539.78 -164.93
128.95 539.78 -164.93
128.95 539.78 -164.93
128.95 539.78 -164.93
128.95 539.78 -164.93
128.95 539.78 -164.93
128.95 539.78 -164.93
128.95 539.78 -164.93
128.95 539.78 -164.93
128.95 539.78 -164.93
128.95 539.78 -164.93
130.45 520.29 -157.44
130.45 520.29 -157.44
130.45 520.29 -157.44
130.45 520.29 -157.44
130.45 520.29 -157.44
130.45 520.29 -157.44
130.45 520.29 -157.44
130.45 520.29 -157.44
130.45 520.29 -157.44
130.45 520.29 -157.44
130.45 520.29 -157.44
130.45 520.29 -157.44
130.45 520.29 -157.44
94.46 523.29 -169.43
94.46 523.29 -169.43
94.46 523.29 -169.43
94.46 523.29 -169.43
94.46 523.29 -169.43
94.46 523.29 -169.43
94.46 523.29 -169.43
94.46 523.29 -169.43
94.46 523.29 -169.43
94.46 523.29 -169.43
94.46 523.29 -169.43
94.46 523.29 -169.43
94.46 523.29 -169.43
76.47 505.29 -157.44
76.47 505.29 -157.44
76.47 505.29 -157.44
76.47 505.29 -157.44
76.47 505.29 -157.44
76.47 505.29 -157.44
76.47 505.29 -157.44
76.47 505.29 -157.44
76.47 505.29 -157.44
76.47 505.29 -157.44
76.47 505.29 -157.44
76.47 505.29 -157.44
79.47 496.30 -169.43
79.47 496.30 -169.43
79.47 496.30 -169.43
79.47 496.30 -169.43
79.47 496.30 -169.43
79.47 496.30 -169.43
79.47 496.30 -169.43
79.47 496.30 -169.43
79.47 496.30 -169.43
79.47 496.30 -169.43
79.47 496.30 -169.43
79.47 496.30 -169.43
79.47 496.30 -169.43
64.47 487.30 -169.43
64.47 487.30 -169.43
64.47 487.30 -169.43
64.47 487.30 -169.43
64.47 487.30 -169.43
64.47 487.30 -169.43
64.47 487.30 -169.43
64.47 487.30 -169.43
64.47 487.30 -169.43
64.47 487.30 -169.43
64.47 487.30 -169.43
64.47 487.30 -169.43
44.98 485.80 -164.93
44.98 485.80 -164.93
44.98 485.80 -164.93
44.98 485.80 -164.93
44.98 485.80 -164.93
44.98 485.80 -164.93
44.98 485.80 -164.93
44.98 485.80 -164.93
44.98 485.80 -164.93
44.98 485.80 -164.93
44.98 485.80 -164.93
44.98 485.80 -164.93
44.98 485.80 -164.93
37.48 478.31 -154.44
37.48 478.31 -154.44
37.48 478.31 -154.44
37.48 478.31 -154.44
37.48 478.31 -154.44
37.48 478.31 -154.44
37.48 478.31 -154.44
37.48 478.31 -154.44
37.48 478.31 -154.44
37.48 478.31 -154.44
37.48 478.31 -154.44
37.48 478.31 -154.44
25.49 457.31 -145.44
25.49 457.31 -145.44
25.49 457.31 -145.44
25.49 457.31 -145.44
25.49 457.31 -145.44
25.49 457.31 -145.44
25.49 457.31 -145.44
25.49 457.31 -145.44
25.49 457.31 -145.44
25.49 457.31 -145.44
25.49 457.31 -145.44
25.49 457.31 -145.44
25.49 457.31 -145.44
17.99 452.82 -155.94
17.99 452.82 -155.94
17.99 452.82 -155.94
17.99 452.82 -155.94
17.99 452.82 -155.94
17.99 452.82 -155.94
17.99 452.82 -155.94
17.99 452.82 -155.94
17.99 452.82 -155.94
17.99 452.82 -155.94
17.99 452.82 -155.94
17.99 452.82 -155.94
10.50 442.32 -148.44
10.50 442.32 -148.44
10.50 442.32 -148.44
10.50 442.32 -148.44
10.50 442.32 -148.44
10.50 442.32 -148.44
10.50 442.32 -148.44
10.50 442.32 -148.44
10.50 442.32 -148.44
10.50 442.32 -148.44
10.50 442.32 -148.44
10.50 442.32 -148.44
10.50 442.32 -148.44
-19.49 436.32 -148.44
-19.49 436.32 -148.44
-19.49 436.32 -148.44
-19.49 436.32 -148.44
-19.49 436.32 -148.44
-19.49 436.32 -148.44
-19.49 436.32 -148.44
-19.49 436.32 -148.44
-19.49 436.32 -148.44
-19.49 436.32 -148.44
-19.49 436.32 -148.44
-19.49 436.32 -148.44
-19.49 436.32 -148.44
-13.49 436.32 -145.44
-13.49 436.32 -145.44
-13.49 436.32 -145.44
-13.49 436.32 -145.44
-13.49 436.32 -145.44
-13.49 436.32 -145.44
-13.49 436.32 -145.44
-13.49 436.32 -145.44
-13.49 436.32 -145.44
-13.49 436.32 -145.44
-13.49 436.32 -145.44
-13.49 436.32 -145.44
-20.99 404.84 -143.94
-20.99 404.84 -143.94
-20.99 404.84 -143.94
-20.99 404.84 -143.94
-20.99 404.84 -143.94
-20.99 404.84 -143.94
-20.99 404.84 -143.94
-20.99 404.84 -143.94
-20.99 404.84 -143.94
-20.99 404.84 -143.94
-20.99 404.84 -143.94
-20.99 404.84 -143.94
-20.99 404.84 -143.94
-17.99 404.84 -149.94
-17.99 404.84 -149.94
-17.99 404.84 -149.94
-17.99 404.84 -149.94
-17.99 404.84 -149.94
-17.99 404.84 -149.94
-17.99 404.84 -149.94
-17.99 404.84 -149.94
-17.99 404.84 -149.94
-17.99 404.84 -149.94
-17.99 404.84 -149.94
-17.99 404.84 -149.94
-38.98 383.84 -134.95
-38.98 383.84 -134.95
-38.98 383.84 -134.95
-38.98 383.84 -134.95
-38.98 383.84 -134.95
-38.98 383.84 -134.95
-38.98 383.84 -134.95
-38.98 383.84 -134.95
-38.98 383.84 -134.95
-38.98 383.84 -134.95
-38.98 383.84 -134.95
-38.98 383.84 -134.95
-38.98 383.84 -134.95
-34.49 379.35 -142.44
-34.49 379.35 -142.44
-34.49 379.35 -142.44
-34.49 379.35 -142.44
-34.49 379.35 -142.44
-34.49 379.35 -142.44
-34.49 379.35 -142.44
-34.49 379.35 -142.44
-34.49 379.35 -142.44
-34.49 379.35 -142.44
-34.49 379.35 -142.44
-34.49 379.35 -142.44
-29.99 362.85 -131.95
-29.99 362.85 -131.95
-29.99 362.85 -131.95
-29.99 362.85 -131.95
-29.99 362.85 -131.95
-29.99 362.85 -131.95
-29.99 362.85 -131.95
-29.99 362.85 -131.95
-29.99 362.85 -131.95
-29.99 362.85 -131.95
-29.99 362.85 -131.95
-29.99 362.85 -131.95
-29.99 362.85 -131.95
-40.48 364.35 -151.44
-40.48 364.35 -151.44
-40.48 364.35 -151.44
-40.48 364.35 -151.44
-40.48 364.35 -151.44
-40.48 364.35 -151.44
-40.48 364.35 -151.44
-40.48 364.35 -151.44
-40.48 364.35 -151.44
-40.48 364.35 -151.44
-40.48 364.35 -151.44
-40.48 364.35 -151.44
-59.98 344.86 -152.94
-59.98 344.86 -152.94
-59.98 344.86 -152.94
-59.98 344.86 -152.94
-59.98 344.86 -152.94
-59.98 344.86 -152.94
-59.98 344.86 -152.94
-59.98 344.86 -152.94
-59.98 344.86 -152.94
-59.98 344.86 -152.94
-59.98 344.86 -152.94
-59.98 344.86 -152.94
-59.98 344.86 -152.94
-61.47 334.36 -163.43
-61.47 334.36 -163.43
-61.47 334.36 -163.43
-61.47 334.36 -163.43
-61.47 334.36 -163.43
-61.47 334.36 -163.43
-61.47 334.36 -163.43
-61.47 334.36 -163.43
-61.47 334.36 -163.43
-61.47 334.36 -163.43
-61.47 334.36 -163.43
-61.47 334.36 -163.43
-52.48 304.38 -154.44
-52.48 304.38 -154.44
-52.48 304.38 -154.44
-52.48 304.38 -154.44
-52.48 304.38 -154.44
-52.48 304.38 -154.44
-52.48 304.38 -154.44
-52.48 304.38 -154.44
-52.48 304.38 -154.44
-52.48 304.38 -154.44
-52.48 304.38 -154.44
-52.48 304.38 -154.44
-52.48 304.38 -154.44
-61.47 292.38 -142.44
-61.47 292.38 -142.44
-61.47 292.38 -142.44
-61.47 292.38 -142.44
-61.47 292.38 -142.44
-61.47 292.38 -142.44
-61.47 292.38 -142.44
-61.47 292.38 -142.44
-61.47 292.38 -142.44
-61.47 292.38 -142.44
-61.47 292.38 -142.44
-61.47 292.38 -142.44
-61.47 292.38 -142.44
-67.47 286.38 -142.44
-67.47 286.38 -142.44
-67.47 286.38 -142.44
-67.47 286.38 -142.44
-67.47 286.38 -142.44
-67.47 286.38 -142.44
-67.47 286.38 -142.44
-67.47 286.38 -142.44
-67.47 286.38 -142.44
-67.47 286.38 -142.44
-67.47 286.38 -142.44
-67.47 286.38 -142.44
-77.97 266.89 -152.94
-77.97 266.89 -152.94
-77.97 266.89 -152.94
-77.97 266.89 -152.94
-77.97 266.89 -152.94
-77.97 266.89 -152.94
-77.97 266.89 -152.94
-77.97 266.89 -152.94
-77.97 266.89 -152.94
-77.97 266.89 -152.94
-77.97 266.89 -152.94
-77.97 266.89 -152.94
-77.97 266.89 -152.94
-64.47 247.40 -151.44
-64.47 247.40 -151.44
-64.47 247.40 -151.44
-64.47 247.40 -151.44
-64.47 247.40 -151.44
-64.47 247.40 -151.44
-64.47 247.40 -151.44
-64.47 247.40 -151.44
-64.47 247.40 -151.44
-64.47 247.40 -151.44
-64.47 247.40 -151.44
-64.47 247.40 -151.44
-86.96 227.91 -164.93
-86.96 227.91 -164.93
-86.96 227.91 -164.93
-86.96 227.91 -164.93
-86.96 227.91 -164.93
-86.96 227.91 -164.93
-86.96 227.91 -164.93
-86.96 227.91 -164.93
-86.96 227.91 -164.93
-86.96 227.91 -164.93
-86.96 227.91 -164.93
-86.96 227.91 -164.93
-86.96 227.91 -164.93
-59.98 212.91 -155.94
-59.98 212.91 -155.94
-59.98 212.91 -155.94
-59.98 212.91 -155.94
-59.98 212.91 -155.94
-59.98 212.91 -155.94
-59.98 212.91 -155.94
-59.98 212.91 -155.94
-59.98 212.91 -155.94
-59.98 212.91 -155.94
-59.98 212.91 -155.94
-59.98 212.91 -155.94
-71.97 200.92 -158.94
-71.97 200.92 -158.94
-71.97 200.92 -158.94
-71.97 200.92 -158.94
-71.97 200.92 -158.94
-71.97 200.92 -158.94
-71.97 200.92 -158.94
-71.97 200.92 -158.94
-71.97 200.92 -158.94
-71.97 200.92 -158.94
-71.97 200.92 -158.94
-71.97 200.92 -158.94
-71.97 200.92 -158.94
-71.97 161.93 -155.94
-71.97 161.93 -155.94
-71.97 161.93 -155.94
-71.97 161.93 -155.94
-71.97 161.93 -155.94
-71.97 161.93 -155.94
-71.97 161.93 -155.94
-71.97 161.93 -155.94
-71.97 161.93 -155.94
-71.97 161.93 -155.94
-71.97 161.93 -155.94
-71.97 161.93 -155.94
-74.97 149.94 -167.93
-74.97 149.94 -167.93
-74.97 149.94 -167.93
-74.97 149.94 -167.93
-74.97 149.94 -167.93
-74.97 149.94 -167.93
-74.97 149.94 -167.93
-74.97 149.94 -167.93
-74.97 149.94 -167.93
-74.97 149.94 -167.93
-74.97 149.94 -167.93
-74.97 149.94 -167.93
-74.97 149.94 -167.93
-91.46 130.45 -139.44
-91.46 130.45 -139.44
-91.46 130.45 -139.44
-91.46 130.45 -139.44
-91.46 130.45 -139.44
-91.46 130.45 -139.44
-91.46 130.45 -139.44
-91.46 130.45 -139.44
-91.46 130.45 -139.44
-91.46 130.45 -139.44
-91.46 130.45 -139.44
-91.46 130.45 -139.44
-91.46 130.45 -139.44
-74.97 101.96 -146.94
-74.97 101.96 -146.94
-74.97 101.96 -146.94
-74.97 101.96 -146.94
-74.97 101.96 -146.94
-74.97 101.96 -146.94
-74.97 101.96 -146.94
-74.97 101.96 -146.94
-74.97 101.96 -146.94
-74.97 101.96 -146.94
-74.97 101.96 -146.94
-74.97 101.96 -146.94
-64.47 103.46 -151.44
-64.47 103.46 -151.44
-64.47 103.46 -151.44
-64.47 103.46 -151.44
-64.47 103.46 -151.44
-64.47 103.46 -151.44
-64.47 103.46 -151.44
-64.47 103.46 -151.44
-64.47 103.46 -151.44
-64.47 103.46 -151.44
-64.47 103.46 -151.44
-64.47 103.46 -151.44
-64.47 103.46 -151.44
-58.48 61.47 -145.44
-58.48 61.47 -145.44
-58.48 61.47 -145.44
-58.48 61.47 -145.44
-58.48 61.47 -145.44
-58.48 61.47 -145.44
-58.48 61.47 -145.44
-58.48 61.47 -145.44
-58.48 61.47 -145.44
-58.48 61.47 -145.44
-58.48 61.47 -145.44
-58.48 61.47 -145.44
-62.97 62.97 -134.95
-62.97 62.97 -134.95
-62.97 62.97 -134.95
-62.97 62.97 -134.95
-62.97 62.97 -134.95
-62.97 62.97 -134.95
-62.97 62.97 -134.95
-62.97 62.97 -134.95
-62.97 62.97 -134.95
-62.97 62.97 -134.95
-62.97 62.97 -134.95
-62.97 62.97 -134.95
-62.97 62.97 -134.95
-46.48 61.47 -139.44
-46.48 61.47 -139.44
-46.48 61.47 -139.44
-46.48 61.47 -139.44
-46.48 61.47 -139.44
-46.48 61.47 -139.44
-46.48 61.47 -139.44
-46.48 61.47 -139.44
-46.48 61.47 -139.44
-46.48 61.47 -139.44
-46.48 61.47 -139.44
-46.48 61.47 -139.44
-59.98 47.98 -140.94
-59.98 47.98 -140.94
-59.98 47.98 -140.94
-59.98 47.98 -140.94
-59.98 47.98 -140.94
-59.98 47.98 -140.94
-59.98 47.98 -140.94
-59.98 47.98 -140.94
-59.98 47.98 -140.94
-59.98 47.98 -140.94
-59.98 47.98 -140.94
-59.98 47.98 -140.94
-59.98 47.98 -140.94
-23.99 26.99 -137.94
-23.99 26.99 -137.94
-23.99 26.99 -137.94
-23.99 26.99 -137.94
-23.99 26.99 -137.94
-23.99 26.99 -137.94
-23.99 26.99 -137.94
-23.99 26.99 -137.94
-23.99 26.99 -137.94
-23.99 26.99 -137.94
-23.99 26.99 -137.94
-23.99 26.99 -137.94
-32.99 3.00 -149.94
-32.99 3.00 -149.94
-32.99 3.00 -149.94
-32.99 3.00 -149.94
-32.99 3.00 -149.94
-32.99 3.00 -149.94
-32.99 3.00 -149.94
-32.99 3.00 -149.94
-32.99 3.00 -149.94
-32.99 3.00 -149.94
-32.99 3.00 -149.94
-32.99 3.00 -149.94
-32.99 3.00 -149.94
-13.49 7.50 -145.44
-13.49 7.50 -145.44
-13.49 7.50 -145.44
-13.49 7.50 -145.44
-13.49 7.50 -145.44
-13.49 7.50 -145.44
-13.49 7.50 -145.44
-13.49 7.50 -145.44
-13.49 7.50 -145.44
-13.49 7.50 -145.44
-13.49 7.50 -145.44
-13.49 7.50 -145.44
-7.50 -28.49 -148.44
-7.50 -28.49 -148.44
-7.50 -28.49 -148.44
-7.50 -28.49 -148.44
-7.50 -28.49 -148.44
-7.50 -28.49 -148.44
-7.50 -28.49 -148.44
-7.50 -28.49 -148.44
-7.50 -28.49 -148.44
-7.50 -28.49 -148.44
-7.50 -28.49 -148.44
-7.50 -28.49 -148.44
-7.50 -28.49 -148.44
-10.50 -64.47 -139.44
-10.50 -64.47 -139.44
-10.50 -64.47 -139.44
-10.50 -64.47 -139.44
-10.50 -64.47 -139.44
-10.50 -64.47 -139.44
-10.50 -64.47 -139.44
-10.50 -64.47 -139.44
-10.50 -64.47 -139.44
-10.50 -64.47 -139.44
-10.50 -64.47 -139.44
-10.50 -64.47 -139.44
-10.50 -64.47 -139.44
3.00 -68.97 -116.95
3.00 -68.97 -116.95
3.00 -68.97 -116.95
3.00 -68.97 -116.95
3.00 -68.97 -116.95
3.00 -68.97 -116.95
3.00 -68.97 -116.95
3.00 -68.97 -116.95
3.00 -68.97 -116.95
3.00 -68.97 -116.95
3.00 -68.97 -116.95
3.00 -68.97 -116.95
14.99 -80.97 -128.95
14.99 -80.97 -128.95
14.99 -80.97 -128.95
14.99 -80.97 -128.95
14.99 -80.97 -128.95
14.99 -80.97 -128.95
14.99 -80.97 -128.95
14.99 -80.97 -128.95
14.99 -80.97 -128.95
14.99 -80.97 -128.95
14.99 -80.97 -128.95
14.99 -80.97 -128.95
14.99 -80.97 -128.95
16.49 -85.47 -115.45
16.49 -85.47 -115.45
16.49 -85.47 -115.45
16.49 -85.47 -115.45
16.49 -85.47 -115.45
16.49 -85.47 -115.45
16.49 -85.47 -115.45
16.49 -85.47 -115.45
16.49 -85.47 -115.45
16.49 -85.47 -115.45
16.49 -85.47 -115.45
16.49 -85.47 -115.45
35.99 -83.97 -101.96
35.99 -83.97 -101.96
35.99 -83.97 -101.96
35.99 -83.97 -101.96
35.99 -83.97 -101.96
35.99 -83.97 -101.96
35.99 -83.97 -101.96
35.99 -83.97 -101.96
35.99 -83.97 -101.96
35.99 -83.97 -101.96
35.99 -83.97 -101.96
35.99 -83.97 -101.96
35.99 -83.97 -101.96
38.98 -89.96 -116.95
38.98 -89.96 -116.95
38.98 -89.96 -116.95
38.98 -89.96 -116.95
38.98 -89.96 -116.95
38.98 -89.96 -116.95
38.98 -89.96 -116.95
38.98 -89.96 -116.95
38.98 -89.96 -116.95
38.98 -89.96 -116.95
38.98 -89.96 -116.95
38.98 -89.96 -116.95
52.48 -91.46 -118.45
52.48 -91.46 -118.45
52.48 -91.46 -118.45
52.48 -91.46 -118.45
52.48 -91.46 -118.45
52.48 -91.46 -118.45
52.48 -91.46 -118.45
52.48 -91.46 -118.45
52.48 -91.46 -118.45
52.48 -91.46 -118.45
52.48 -91.46 -118.45
52.48 -91.46 -118.45
52.48 -91.46 -118.45
77.97 -113.95 -104.96
77.97 -113.95 -104.96
77.97 -113.95 -104.96
77.97 -113.95 -104.96
77.97 -113.95 -104.96
77.97 -113.95 -104.96
77.97 -113.95 -104.96
77.97 -113.95 -104.96
77.97 -113.95 -104.96
77.97 -113.95 -104.96
77.97 -113.95 -104.96
77.97 -113.95 -104.96
85.47 -112.45 -88.46
85.47 -112.45 -88.46
85.47 -112.45 -88.46
85.47 -112.45 -88.46
85.47 -112.45 -88.46
85.47 -112.45 -88.46
85.47 -112.45 -88.46
85.47 -112.45 -88.46
85.47 -112.45 -88.46
85.47 -112.45 -88.46
85.47 -112.45 -88.46
85.47 -112.45 -88.46
85.47 -112.45 -88.46
103.46 -121.45 -103.46
103.46 -121.45 -103.46
103.46 -121.45 -103.46
103.46 -121.45 -103.46
103.46 -121.45 -103.46
103.46 -121.45 -103.46
103.46 -121.45 -103.46
103.46 -121.45 -103.46
103.46 -121.45 -103.46
103.46 -121.45 -103.46
103.46 -121.45 -103.46
103.46 -121.45 -103.46
103.46 -121.45 -103.46
122.95 -116.95 -107.96
122.95 -116.95 -107.96
122.95 -116.95 -107.96
122.95 -116.95 -107.96
122.95 -116.95 -107.96
122.95 -116.95 -107.96
122.95 -116.95 -107.96
122.95 -116.95 -107.96
122.95 -116.95 -107.96
122.95 -116.95 -107.96
122.95 -116.95 -107.96
122.95 -116.95 -107.96
130.45 -109.46 -118.45
130.45 -109.46 -118.45
130.45 -109.46 -118.45
130.45 -109.46 -118.45
130.45 -109.46 -118.45
130.45 -109.46 -118.45
130.45 -109.46 -118.45
130.45 -109.46 -118.45
130.45 -109.46 -118.45
130.45 -109.46 -118.45
130.45 -109.46 -118.45
130.45 -109.46 -118.45
130.45 -109.46 -118.45
128.95 -137.94 -89.96
128.95 -137.94 -89.96
128.95 -137.94 -89.96
128.95 -137.94 -89.96
128.95 -137.94 -89.96
128.95 -137.94 -89.96
128.95 -137.94 -89.96
128.95 -137.94 -89.96
128.95 -137.94 -89.96
128.95 -137.94 -89.96
128.95 -137.94 -89.96
128.95 -137.94 -89.96
148.44 -136.44 -109.46
148.44 -136.44 -109.46
148.44 -136.44 -109.46
148.44 -136.44 -109.46
148.44 -136.44 -109.46
148.44 -136.44 -109.46
148.44 -136.44 -109.46
148.44 -136.44 -109.46
148.44 -136.44 -109.46
148.44 -136.44 -109.46
148.44 -136.44 -109.46
148.44 -136.44 -109.46
148.44 -136.44 -109.46
172.43 -145.44 -94.46
172.43 -145.44 -94.46
172.43 -145.44 -94.46
172.43 -145.44 -94.46
172.43 -145.44 -94.46
172.43 -145.44 -94.46
172.43 -145.44 -94.46
172.43 -145.44 -94.46
172.43 -145.44 -94.46
172.43 -145.44 -94.46
172.43 -145.44 -94.46
172.43 -145.44 -94.46
191.92 -131.95 -89.96
191.92 -131.95 -89.96
191.92 -131.95 -89.96
191.92 -131.95 -89.96
191.92 -131.95 -89.96
191.92 -131.95 -89.96
191.92 -131.95 -89.96
191.92 -131.95 -89.96
191.92 -131.95 -89.96
191.92 -131.95 -89.96
191.92 -131.95 -89.96
191.92 -131.95 -89.96
191.92 -131.95 -89.96
202.42 -142.44 -73.47
202.42 -142.44 -73.47
202.42 -142.44 -73.47
202.42 -142.44 -73.47
202.42 -142.44 -73.47
202.42 -142.44 -73.47
202.42 -142.44 -73.47
202.42 -142.44 -73.47
202.42 -142.44 -73.47
202.42 -142.44 -73.47
202.42 -142.44 -73.47
202.42 -142.44 -73.47
202.42 -142.44 -73.47
223.41 -139.44 -91.46
223.41 -139.44 -91.46
223.41 -139.44 -91.46
223.41 -139.44 -91.46
223.41 -139.44 -91.46
223.41 -139.44 -91.46
223.41 -139.44 -91.46
223.41 -139.44 -91.46
223.41 -139.44 -91.46
223.41 -139.44 -91.46
223.41 -139.44 -91.46
223.41 -139.44 -91.46
230.91 -137.94 -92.96
230.91 -137.94 -92.96
230.91 -137.94 -92.96
230.91 -137.94 -92.96
230.91 -137.94 -92.96
230.91 -137.94 -92.96
230.91 -137.94 -92.96
230.91 -137.94 -92.96
230.91 -137.94 -92.96
230.91 -137.94 -92.96
230.91 -137.94 -92.96
230.91 -137.94 -92.96
230.91 -137.94 -92.96
223.41 -124.45 -82.47
223.41 -124.45 -82.47
223.41 -124.45 -82.47
223.41 -124.45 -82.47
223.41 -124.45 -82.47
223.41 -124.45 -82.47
223.41 -124.45 -82.47
223.41 -124.45 -82.47
223.41 -124.45 -82.47
223.41 -124.45 -82.47
223.41 -124.45 -82.47
223.41 -124.45 -82.47
242.90 -128.95 -83.97
242.90 -128.95 -83.97
242.90 -128.95 -83.97
242.90 -128.95 -83.97
242.90 -128.95 -83.97
242.90 -128.95 -83.97
242.90 -128.95 -83.97
242.90 -128.95 -83.97
242.90 -128.95 -83.97
242.90 -128.95 -83.97
242.90 -128.95 -83.97
242.90 -128.95 -83.97
242.90 -128.95 -83.97
262.39 -130.45 -91.46
262.39 -130.45 -91.46
262.39 -130.45 -91.46
262.39 -130.45 -91.46
262.39 -130.45 -91.46
262.39 -130.45 -91.46
262.39 -130.45 -91.46
262.39 -130.45 -91.46
262.39 -130.45 -91.46
262.39 -130.45 -91.46
262.39 -130.45 -91.46
262.39 -130.45 -91.46
286.38 -115.45 -97.46
286.38 -115.45 -97.46
286.38 -115.45 -97.46
286.38 -115.45 -97.46
286.38 -115.45 -97.46
286.38 -115.45 -97.46
286.38 -115.45 -97.46
286.38 -115.45 -97.46
286.38 -115.45 -97.46
286.38 -115.45 -97.46
286.38 -115.45 -97.46
286.38 -115.45 -97.46
286.38 -115.45 -97.46
287.88 -134.95 -107.96
287.88 -134.95 -107.96
287.88 -134.95 -107.96
287.88 -134.95 -107.96
287.88 -134.95 -107.96
287.88 -134.95 -107.96
287.88 -134.95 -107.96
287.88 -134.95 -107.96
287.88 -134.95 -107.96
287.88 -134.95 -107.96
287.88 -134.95 -107.96
287.88 -134.95 -107.96
295.38 -133.45 -109.46
295.38 -133.45 -109.46
295.38 -133.45 -109.46
295.38 -133.45 -109.46
295.38 -133.45 -109.46
295.38 -133.45 -109.46
295.38 -133.45 -109.46
295.38 -133.45 -109.46
295.38 -133.45 -109.46
295.38 -133.45 -109.46
295.38 -133.45 -109.46
295.38 -133.45 -109.46
295.38 -133.45 -109.46
337.36 -115.45 -106.46
337.36 -115.45 -106.46
337.36 -115.45 -106.46
337.36 -115.45 -106.46
337.36 -115.45 -106.46
337.36 -115.45 -106.46
337.36 -115.45 -106.46
337.36 -115.45 -106.46
337.36 -115.45 -106.46
337.36 -115.45 -106.46
337.36 -115.45 -106.46
337.36 -115.45 -106.46
337.36 -115.45 -106.46
347.86 -131.95 -101.96
347.86 -131.95 -101.96
347.86 -131.95 -101.96
347.86 -131.95 -101.96
347.86 -131.95 -101.96
347.86 -131.95 -101.96
347.86 -131.95 -101.96
347.86 -131.95 -101.96
347.86 -131.95 -101.96
347.86 -131.95 -101.96
347.86 -131.95 -101.96
347.86 -131.95 -101.96
365.85 -113.95 -92.96
365.85 -113.95 -92.96
365.85 -113.95 -92.96
365.85 -113.95 -92.96
365.85 -113.95 -92.96
365.85 -113.95 -92.96
365.85 -113.95 -92.96
365.85 -113.95 -92.96
365.85 -113.95 -92.96
365.85 -113.95 -92.96
365.85 -113.95 -92.96
365.85 -113.95 -92.96
365.85 -113.95 -92.96
367.35 -118.45 -103.46
367.35 -118.45 -103.46
367.35 -118.45 -103.46
367.35 -118.45 -103.46
367.35 -118.45 -103.46
367.35 -118.45 -103.46
367.35 -118.45 -103.46
367.35 -118.45 -103.46
367.35 -118.45 -103.46
367.35 -118.45 -103.46
367.35 -118.45 -103.46
367.35 -118.45 -103.46
379.35 -115.45 -82.47
379.35 -115.45 -82.47
379.35 -115.45 -82.47
379.35 -115.45 -82.47
379.35 -115.45 -82.47
379.35 -115.45 -82.47
379.35 -115.45 -82.47
379.35 -115.45 -82.47
379.35 -115.45 -82.47
379.35 -115.45 -82.47
379.35 -115.45 -82.47
379.35 -115.45 -82.47
379.35 -115.45 -82.47
407.83 -98.96 -92.96
407.83 -98.96 -92.96
407.83 -98.96 -92.96
407.83 -98.96 -92.96
407.83 -98.96 -92.96
407.83 -98.96 -92.96
407.83 -98.96 -92.96
407.83 -98.96 -92.96
407.83 -98.96 -92.96
407.83 -98.96 -92.96
407.83 -98.96 -92.96
407.83 -98.96 -92.96
406.33 -76.47 -91.46
406.33 -76.47 -91.46
406.33 -76.47 -91.46
406.33 -76.47 -91.46
406.33 -76.47 -91.46
406.33 -76.47 -91.46
406.33 -76.47 -91.46
406.33 -76.47 -91.46
406.33 -76.47 -91.46
406.33 -76.47 -91.46
406.33 -76.47 -91.46
406.33 -76.47 -91.46
406.33 -76.47 -91.46
424.33 -73.47 -85.47
424.33 -73.47 -85.47
424.33 -73.47 -85.47
424.33 -73.47 -85.47
424.33 -73.47 -85.47
424.33 -73.47 -85.47
424.33 -73.47 -85.47
424.33 -73.47 -85.47
424.33 -73.47 -85.47
424.33 -73.47 -85.47
424.33 -73.47 -85.47
424.33 -73.47 -85.47
424.33 -73.47 -85.47
443.82 -68.97 -86.96
443.82 -68.97 -86.96
443.82 -68.97 -86.96
443.82 -68.97 -86.96
443.82 -68.97 -86.96
443.82 -68.97 -86.96
443.82 -68.97 -86.96
443.82 -68.97 -86.96
443.82 -68.97 -86.96
443.82 -68.97 -86.96
443.82 -68.97 -86.96
443.82 -68.97 -86.96
443.82 -38.98 -80.97
443.82 -38.98 -80.97
443.82 -38.98 -80.97
443.82 -38.98 -80.97
443.82 -38.98 -80.97
443.82 -38.98 -80.97
443.82 -38.98 -80.97
443.82 -38.98 -80.97
443.82 -38.98 -80.97
443.82 -38.98 -80.97
443.82 -38.98 -80.97
443.82 -38.98 -80.97
443.82 -38.98 -80.97
466.31 -31.49 -73.47
466.31 -31.49 -73.47
466.31 -31.49 -73.47
466.31 -31.49 -73.47
466.31 -31.49 -73.47
466.31 -31.49 -73.47
466.31 -31.49 -73.47
466.31 -31.49 -73.47
466.31 -31.49 -73.47
466.31 -31.49 -73.47
466.31 -31.49 -73.47
466.31 -31.49 -73.47
482.80 -20.99 -92.96
482.80 -20.99 -92.96
482.80 -20.99 -92.96
482.80 -20.99 -92.96
482.80 -20.99 -92.96
482.80 -20.99 -92.96
482.80 -20.99 -92.96
482.80 -20.99 -92.96
482.80 -20.99 -92.96
482.80 -20.99 -92.96
482.80 -20.99 -92.96
482.80 -20.99 -92.96
482.80 -20.99 -92.96
458.81 -14.99 -86.96
458.81 -14.99 -86.96
458.81 -14.99 -86.96
458.81 -14.99 -86.96
458.81 -14.99 -86.96
458.81 -14.99 -86.96
458.81 -14.99 -86.96
458.81 -14.99 -86.96
458.81 -14.99 -86.96
458.81 -14.99 -86.96
458.81 -14.99 -86.96
458.81 -14.99 -86.96
479.80 3.00 -89.96
479.80 3.00 -89.96
479.80 3.00 -89.96
479.80 3.00 -89.96
479.80 3.00 -89.96
479.80 3.00 -89.96
479.80 3.00 -89.96
479.80 3.00 -89.96
479.80 3.00 -89.96
479.80 3.00 -89.96
479.80 3.00 -89.96
479.80 3.00 -89.96
479.80 3.00 -89.96
488.80 23.99 -77.97
488.80 23.99 -77.97
488.80 23.99 -77.97
488.80 23.99 -77.97
488.80 23.99 -77.97
488.80 23.99 -77.97
488.80 23.99 -77.97
488.80 23.99 -77.97
488.80 23.99 -77.97
488.80 23.99 -77.97
488.80 23.99 -77.97
488.80 23.99 -77.97
511.29 22.49 -82.47
511.29 22.49 -82.47
511.29 22.49 -82.47
511.29 22.49 -82.47
511.29 22.49 -82.47
511.29 22.49 -82.47
511.29 22.49 -82.47
511.29 22.49 -82.47
511.29 22.49 -82.47
511.29 22.49 -82.47
511.29 22.49 -82.47
511.29 22.49 -82.47
511.29 22.49 -82.47
497.80 62.97 -77.97
497.80 62.97 -77.97
497.80 62.97 -77.97
497.80 62.97 -77.97
497.80 62.97 -77.97
497.80 62.97 -77.97
497.80 62.97 -77.97
497.80 62.97 -77.97
497.80 62.97 -77.97
497.80 62.97 -77.97
497.80 62.97 -77.97
497.80 62.97 -77.97
497.80 62.97 -77.97
502.30 64.47 -67.47
502.30 64.47 -67.47
502.30 64.47 -67.47
502.30 64.47 -67.47
502.30 64.47 -67.47
502.30 64.47 -67.47
502.30 64.47 -67.47
502.30 64.47 -67.47
502.30 64.47 -67.47
502.30 64.47 -67.47
502.30 64.47 -67.47
502.30 64.47 -67.47
511.29 97.46 -85.47
511.29 97.46 -85.47
511.29 97.46 -85.47
511.29 97.46 -85.47
511.29 97.46 -85.47
511.29 97.46 -85.47
511.29 97.46 -85.47
511.29 97.46 -85.47
511.29 97.46 -85.47
511.29 97.46 -85.47
511.29 97.46 -85.47
511.29 97.46 -85.47
511.29 97.46 -85.47
509.79 104.96 -74.97
509.79 104.96 -74.97
509.79 104.96 -74.97
509.79 104.96 -74.97
509.79 104.96 -74.97
509.79 104.96 -74.97
509.79 104.96 -74.97
509.79 104.96 -74.97
509.79 104.96 -74.97
509.79 104.96 -74.97
509.79 104.96 -74.97
509.79 104.96 -74.97
514.29 121.45 -94.46
514.29 121.45 -94.46
514.29 121.45 -94.46
514.29 121.45 -94.46
514.29 121.45 -94.46
514.29 121.45 -94.46
514.29 121.45 -94.46
514.29 121.45 -94.46
514.29 121.45 -94.46
514.29 121.45 -94.46
514.29 121.45 -94.46
514.29 121.45 -94.46
514.29 121.45 -94.46
509.79 131.95 -95.96
509.79 131.95 -95.96
509.79 131.95 -95.96
509.79 131.95 -95.96
509.79 131.95 -95.96
509.79 131.95 -95.96
509.79 131.95 -95.96
509.79 131.95 -95.96
509.79 131.95 -95.96
509.79 131.95 -95.96
509.79 131.95 -95.96
509.79 131.95 -95.96
514.29 145.44 -91.46
514.29 145.44 -91.46
514.29 145.44 -91.46
514.29 145.44 -91.46
514.29 145.44 -91.46
514.29 145.44 -91.46
514.29 145.44 -91.46
514.29 145.44 -91.46
514.29 145.44 -91.46
514.29 145.44 -91.46
514.29 145.44 -91.46
514.29 145.44 -91.46
514.29 145.44 -91.46
502.30 154.44 -94.46
502.30 154.44 -94.46
502.30 154.44 -94.46
502.30 154.44 -94.46
502.30 154.44 -94.46
502.30 154.44 -94.46
502.30 154.44 -94.46
502.30 154.44 -94.46
502.30 154.44 -94.46
502.30 154.44 -94.46
502.30 154.44 -94.46
502.30 154.44 -94.46
515.79 152.94 -98.96
515.79 152.94 -98.96
515.79 152.94 -98.96
515.79 152.94 -98.96
515.79 152.94 -98.96
515.79 152.94 -98.96
515.79 152.94 -98.96
515.79 152.94 -98.96
515.79 152.94 -98.96
515.79 152.94 -98.96
515.79 152.94 -98.96
515.79 152.94 -98.96
515.79 152.94 -98.96
515.79 146.94 -101.96
515.79 146.94 -101.96
515.79 146.94 -101.96
515.79 146.94 -101.96
515.79 146.94 -101.96
515.79 146.94 -101.96
515.79 146.94 -101.96
515.79 146.94 -101.96
515.79 146.94 -101.96
515.79 146.94 -101.96
515.79 146.94 -101.96
515.79 146.94 -101.96
515.79 146.94 -101.96
523.29 181.43 -88.46
523.29 181.43 -88.46
523.29 181.43 -88.46
523.29 181.43 -88.46
523.29 181.43 -88.46
523.29 181.43 -88.46
523.29 181.43 -88.46
523.29 181.43 -88.46
523.29 181.43 -88.46
523.29 181.43 -88.46
523.29 181.43 -88.46
523.29 181.43 -88.46
517.29 184.42 -109.46
517.29 184.42 -109.46
517.29 184.42 -109.46
517.29 184.42 -109.46
517.29 184.42 -109.46
517.29 184.42 -109.46
517.29 184.42 -109.46
517.29 184.42 -109.46
517.29 184.42 -109.46
517.29 184.42 -109.46
517.29 184.42 -109.46
517.29 184.42 -109.46
517.29 184.42 -109.46
518.79 191.92 -95.96
518.79 191.92 -95.96
518.79 191.92 -95.96
518.79 191.92 -95.96
518.79 191.92 -95.96
518.79 191.92 -95.96
518.79 191.92 -95.96
518.79 191.92 -95.96
518.79 191.92 -95.96
518.79 191.92 -95.96
518.79 191.92 -95.96
518.79 191.92 -95.96
524.79 209.91 -104.96
524.79 209.91 -104.96
524.79 209.91 -104.96
524.79 209.91 -104.96
524.79 209.91 -104.96
524.79 209.91 -104.96
524.79 209.91 -104.96
524.79 209.91 -104.96
524.79 209.91 -104.96
524.79 209.91 -104.96
524.79 209.91 -104.96
524.79 209.91 -104.96
524.79 209.91 -104.96
529.28 202.42 -94.46
529.28 202.42 -94.46
529.28 202.42 -94.46
529.28 202.42 -94.46
529.28 202.42 -94.46
529.28 202.42 -94.46
529.28 202.42 -94.46
529.28 202.42 -94.46
529.28 202.42 -94.46
529.28 202.42 -94.46
529.28 202.42 -94.46
529.28 202.42 -94.46
527.79 215.91 -89.96
527.79 215.91 -89.96
527.79 215.91 -89.96
527.79 215.91 -89.96
527.79 215.91 -89.96
527.79 215.91 -89.96
527.79 215.91 -89.96
527.79 215.91 -89.96
527.79 215.91 -89.96
527.79 215.91 -89.96
527.79 215.91 -89.96
527.79 215.91 -89.96
527.79 215.91 -89.96
523.29 223.41 -67.47
523.29 223.41 -67.47
523.29 223.41 -67.47
523.29 223.41 -67.47
523.29 223.41 -67.47
523.29 223.41 -67.47
523.29 223.41 -67.47
523.29 223.41 -67.47
523.29 223.41 -67.47
523.29 223.41 -67.47
523.29 223.41 -67.47
523.29 223.41 -67.47
523.29 223.41 -67.47
532.28 247.40 -73.47
532.28 247.40 -73.47
532.28 247.40 -73.47
532.28 247.40 -73.47
532.28 247.40 -73.47
532.28 247.40 -73.47
532.28 247.40 -73.47
532.28 247.40 -73.47
532.28 247.40 -73.47
532.28 247.40 -73.47
532.28 247.40 -73.47
532.28 247.40 -73.47
541.28 265.39 -61.47
541.28 265.39 -61.47
541.28 265.39 -61.47
541.28 265.39 -61.47
541.28 265.39 -61.47
541.28 265.39 -61.47
541.28 265.39 -61.47
541.28 265.39 -61.47
541.28 265.39 -61.47
541.28 265.39 -61.47
541.28 265.39 -61.47
541.28 265.39 -61.47
541.28 265.39 -61.47
547.28 301.38 -70.47
547.28 301.38 -70.47
547.28 301.38 -70.47
547.28 301.38 -70.47
547.28 301.38 -70.47
547.28 301.38 -70.47
547.28 301.38 -70.47
547.28 301.38 -70.47
547.28 301.38 -70.47
547.28 301.38 -70.47
547.28 301.38 -70.47
547.28 301.38 -70.47
536.78 320.87 -86.96
536.78 320.87 -86.96
536.78 320.87 -86.96
536.78 320.87 -86.96
536.78 320.87 -86.96
536.78 320.87 -86.96
536.78 320.87 -86.96
536.78 320.87 -86.96
536.78 320.87 -86.96
536.78 320.87 -86.96
536.78 320.87 -86.96
536.78 320.87 -86.96
536.78 320.87 -86.96
536.78 329.87 -86.96
536.78 329.87 -86.96
536.78 329.87 -86.96
536.78 329.87 -86.96
536.78 329.87 -86.96
536.78 329.87 -86.96
536.78 329.87 -86.96
536.78 329.87 -86.96
536.78 329.87 -86.96
536.78 329.87 -86.96
536.78 329.87 -86.96
536.78 329.87 -86.96
517.29 370.35 -97.46
517.29 370.35 -97.46
517.29 370.35 -97.46
517.29 370.35 -97.46
517.29 370.35 -97.46
517.29 370.35 -97.46
517.29 370.35 -97.46
517.29 370.35 -97.46
517.29 370.35 -97.46
517.29 370.35 -97.46
517.29 370.35 -97.46
517.29 370.35 -97.46
517.29 370.35 -97.46
521.79 386.84 -95.96
521.79 386.84 -95.96
521.79 386.84 -95.96
521.79 386.84 -95.96
521.79 386.84 -95.96
521.79 386.84 -95.96
521.79 386.84 -95.96
521.79 386.84 -95.96
521.79 386.84 -95.96
521.79 386.84 -95.96
521.79 386.84 -95.96
521.79 386.84 -95.96
505.29 394.34 -106.46
505.29 394.34 -106.46
505.29 394.34 -106.46
505.29 394.34 -106.46
505.29 394.34 -106.46
505.29 394.34 -106.46
505.29 394.34 -106.46
505.29 394.34 -106.46
505.29 394.34 -106.46
505.29 394.34 -106.46
505.29 394.34 -106.46
505.29 394.34 -106.46
505.29 394.34 -106.46
514.29 397.34 -112.45
514.29 397.34 -112.45
514.29 397.34 -112.45
514.29 397.34 -112.45
514.29 397.34 -112.45
514.29 397.34 -112.45
514.29 397.34 -112.45
514.29 397.34 -112.45
514.29 397.34 -112.45
514.29 397.34 -112.45
514.29 397.34 -112.45
514.29 397.34 -112.45
514.29 397.34 -112.45
496.30 415.33 -115.45
496.30 415.33 -115.45
496.30 415.33 -115.45
496.30 415.33 -115.45
496.30 415.33 -115.45
496.30 415.33 -115.45
496.30 415.33 -115.45
496.30 415.33 -115.45
496.30 415.33 -115.45
496.30 415.33 -115.45
496.30 415.33 -115.45
496.30 415.33 -115.45
493.30 439.32 -124.45
493.30 439.32 -124.45
493.30 439.32 -124.45
493.30 439.32 -124.45
493.30 439.32 -124.45
493.30 439.32 -124.45
493.30 439.32 -124.45
493.30 439.32 -124.45
493.30 439.32 -124.45
493.30 439.32 -124.45
493.30 439.32 -124.45
493.30 439.32 -124.45
493.30 439.32 -124.45
478.31 445.32 -124.45
478.31 445.32 -124.45
478.31 445.32 -124.45
478.31 445.32 -124.45
478.31 445.32 -124.45
478.31 445.32 -124.45
478.31 445.32 -124.45
478.31 445.32 -124.45
478.31 445.32 -124.45
478.31 445.32 -124.45
478.31 445.32 -124.45
478.31 445.32 -124.45
457.31 457.31 -142.44
457.31 457.31 -142.44
457.31 457.31 -142.44
457.31 457.31 -142.44
457.31 457.31 -142.44
457.31 457.31 -142.44
457.31 457.31 -142.44
457.31 457.31 -142.44
457.31 457.31 -142.44
457.31 457.31 -142.44
457.31 457.31 -142.44
457.31 457.31 -142.44
457.31 457.31 -142.44
457.31 472.31 -139.44
457.31 472.31 -139.44
457.31 472.31 -139.44
457.31 472.31 -139.44
457.31 472.31 -139.44
457.31 472.31 -139.44
457.31 472.31 -139.44
457.31 472.31 -139.44
457.31 472.31 -139.44
457.31 472.31 -139.44
457.31 472.31 -139.44
457.31 472.31 -139.44
443.82 476.81 -146.94
443.82 476.81 -146.94
443.82 476.81 -146.94
443.82 476.81 -146.94
443.82 476.81 -146.94
443.82 476.81 -146.94
443.82 476.81 -146.94
443.82 476.81 -146.94
443.82 476.81 -146.94
443.82 476.81 -146.94
443.82 476.81 -146.94
443.82 476.81 -146.94
443.82 476.81 -146.94
440.82 482.80 -152.94
440.82 482.80 -152.94
440.82 482.80 -152.94
440.82 482.80 -152.94
440.82 482.80 -152.94
440.82 482.80 -152.94
440.82 482.80 -152.94
440.82 482.80 -152.94
440.82 482.80 -152.94
440.82 482.80 -152.94
440.82 482.80 -152.94
440.82 482.80 -152.94
412.33 505.29 -169.43
412.33 505.29 -169.43
412.33 505.29 -169.43
412.33 505.29 -169.43
412.33 505.29 -169.43
412.33 505.29 -169.43
412.33 505.29 -169.43
412.33 505.29 -169.43
412.33 505.29 -169.43
412.33 505.29 -169.43
412.33 505.29 -169.43
412.33 505.29 -169.43
412.33 505.29 -169.43
421.33 505.29 -157.44
421.33 505.29 -157.44
421.33 505.29 -157.44
421.33 505.29 -157.44
421.33 505.29 -157.44
421.33 505.29 -157.44
421.33 505.29 -157.44
421.33 505.29 -157.44
421.33 505.29 -157.44
421.33 505.29 -157.44
421.33 505.29 -157.44
421.33 505.29 -157.44
421.33 505.29 -157.44
406.33 505.29 -175.43
406.33 505.29 -175.43
406.33 505.29 -175.43
406.33 505.29 -175.43
406.33 505.29 -175.43
406.33 505.29 -175.43
406.33 505.29 -175.43
406.33 505.29 -175.43
406.33 505.29 -175.43
406.33 505.29 -175.43
406.33 505.29 -175.43
406.33 505.29 -175.43
400.34 511.29 -166.43
400.34 511.29 -166.43
400.34 511.29 -166.43
400.34 511.29 -166.43
400.34 511.29 -166.43
400.34 511.29 -166.43
400.34 511.29 -166.43
400.34 511.29 -166.43
400.34 511.29 -166.43
400.34 511.29 -166.43
400.34 511.29 -166.43
400.34 511.29 -166.43
400.34 511.29 -166.43
380.84 515.79 -176.93
380.84 515.79 -176.93
380.84 515.79 -176.93
380.84 515.79 -176.93
380.84 515.79 -176.93
380.84 515.79 -176.93
380.84 515.79 -176.93
380.84 515.79 -176.93
380.84 515.79 -176.93
380.84 515.79 -176.93
380.84 515.79 -176.93
380.84 515.79 -176.93
380.84 503.79 -179.93
380.84 503.79 -179.93
380.84 503.79 -179.93
380.84 503.79 -179.93
380.84 503.79 -179.93
380.84 503.79 -179.93
380.84 503.79 -179.93
380.84 503.79 -179.93
380.84 503.79 -179.93
380.84 503.79 -179.93
380.84 503.79 -179.93
380.84 503.79 -179.93
380.84 503.79 -179.93
373.35 520.29 -154.44
373.35 520.29 -154.44
373.35 520.29 -154.44
373.35 520.29 -154.44
373.35 520.29 -154.44
373.35 520.29 -154.44
373.35 520.29 -154.44
373.35 520.29 -154.44
373.35 520.29 -154.44
373.35 520.29 -154.44
373.35 520.29 -154.44
373.35 520.29 -154.44
371.85 521.79 -167.93
371.85 521.79 -167.93
371.85 521.79 -167.93
371.85 521.79 -167.93
371.85 521.79 -167.93
371.85 521.79 -167.93
371.85 521.79 -167.93
371.85 521.79 -167.93
371.85 521.79 -167.93
371.85 521.79 -167.93
371.85 521.79 -167.93
371.85 521.79 -167.93
371.85 521.79 -167.93
362.85 518.79 -176.93
362.85 518.79 -176.93
362.85 518.79 -176.93
362.85 518.79 -176.93
362.85 518.79 -176.93
362.85 518.79 -176.93
362.85 518.79 -176.93
362.85 518.79 -176.93
362.85 518.79 -176.93
362.85 518.79 -176.93
362.85 518.79 -176.93
362.85 518.79 -176.93
329.87 527.79 -176.93
329.87 527.79 -176.93
329.87 527.79 -176.93
329.87 527.79 -176.93
329.87 527.79 -176.93
329.87 527.79 -176.93
329.87 527.79 -176.93
329.87 527.79 -176.93
329.87 527.79 -176.93
329.87 527.79 -176.93
329.87 527.79 -176.93
329.87 527.79 -176.93
329.87 527.79 -176.93
301.38 535.28 -175.43
301.38 535.28 -175.43
301.38 535.28 -175.43
301.38 535.28 -175.43
301.38 535.28 -175.43
301.38 535.28 -175.43
301.38 535.28 -175.43
301.38 535.28 -175.43
301.38 535.28 -175.43
301.38 535.28 -175.43
301.38 535.28 -175.43
301.38 535.28 -175.43
301.38 535.28 -175.43
301.38 544.28 -166.43
301.38 544.28 -166.43
301.38 544.28 -166.43
301.38 544.28 -166.43
301.38 544.28 -166.43
301.38 544.28 -166.43
301.38 544.28 -166.43
301.38 544.28 -166.43
301.38 544.28 -166.43
301.38 544.28 -166.43
301.38 544.28 -166.43
301.38 544.28 -166.43
281.89 527.79 -167.93
281.89 527.79 -167.93
281.89 527.79 -167.93
281.89 527.79 -167.93
281.89 527.79 -167.93
281.89 527.79 -167.93
281.89 527.79 -167.93
281.89 527.79 -167.93
281.89 527.79 -167.93
281.89 527.79 -167.93
281.89 527.79 -167.93
281.89 527.79 -167.93
281.89 527.79 -167.93
275.89 530.78 -173.93
275.89 530.78 -173.93
275.89 530.78 -173.93
275.89 530.78 -173.93
275.89 530.78 -173.93
275.89 530.78 -173.93
275.89 530.78 -173.93
275.89 530.78 -173.93
275.89 530.78 -173.93
275.89 530.78 -173.93
275.89 530.78 -173.93
275.89 530.78 -173.93
266.89 536.78 -164.93
266.89 536.78 -164.93
266.89 536.78 -164.93
266.89 536.78 -164.93
266.89 536.78 -164.93
266.89 536.78 -164.93
266.89 536.78 -164.93
266.89 536.78 -164.93
266.89 536.78 -164.93
266.89 536.78 -164.93
266.89 536.78 -164.93
266.89 536.78 -164.93
266.89 536.78 -164.93
250.40 526.29 -151.44
250.40 526.29 -151.44
250.40 526.29 -151.44
250.40 526.29 -151.44
250.40 526.29 -151.44
250.40 526.29 -151.44
250.40 526.29 -151.44
250.40 526.29 -151.44
250.40 526.29 -151.44
250.40 526.29 -151.44
250.40 526.29 -151.44
250.40 526.29 -151.44
247.40 529.28 -136.44
247.40 529.28 -136.44
247.40 529.28 -136.44
247.40 529.28 -136.44
247.40 529.28 -136.44
247.40 529.28 -136.44
247.40 529.28 -136.44
247.40 529.28 -136.44
247.40 529.28 -136.44
247.40 529.28 -136.44
247.40 529.28 -136.44
247.40 529.28 -136.44
247.40 529.28 -136.44
233.90 548.78 -149.94
233.90 548.78 -149.94
233.90 548.78 -149.94
233.90 548.78 -149.94
233.90 548.78 -149.94
233.90 548.78 -149.94
233.90 548.78 -149.94
233.90 548.78 -149.94
233.90 548.78 -149.94
233.90 548.78 -149.94
233.90 548.78 -149.94
233.90 548.78 -149.94
221.91 530.78 -137.94
221.91 530.78 -137.94
221.91 530.78 -137.94
221.91 530.78 -137.94
221.91 530.78 -137.94
221.91 530.78 -137.94
221.91 530.78 -137.94
221.91 530.78 -137.94
221.91 530.78 -137.94
221.91 530.78 -137.94
221.91 530.78 -137.94
221.91 530.78 -137.94
221.91 530.78 -137.94
197.92 554.77 -137.94
197.92 554.77 -137.94
197.92 554.77 -137.94
197.92 554.77 -137.94
197.92 554.77 -137.94
197.92 554.77 -137.94
197.92 554.77 -137.94
197.92 554.77 -137.94
197.92 554.77 -137.94
197.92 554.77 -137.94
197.92 554.77 -137.94
197.92 554.77 -137.94
191.92 548.78 -146.94
191.92 548.78 -146.94
191.92 548.78 -146.94
191.92 548.78 -146.94
191.92 548.78 -146.94
191.92 548.78 -146.94
191.92 548.78 -146.94
191.92 548.78 -146.94
191.92 548.78 -146.94
191.92 548.78 -146.94
191.92 548.78 -146.94
191.92 548.78 -146.94
191.92 548.78 -146.94
172.43 550.28 -148.44
172.43 550.28 -148.44
172.43 550.28 -148.44
172.43 550.28 -148.44
172.43 550.28 -148.44
172.43 550.28 -148.44
172.43 550.28 -148.44
172.43 550.28 -148.44
172.43 550.28 -148.44
172.43 550.28 -148.44
172.43 550.28 -148.44
172.43 550.28 -148.44
172.43 550.28 -148.44
152.94 542.78 -149.94
152.94 542.78 -149.94
152.94 542.78 -149.94
152.94 542.78 -149.94
152.94 542.78 -149.94
152.94 542.78 -149.94
152.94 542.78 -149.94
152.94 542.78 -149.94
152.94 542.78 -149.94
152.94 542.78 -149.94
152.94 542.78 -149.94
152.94 542.78 -149.94
124.45 541.28 -160.43
124.45 541.28 -160.43
124.45 541.28 -160.43
124.45 541.28 -160.43
124.45 541.28 -160.43
124.45 541.28 -160.43
124.45 541.28 -160.43
124.45 541.28 -160.43
124.45 541.28 -160.43
124.45 541.28 -160.43
124.45 541.28 -160.43
124.45 541.28 -160.43
124.45 541.28 -160.43
125.95 533.78 -164.93
125.95 533.78 -164.93
125.95 533.78 -164.93
125.95 533.78 -164.93
125.95 533.78 -164.93
125.95 533.78 -164.93
125.95 533.78 -164.93
125.95 533.78 -164.93
125.95 533.78 -164.93
125.95 533.78 -164.93
125.95 533.78 -164.93
125.95 533.78 -164.93
107.96 524.79 -167.93
107.96 524.79 -167.93
107.96 524.79 -167.93
107.96 524.79 -167.93
107.96 524.79 -167.93
107.96 524.79 -167.93
107.96 524.79 -167.93
107.96 524.79 -167.93
107.96 524.79 -167.93
107.96 524.79 -167.93
107.96 524.79 -167.93
107.96 524.79 -167.93
107.96 524.79 -167.93
85.47 505.29 -163.43
85.47 505.29 -163.43
85.47 505.29 -163.43
85.47 505.29 -163.43
85.47 505.29 -163.43
85.47 505.29 -163.43
85.47 505.29 -163.43
85.47 505.29 -163.43
85.47 505.29 -163.43
85.47 505.29 -163.43
85.47 505.29 -163.43
85.47 505.29 -163.43
71.97 494.80 -152.94
71.97 494.80 -152.94
71.97 494.80 -152.94
71.97 494.80 -152.94
71.97 494.80 -152.94
71.97 494.80 -152.94
71.97 494.80 -152.94
71.97 494.80 -152.94
71.97 494.80 -152.94
71.97 494.80 -152.94
71.97 494.80 -152.94
71.97 494.80 -152.94
71.97 494.80 -152.94
58.48 496.30 -148.44
58.48 496.30 -148.44
58.48 496.30 -148.44
58.48 496.30 -148.44
58.48 496.30 -148.44
58.48 496.30 -148.44
58.48 496.30 -148.44
58.48 496.30 -148.44
58.48 496.30 -148.44
58.48 496.30 -148.44
58.48 496.30 -148.44
58.48 496.30 -148.44
58.48 496.30 -148.44
43.48 490.30 -166.43
43.48 490.30 -166.43
43.48 490.30 -166.43
43.48 490.30 -166.43
43.48 490.30 -166.43
43.48 490.30 -166.43
43.48 490.30 -166.43
43.48 490.30 -166.43
43.48 490.30 -166.43
43.48 490.30 -166.43
43.48 490.30 -166.43
43.48 490.30 -166.43
43.48 475.31 -157.44
43.48 475.31 -157.44
43.48 475.31 -157.44
43.48 475.31 -157.44
43.48 475.31 -157.44
43.48 475.31 -157.44
43.48 475.31 -157.44
43.48 475.31 -157.44
43.48 475.31 -157.44
43.48 475.31 -157.44
43.48 475.31 -157.44
43.48 475.31 -157.44
43.48 475.31 -157.44
23.99 449.82 -152.94
23.99 449.82 -152.94
23.99 449.82 -152.94
23.99 449.82 -152.94
23.99 449.82 -152.94
23.99 449.82 -152.94
23.99 449.82 -152.94
23.99 449.82 -152.94
23.99 449.82 -152.94
23.99 449.82 -152.94
23.99 449.82 -152.94
23.99 449.82 -152.94
13.49 454.32 -160.43
13.49 454.32 -160.43
13.49 454.32 -160.43
13.49 454.32 -160.43
13.49 454.32 -160.43
13.49 454.32 -160.43
13.49 454.32 -160.43
13.49 454.32 -160.43
13.49 454.32 -160.43
13.49 454.32 -160.43
13.49 454.32 -160.43
13.49 454.32 -160.43
13.49 454.32 -160.43
7.50 451.32 -160.43
7.50 451.32 -160.43
7.50 451.32 -160.43
7.50 451.32 -160.43
7.50 451.32 -160.43
7.50 451.32 -160.43
7.50 451.32 -160.43
7.50 451.32 -160.43
7.50 451.32 -160.43
7.50 451.32 -160.43
7.50 451.32 -160.43
7.50 451.32 -160.43
1.50 439.32 -154.44
1.50 439.32 -154.44
1.50 439.32 -154.44
1.50 439.32 -154.44
1.50 439.32 -154.44
1.50 439.32 -154.44
1.50 439.32 -154.44
1.50 439.32 -154.44
1.50 439.32 -154.44
1.50 439.32 -154.44
1.50 439.32 -154.44
1.50 439.32 -154.44
1.50 439.32 -154.44
-19.49 430.32 -154.44
-19.49 430.32 -154.44
-19.49 430.32 -154.44
-19.49 430.32 -154.44
-19.49 430.32 -154.44
-19.49 430.32 -154.44
-19.49 430.32 -154.44
-19.49 430.32 -154.44
-19.49 430.32 -154.44
-19.49 430.32 -154.44
-19.49 430.32 -154.44
-19.49 430.32 -154.44
-13.49 430.32 -151.44
-13.49 430.32 -151.44
-13.49 430.32 -151.44
-13.49 430.32 -151.44
-13.49 430.32 -151.44
-13.49 430.32 -151.44
-13.49 430.32 -151.44
-13.49 430.32 -151.44
-13.49 430.32 -151.44
-13.49 430.32 -151.44
-13.49 430.32 -151.44
-13.49 430.32 -151.44
-13.49 430.32 -151.44
-22.49 415.33 -139.44
-22.49 415.33 -139.44
-22.49 415.33 -139.44
-22.49 415.33 -139.44
-22.49 415.33 -139.44
-22.49 415.33 -139.44
-22.49 415.33 -139.44
-22.49 415.33 -139.44
-22.49 415.33 -139.44
-22.49 415.33 -139.44
-22.49 415.33 -139.44
-22.49 415.33 -139.44
-22.49 415.33 -139.44
-29.99 386.84 -149.94
-29.99 386.84 -149.94
-29.99 386.84 -149.94
-29.99 386.84 -149.94
-29.99 386.84 -149.94
-29.99 386.84 -149.94
-29.99 386.84 -149.94
-29.99 386.84 -149.94
-29.99 386.84 -149.94
-29.99 386.84 -149.94
-29.99 386.84 -149.94
-29.99 386.84 -149.94
-32.99 383.84 -137.94
-32.99 383.84 -137.94
-32.99 383.84 -137.94
-32.99 383.84 -137.94
-32.99 383.84 -137.94
-32.99 383.84 -137.94
-32.99 383.84 -137.94
-32.99 383.84 -137.94
-32.99 383.84 -137.94
-32.99 383.84 -137.94
-32.99 383.84 -137.94
-32.99 383.84 -137.94
-32.99 383.84 -137.94
-35.99 383.84 -137.94
-35.99 383.84 -137.94
-35.99 383.84 -137.94
-35.99 383.84 -137.94
-35.99 383.84 -137.94
-35.99 383.84 -137.94
-35.99 383.84 -137.94
-35.99 383.84 -137.94
-35.99 383.84 -137.94
-35.99 383.84 -137.94
-35.99 383.84 -137.94
-35.99 383.84 -137.94
-49.48 370.35 -157.44
-49.48 370.35 -157.44
-49.48 370.35 -157.44
-49.48 370.35 -157.44
-49.48 370.35 -157.44
-49.48 370.35 -157.44
-49.48 370.35 -157.44
-49.48 370.35 -157.44
-49.48 370.35 -157.44
-49.48 370.35 -157.44
-49.48 370.35 -157.44
-49.48 370.35 -157.44
-49.48 370.35 -157.44
-52.48 352.36 -157.44
-52.48 352.36 -157.44
-52.48 352.36 -157.44
-52.48 352.36 -157.44
-52.48 352.36 -157.44
-52.48 352.36 -157.44
-52.48 352.36 -157.44
-52.48 352.36 -157.44
-52.48 352.36 -157.44
-52.48 352.36 -157.44
-52.48 352.36 -157.44
-52.48 352.36 -157.44
-68.97 323.87 -152.94
-68.97 323.87 -152.94
-68.97 323.87 -152.94
-68.97 323.87 -152.94
-68.97 323.87 -152.94
-68.97 323.87 -152.94
-68.97 323.87 -152.94
-68.97 323.87 -152.94
-68.97 323.87 -152.94
-68.97 323.87 -152.94
-68.97 323.87 -152.94
-68.97 323.87 -152.94
-68.97 323.87 -152.94
-58.48 313.37 -142.44
-58.48 313.37 -142.44
-58.48 313.37 -142.44
-58.48 313.37 -142.44
-58.48 313.37 -142.44
-58.48 313.37 -142.44
-58.48 313.37 -142.44
-58.48 313.37 -142.44
-58.48 313.37 -142.44
-58.48 313.37 -142.44
-58.48 313.37 -142.44
-58.48 313.37 -142.44
-58.48 313.37 -142.44
-52.48 295.38 -148.44
-52.48 295.38 -148.44
-52.48 295.38 -148.44
-52.48 295.38 -148.44
-52.48 295.38 -148.44
-52.48 295.38 -148.44
-52.48 295.38 -148.44
-52.48 295.38 -148.44
-52.48 295.38 -148.44
-52.48 295.38 -148.44
-52.48 295.38 -148.44
-52.48 295.38 -148.44
-64.47 280.39 -157.44
-64.47 280.39 -157.44
-64.47 280.39 -157.44
-64.47 280.39 -157.44
-64.47 280.39 -157.44
-64.47 280.39 -157.44
-64.47 280.39 -157.44
-64.47 280.39 -157.44
-64.47 280.39 -157.44
-64.47 280.39 -157.44
-64.47 280.39 -157.44
-64.47 280.39 -157.44
-64.47 280.39 -157.44
-62.97 269.89 -152.94
-62.97 269.89 -152.94
-62.97 269.89 -152.94
-62.97 269.89 -152.94
-62.97 269.89 -152.94
-62.97 269.89 -152.94
-62.97 269.89 -152.94
-62.97 269.89 -152.94
-62.97 269.89 -152.94
-62.97 269.89 -152.94
-62.97 269.89 -152.94
-62.97 269.89 -152.94
-65.97 248.90 -149.94
-65.97 248.90 -149.94
-65.97 248.90 -149.94
-65.97 248.90 -149.94
-65.97 248.90 -149.94
-65.97 248.90 -149.94
-65.97 248.90 -149.94
-65.97 248.90 -149.94
-65.97 248.90 -149.94
-65.97 248.90 -149.94
-65.97 248.90 -149.94
-65.97 248.90 -149.94
-65.97 248.90 -149.94
-56.98 236.90 -140.94
-56.98 236.90 -140.94
-56.98 236.90 -140.94
-56.98 236.90 -140.94
-56.98 236.90 -140.94
-56.98 236.90 -140.94
-56.98 236.90 -140.94
-56.98 236.90 -140.94
-56.98 236.90 -140.94
-56.98 236.90 -140.94
-56.98 236.90 -140.94
-56.98 236.90 -140.94
-74.97 209.91 -155.94
-74.97 209.91 -155.94
-74.97 209.91 -155.94
-74.97 209.91 -155.94
-74.97 209.91 -155.94
-74.97 209.91 -155.94
-74.97 209.91 -155.94
-74.97 209.91 -155.94
-74.97 209.91 -155.94
-74.97 209.91 -155.94
-74.97 209.91 -155.94
-74.97 209.91 -155.94
-74.97 209.91 -155.94
-76.47 184.42 -160.43
-76.47 184.42 -160.43
-76.47 184.42 -160.43
-76.47 184.42 -160.43
-76.47 184.42 -160.43
-76.47 184.42 -160.43
-76.47 184.42 -160.43
-76.47 184.42 -160.43
-76.47 184.42 -160.43
-76.47 184.42 -160.43
-76.47 184.42 -160.43
-76.47 184.42 -160.43
-64.47 151.44 -154.44
-64.47 151.44 -154.44
-64.47 151.44 -154.44
-64.47 151.44 -154.44
-64.47 151.44 -154.44
-64.47 151.44 -154.44
-64.47 151.44 -154.44
-64.47 151.44 -154.44
-64.47 151.44 -154.44
-64.47 151.44 -154.44
-64.47 151.44 -154.44
-64.47 151.44 -154.44
-64.47 151.44 -154.44
-73.47 136.44 -154.44
-73.47 136.44 -154.44
-73.47 136.44 -154.44
-73.47 136.44 -154.44
-73.47 136.44 -154.44
-73.47 136.44 -154.44
-73.47 136.44 -154.44
-73.47 136.44 -154.44
-73.47 136.44 -154.44
-73.47 136.44 -154.44
-73.47 136.44 -154.44
-73.47 136.44 -154.44
-73.47 136.44 -154.44
-85.47 103.46 -160.43
-85.47 103.46 -160.43
-85.47 103.46 -160.43
-85.47 103.46 -160.43
-85.47 103.46 -160.43
-85.47 103.46 -160.43
-85.47 103.46 -160.43
-85.47 103.46 -160.43
-85.47 103.46 -160.43
-85.47 103.46 -160.43
-85.47 103.46 -160.43
-85.47 103.46 -160.43
-70.47 91.46 -139.44
-70.47 91.46 -139.44
-70.47 91.46 -139.44
-70.47 91.46 -139.44
-70.47 91.46 -139.44
-70.47 91.46 -139.44
-70.47 91.46 -139.44
-70.47 91.46 -139.44
-70.47 91.46 -139.44
-70.47 91.46 -139.44
-70.47 91.46 -139.44
-70.47 91.46 -139.44
-70.47 91.46 -139.44
-76.47 79.47 -145.44
-76.47 79.47 -145.44
-76.47 79.47 -145.44
-76.47 79.47 -145.44
-76.47 79.47 -145.44
-76.47 79.47 -145.44
-76.47 79.47 -145.44
-76.47 79.47 -145.44
-76.47 79.47 -145.44
-76.47 79.47 -145.44
-76.47 79.47 -145.44
-76.47 79.47 -145.44
-65.97 74.97 -134.95
-65.97 74.97 -134.95
-65.97 74.97 -134.95
-65.97 74.97 -134.95
-65.97 74.97 -134.95
-65.97 74.97 -134.95
-65.97 74.97 -134.95
-65.97 74.97 -134.95
-65.97 74.97 -134.95
-65.97 74.97 -134.95
-65.97 74.97 -134.95
-65.97 74.97 -134.95
-65.97 74.97 -134.95
-52.48 49.48 -139.44
-52.48 49.48 -139.44
-52.48 49.48 -139.44
-52.48 49.48 -139.44
-52.48 49.48 -139.44
-52.48 49.48 -139.44
-52.48 49.48 -139.44
-52.48 49.48 -139.44
-52.48 49.48 -139.44
-52.48 49.48 -139.44
-52.48 49.48 -139.44
-52.48 49.48 -139.44
-41.98 50.98 -122.95
-41.98 50.98 -122.95
-41.98 50.98 -122.95
-41.98 50.98 -122.95
-41.98 50.98 -122.95
-41.98 50.98 -122.95
-41.98 50.98 -122.95
-41.98 50.98 -122.95
-41.98 50.98 -122.95
-41.98 50.98 -122.95
-41.98 50.98 -122.95
-41.98 50.98 -122.95
-41.98 50.98 -122.95
-37.48 34.49 -136.44
-37.48 34.49 -136.44
-37.48 34.49 -136.44
-37.48 34.49 -136.44
-37.48 34.49 -136.44
-37.48 34.49 -136.44
-37.48 34.49 -136.44
-37.48 34.49 -136.44
-37.48 34.49 -136.44
-37.48 34.49 -136.44
-37.48 34.49 -136.44
-37.48 34.49 -136.44
-16.49 22.49 -127.45
-16.49 22.49 -127.45
-16.49 22.49 -127.45
-16.49 22.49 -127.45
-16.49 22.49 -127.45
-16.49 22.49 -127.45
-16.49 22.49 -127.45
-16.49 22.49 -127.45
-16.49 22.49 -127.45
-16.49 22.49 -127.45
-16.49 22.49 -127.45
-16.49 22.49 -127.45
-16.49 22.49 -127.45
-32.99 12.00 -137.94
-32.99 12.00 -137.94
-32.99 12.00 -137.94
-32.99 12.00 -137.94
-32.99 12.00 -137.94
-32.99 12.00 -137.94
-32.99 12.00 -137.94
-32.99 12.00 -137.94
-32.99 12.00 -137.94
-32.99 12.00 -137.94
-32.99 12.00 -137.94
-32.99 12.00 -137.94
-13.49 -7.50 -148.44
-13.49 -7.50 -148.44
-13.49 -7.50 -148.44
-13.49 -7.50 -148.44
-13.49 -7.50 -148.44
-13.49 -7.50 -148.44
-13.49 -7.50 -148.44
-13.49 -7.50 -148.44
-13.49 -7.50 -148.44
-13.49 -7.50 -148.44
-13.49 -7.50 -148.44
-13.49 -7.50 -148.44
-13.49 -7.50 -148.44
-7.50 -25.49 -160.43
-7.50 -25.49 -160.43
-7.50 -25.49 -160.43
-7.50 -25.49 -160.43
-7.50 -25.49 -160.43
-7.50 -25.49 -160.43
-7.50 -25.49 -160.43
-7.50 -25.49 -160.43
-7.50 -25.49 -160.43
-7.50 -25.49 -160.43
-7.50 -25.49 -160.43
-7.50 -25.49 -160.43
-7.50 -25.49 -160.43
-4.50 -46.48 -133.45
-4.50 -46.48 -133.45
-4.50 -46.48 -133.45
-4.50 -46.48 -133.45
-4.50 -46.48 -133.45
-4.50 -46.48 -133.45
-4.50 -46.48 -133.45
-4.50 -46.48 -133.45
-4.50 -46.48 -133.45
-4.50 -46.48 -133.45
-4.50 -46.48 -133.45
-4.50 -46.48 -133.45
7.50 -58.48 -127.45
7.50 -58.48 -127.45
7.50 -58.48 -127.45
7.50 -58.48 -127.45
7.50 -58.48 -127.45
7.50 -58.48 -127.45
7.50 -58.48 -127.45
7.50 -58.48 -127.45
7.50 -58.48 -127.45
7.50 -58.48 -127.45
7.50 -58.48 -127.45
7.50 -58.48 -127.45
7.50 -58.48 -127.45
25.49 -73.47 -115.45
25.49 -73.47 -115.45
25.49 -73.47 -115.45
25.49 -73.47 -115.45
25.49 -73.47 -115.45
25.49 -73.47 -115.45
25.49 -73.47 -115.45
25.49 -73.47 -115.45
25.49 -73.47 -115.45
25.49 -73.47 -115.45
25.49 -73.47 -115.45
25.49 -73.47 -115.45
34.49 -88.46 -112.45
34.49 -88.46 -112.45
34.49 -88.46 -112.45
34.49 -88.46 -112.45
34.49 -88.46 -112.45
34.49 -88.46 -112.45
34.49 -88.46 -112.45
34.49 -88.46 -112.45
34.49 -88.46 -112.45
34.49 -88.46 -112.45
34.49 -88.46 -112.45
34.49 -88.46 -112.45
34.49 -88.46 -112.45
43.48 -97.46 -100.46
43.48 -97.46 -100.46
43.48 -97.46 -100.46
43.48 -97.46 -100.46
43.48 -97.46 -100.46
43.48 -97.46 -100.46
43.48 -97.46 -100.46
43.48 -97.46 -100.46
43.48 -97.46 -100.46
43.48 -97.46 -100.46
43.48 -97.46 -100.46
43.48 -97.46 -100.46
38.98 -107.96 -98.96
38.98 -107.96 -98.96
38.98 -107.96 -98.96
38.98 -107.96 -98.96
38.98 -107.96 -98.96
38.98 -107.96 -98.96
38.98 -107.96 -98.96
38.98 -107.96 -98.96
38.98 -107.96 -98.96
38.98 -107.96 -98.96
38.98 -107.96 -98.96
38.98 -107.96 -98.96
38.98 -107.96 -98.96
70.47 -103.46 -97.46
70.47 -103.46 -97.46
70.47 -103.46 -97.46
70.47 -103.46 -97.46
70.47 -103.46 -97.46
70.47 -103.46 -97.46
70.47 -103.46 -97.46
70.47 -103.46 -97.46
70.47 -103.46 -97.46
70.47 -103.46 -97.46
70.47 -103.46 -97.46
70.47 -103.46 -97.46
79.47 -118.45 -103.46
79.47 -118.45 -103.46
79.47 -118.45 -103.46
79.47 -118.45 -103.46
79.47 -118.45 -103.46
79.47 -118.45 -103.46
79.47 -118.45 -103.46
79.47 -118.45 -103.46
79.47 -118.45 -103.46
79.47 -118.45 -103.46
79.47 -118.45 -103.46
79.47 -118.45 -103.46
79.47 -118.45 -103.46
98.96 -119.95 -89.96
98.96 -119.95 -89.96
98.96 -119.95 -89.96
98.96 -119.95 -89.96
98.96 -119.95 -89.96
98.96 -119.95 -89.96
98.96 -119.95 -89.96
98.96 -119.95 -89.96
98.96 -119.95 -89.96
98.96 -119.95 -89.96
98.96 -119.95 -89.96
98.96 -119.95 -89.96
98.96 -119.95 -89.96
116.95 -107.96 -107.96
116.95 -107.96 -107.96
116.95 -107.96 -107.96
116.95 -107.96 -107.96
116.95 -107.96 -107.96
116.95 -107.96 -107.96
116.95 -107.96 -107.96
116.95 -107.96 -107.96
116.95 -107.96 -107.96
116.95 -107.96 -107.96
116.95 -107.96 -107.96
116.95 -107.96 -107.96
133.45 -127.45 -106.46
133.45 -127.45 -106.46
133.45 -127.45 -106.46
133.45 -127.45 -106.46
133.45 -127.45 -106.46
133.45 -127.45 -106.46
133.45 -127.45 -106.46
133.45 -127.45 -106.46
133.45 -127.45 -106.46
133.45 -127.45 -106.46
133.45 -127.45 -106.46
133.45 -127.45 -106.46
133.45 -127.45 -106.46
128.95 -125.95 -113.95
128.95 -125.95 -113.95
128.95 -125.95 -113.95
128.95 -125.95 -113.95
128.95 -125.95 -113.95
128.95 -125.95 -113.95
128.95 -125.95 -113.95
128.95 -125.95 -113.95
128.95 -125.95 -113.95
128.95 -125.95 -113.95
128.95 -125.95 -113.95
128.95 -125.95 -113.95
145.44 -130.45 -100.46
145.44 -130.45 -100.46
145.44 -130.45 -100.46
145.44 -130.45 -100.46
145.44 -130.45 -100.46
145.44 -130.45 -100.46
145.44 -130.45 -100.46
145.44 -130.45 -100.46
145.44 -130.45 -100.46
145.44 -130.45 -100.46
145.44 -130.45 -100.46
145.44 -130.45 -100.46
145.44 -130.45 -100.46
157.44 -136.44 -88.46
157.44 -136.44 -88.46
157.44 -136.44 -88.46
157.44 -136.44 -88.46
157.44 -136.44 -88.46
157.44 -136.44 -88.46
157.44 -136.44 -88.46
157.44 -136.44 -88.46
157.44 -136.44 -88.46
157.44 -136.44 -88.46
157.44 -136.44 -88.46
157.44 -136.44 -88.46
188.92 -149.94 -95.96
188.92 -149.94 -95.96
188.92 -149.94 -95.96
188.92 -149.94 -95.96
188.92 -149.94 -95.96
188.92 -149.94 -95.96
188.92 -149.94 -95.96
188.92 -149.94 -95.96
188.92 -149.94 -95.96
188.92 -149.94 -95.96
188.92 -149.94 -95.96
188.92 -149.94 -95.96
188.92 -149.94 -95.96
197.92 -134.95 -80.97
197.92 -134.95 -80.97
197.92 -134.95 -80.97
197.92 -134.95 -80.97
197.92 -134.95 -80.97
197.92 -134.95 -80.97
197.92 -134.95 -80.97
197.92 -134.95 -80.97
197.92 -134.95 -80.97
197.92 -134.95 -80.97
197.92 -134.95 -80.97
197.92 -134.95 -80.97
220.41 -136.44 -100.46
220.41 -136.44 -100.46
220.41 -136.44 -100.46
220.41 -136.44 -100.46
220.41 -136.44 -100.46
220.41 -136.44 -100.46
220.41 -136.44 -100.46
220.41 -136.44 -100.46
220.41 -136.44 -100.46
220.41 -136.44 -100.46
220.41 -136.44 -100.46
220.41 -136.44 -100.46
220.41 -136.44 -100.46
233.90 -119.95 -98.96
233.90 -119.95 -98.96
233.90 -119.95 -98.96
233.90 -119.95 -98.96
233.90 -119.95 -98.96
233.90 -119.95 -98.96
233.90 -119.95 -98.96
233.90 -119.95 -98.96
233.90 -119.95 -98.96
233.90 -119.95 -98.96
233.90 -119.95 -98.96
233.90 -119.95 -98.96
242.90 -134.95 -101.96
242.90 -134.95 -101.96
242.90 -134.95 -101.96
242.90 -134.95 -101.96
242.90 -134.95 -101.96
242.90 -134.95 -101.96
242.90 -134.95 -101.96
242.90 -134.95 -101.96
242.90 -134.95 -101.96
242.90 -134.95 -101.96
242.90 -134.95 -101.96
242.90 -134.95 -101.96
242.90 -134.95 -101.96
245.90 -131.95 -101.96
245.90 -131.95 -101.96
245.90 -131.95 -101.96
245.90 -131.95 -101.96
245.90 -131.95 -101.96
245.90 -131.95 -101.96
245.90 -131.95 -101.96
245.90 -131.95 -101.96
245.90 -131.95 -101.96
245.90 -131.95 -101.96
245.90 -131.95 -101.96
245.90 -131.95 -101.96
245.90 -131.95 -101.96
265.39 -136.44 -88.46
265.39 -136.44 -88.46
265.39 -136.44 -88.46
265.39 -136.44 -88.46
265.39 -136.44 -88.46
265.39 -136.44 -88.46
265.39 -136.44 -88.46
265.39 -136.44 -88.46
265.39 -136.44 -88.46
265.39 -136.44 -88.46
265.39 -136.44 -88.46
265.39 -136.44 -88.46
283.38 -130.45 -88.46
283.38 -130.45 -88.46
283.38 -130.45 -88.46
283.38 -130.45 -88.46
283.38 -130.45 -88.46
283.38 -130.45 -88.46
283.38 -130.45 -88.46
283.38 -130.45 -88.46
283.38 -130.45 -88.46
283.38 -130.45 -88.46
283.38 -130.45 -88.46
283.38 -130.45 -88.46
283.38 -130.45 -88.46
286.38 -124.45 -85.47
286.38 -124.45 -85.47
286.38 -124.45 -85.47
286.38 -124.45 -85.47
286.38 -124.45 -85.47
286.38 -124.45 -85.47
286.38 -124.45 -85.47
286.38 -124.45 -85.47
286.38 -124.45 -85.47
286.38 -124.45 -85.47
286.38 -124.45 -85.47
286.38 -124.45 -85.47
307.37 -115.45 -100.46
307.37 -115.45 -100.46
307.37 -115.45 -100.46
307.37 -115.45 -100.46
307.37 -115.45 -100.46
307.37 -115.45 -100.46
307.37 -115.45 -100.46
307.37 -115.45 -100.46
307.37 -115.45 -100.46
307.37 -115.45 -100.46
307.37 -115.45 -100.46
307.37 -115.45 -100.46
307.37 -115.45 -100.46
332.86 -128.95 -98.96
332.86 -128.95 -98.96
332.86 -128.95 -98.96
332.86 -128.95 -98.96
332.86 -128.95 -98.96
332.86 -128.95 -98.96
332.86 -128.95 -98.96
332.86 -128.95 -98.96
332.86 -128.95 -98.96
332.86 -128.95 -98.96
332.86 -128.95 -98.96
332.86 -128.95 -98.96
340.36 -109.46 -97.46
340.36 -109.46 -97.46
340.36 -109.46 -97.46
340.36 -109.46 -97.46
340.36 -109.46 -97.46
340.36 -109.46 -97.46
340.36 -109.46 -97.46
340.36 -109.46 -97.46
340.36 -109.46 -97.46
340.36 -109.46 -97.46
340.36 -109.46 -97.46
340.36 -109.46 -97.46
340.36 -109.46 -97.46
352.36 -106.46 -106.46
352.36 -106.46 -106.46
352.36 -106.46 -106.46
352.36 -106.46 -106.46
352.36 -106.46 -106.46
352.36 -106.46 -106.46
352.36 -106.46 -106.46
352.36 -106.46 -106.46
352.36 -106.46 -106.46
352.36 -106.46 -106.46
352.36 -106.46 -106.46
352.36 -106.46 -106.46
352.36 -106.46 -106.46
353.86 -122.95 -83.97
353.86 -122.95 -83.97
353.86 -122.95 -83.97
353.86 -122.95 -83.97
353.86 -122.95 -83.97
353.86 -122.95 -83.97
353.86 -122.95 -83.97
353.86 -122.95 -83.97
353.86 -122.95 -83.97
353.86 -122.95 -83.97
353.86 -122.95 -83.97
353.86 -122.95 -83.97
386.84 -107.96 -89.96
386.84 -107.96 -89.96
386.84 -107.96 -89.96
386.84 -107.96 -89.96
386.84 -107.96 -89.96
386.84 -107.96 -89.96
386.84 -107.96 -89.96
386.84 -107.96 -89.96
386.84 -107.96 -89.96
386.84 -107.96 -89.96
386.84 -107.96 -89.96
386.84 -107.96 -89.96
386.84 -107.96 -89.96
404.84 -104.96 -92.96
404.84 -104.96 -92.96
404.84 -104.96 -92.96
404.84 -104.96 -92.96
404.84 -104.96 -92.96
404.84 -104.96 -92.96
404.84 -104.96 -92.96
404.84 -104.96 -92.96
404.84 -104.96 -92.96
404.84 -104.96 -92.96
404.84 -104.96 -92.96
404.84 -104.96 -92.96
430.32 -79.47 -94.46
430.32 -79.47 -94.46
430.32 -79.47 -94.46
430.32 -79.47 -94.46
430.32 -79.47 -94.46
430.32 -79.47 -94.46
430.32 -79.47 -94.46
430.32 -79.47 -94.46
430.32 -79.47 -94.46
430.32 -79.47 -94.46
430.32 -79.47 -94.46
430.32 -79.47 -94.46
430.32 -79.47 -94.46
431.82 -89.96 -80.97
431.82 -89.96 -80.97
431.82 -89.96 -80.97
431.82 -89.96 -80.97
431.82 -89.96 -80.97
431.82 -89.96 -80.97
431.82 -89.96 -80.97
431.82 -89.96 -80.97
431.82 -89.96 -80.97
431.82 -89.96 -80.97
431.82 -89.96 -80.97
431.82 -89.96 -80.97
434.82 -77.97 -80.97
434.82 -77.97 -80.97
434.82 -77.97 -80.97
434.82 -77.97 -80.97
434.82 -77.97 -80.97
434.82 -77.97 -80.97
434.82 -77.97 -80.97
434.82 -77.97 -80.97
434.82 -77.97 -80.97
434.82 -77.97 -80.97
434.82 -77.97 -80.97
434.82 -77.97 -80.97
434.82 -77.97 -80.97
440.82 -59.98 -86.96
440.82 -59.98 -86.96
440.82 -59.98 -86.96
440.82 -59.98 -86.96
440.82 -59.98 -86.96
440.82 -59.98 -86.96
440.82 -59.98 -86.96
440.82 -59.98 -86.96
440.82 -59.98 -86.96
440.82 -59.98 -86.96
440.82 -59.98 -86.96
440.82 -59.98 -86.96
451.32 -46.48 -85.47
451.32 -46.48 -85.47
451.32 -46.48 -85.47
451.32 -46.48 -85.47
451.32 -46.48 -85.47
451.32 -46.48 -85.47
451.32 -46.48 -85.47
451.32 -46.48 -85.47
451.32 -46.48 -85.47
451.32 -46.48 -85.47
451.32 -46.48 -85.47
451.32 -46.48 -85.47
451.32 -46.48 -85.47
460.31 -25.49 -73.47
460.31 -25.49 -73.47
460.31 -25.49 -73.47
460.31 -25.49 -73.47
460.31 -25.49 -73.47
460.31 -25.49 -73.47
460.31 -25.49 -73.47
460.31 -25.49 -73.47
460.31 -25.49 -73.47
460.31 -25.49 -73.47
460.31 -25.49 -73.47
460.31 -25.49 -73.47
460.31 -25.49 -73.47
469.31 -22.49 -79.47
469.31 -22.49 -79.47
469.31 -22.49 -79.47
469.31 -22.49 -79.47
469.31 -22.49 -79.47
469.31 -22.49 -79.47
469.31 -22.49 -79.47
469.31 -22.49 -79.47
469.31 -22.49 -79.47
469.31 -22.49 -79.47
469.31 -22.49 -79.47
469.31 -22.49 -79.47
478.31 -7.50 -82.47
478.31 -7.50 -82.47
478.31 -7.50 -82.47
478.31 -7.50 -82.47
478.31 -7.50 -82.47
478.31 -7.50 -82.47
478.31 -7.50 -82.47
478.31 -7.50 -82.47
478.31 -7.50 -82.47
478.31 -7.50 -82.47
478.31 -7.50 -82.47
478.31 -7.50 -82.47
478.31 -7.50 -82.47
506.79 6.00 -77.97
506.79 6.00 -77.97
506.79 6.00 -77.97
506.79 6.00 -77.97
506.79 6.00 -77.97
506.79 6.00 -77.97
506.79 6.00 -77.97
506.79 6.00 -77.97
506.79 6.00 -77.97
506.79 6.00 -77.97
506.79 6.00 -77.97
506.79 6.00 -77.97
497.80 17.99 -80.97
497.80 17.99 -80.97
497.80 17.99 -80.97
497.80 17.99 -80.97
497.80 17.99 -80.97
497.80 17.99 -80.97
497.80 17.99 -80.97
497.80 17.99 -80.97
497.80 17.99 -80.97
497.80 17.99 -80.97
497.80 17.99 -80.97
497.80 17.99 -80.97
497.80 17.99 -80.97
497.80 56.98 -68.97
497.80 56.98 -68.97
497.80 56.98 -68.97
497.80 56.98 -68.97
497.80 56.98 -68.97
497.80 56.98 -68.97
497.80 56.98 -68.97
497.80 56.98 -68.97
497.80 56.98 -68.97
497.80 56.98 -68.97
497.80 56.98 -68.97
497.80 56.98 -68.97
511.29 61.47 -85.47
511.29 61.47 -85.47
511.29 61.47 -85.47
511.29 61.47 -85.47
511.29 61.47 -85.47
511.29 61.47 -85.47
511.29 61.47 -85.47
511.29 61.47 -85.47
511.29 61.47 -85.47
511.29 61.47 -85.47
511.29 61.47 -85.47
511.29 61.47 -85.47
511.29 61.47 -85.47
503.79 89.96 -98.96
503.79 89.96 -98.96
503.79 89.96 -98.96
503.79 89.96 -98.96
503.79 89.96 -98.96
503.79 89.96 -98.96
503.79 89.96 -98.96
503.79 89.96 -98.96
503.79 89.96 -98.96
503.79 89.96 -98.96
503.79 89.96 -98.96
503.79 89.96 -98.96
524.79 104.96 -83.97
524.79 104.96 -83.97
524.79 104.96 -83.97
524.79 104.96 -83.97
524.79 104.96 -83.97
524.79 104.96 -83.97
524.79 104.96 -83.97
524.79 104.96 -83.97
524.79 104.96 -83.97
524.79 104.96 -83.97
524.79 104.96 -83.97
524.79 104.96 -83.97
524.79 104.96 -83.97
514.29 118.45 -82.47
514.29 118.45 -82.47
514.29 118.45 -82.47
514.29 118.45 -82.47
514.29 118.45 -82.47
514.29 118.45 -82.47
514.29 118.45 -82.47
514.29 118.45 -82.47
514.29 118.45 -82.47
514.29 118.45 -82.47
514.29 118.45 -82.47
514.29 118.45 -82.47
514.29 118.45 -82.47
521.79 140.94 -89.96
521.79 140.94 -89.96
521.79 140.94 -89.96
521.79 140.94 -89.96
521.79 140.94 -89.96
521.79 140.94 -89.96
521.79 140.94 -89.96
521.79 140.94 -89.96
521.79 140.94 -89.96
521.79 140.94 -89.96
521.79 140.94 -89.96
521.79 140.94 -89.96
514.29 136.44 -88.46
514.29 136.44 -88.46
514.29 136.44 -88.46
514.29 136.44 -88.46
514.29 136.44 -88.46
514.29 136.44 -88.46
514.29 136.44 -88.46
514.29 136.44 -88.46
514.29 136.44 -88.46
514.29 136.44 -88.46
514.29 136.44 -88.46
514.29 136.44 -88.46
514.29 136.44 -88.46
515.79 140.94 -89.96
515.79 140.94 -89.96
515.79 140.94 -89.96
515.79 140.94 -89.96
515.79 140.94 -89.96
515.79 140.94 -89.96
515.79 140.94 -89.96
515.79 140.94 -89.96
515.79 140.94 -89.96
515.79 140.94 -89.96
515.79 140.94 -89.96
515.79 140.94 -89.96
530.78 158.94 -101.96
530.78 158.94 -101.96
530.78 158.94 -101.96
530.78 158.94 -101.96
530.78 158.94 -101.96
530.78 158.94 -101.96
530.78 158.94 -101.96
530.78 158.94 -101.96
530.78 158.94 -101.96
530.78 158.94 -101.96
530.78 158.94 -101.96
530.78 158.94 -101.96
530.78 158.94 -101.96
514.29 166.43 -103.46
514.29 166.43 -103.46
514.29 166.43 -103.46
514.29 166.43 -103.46
514.29 166.43 -103.46
514.29 166.43 -103.46
514.29 166.43 -103.46
514.29 166.43 -103.46
514.29 166.43 -103.46
514.29 166.43 -103.46
514.29 166.43 -103.46
514.29 166.43 -103.46
533.78 179.93 -107.96
533.78 179.93 -107.96
533.78 179.93 -107.96
533.78 179.93 -107.96
533.78 179.93 -107.96
533.78 179.93 -107.96
533.78 179.93 -107.96
533.78 179.93 -107.96
533.78 179.93 -107.96
533.78 179.93 -107.96
533.78 179.93 -107.96
533.78 179.93 -107.96
533.78 179.93 -107.96
515.79 194.92 -110.95
515.79 194.92 -110.95
515.79 194.92 -110.95
515.79 194.92 -110.95
515.79 194.92 -110.95
515.79 194.92 -110.95
515.79 194.92 -110.95
515.79 194.92 -110.95
515.79 194.92 -110.95
515.79 194.92 -110.95
515.79 194.92 -110.95
515.79 194.92 -110.95
515.79 194.92 -110.95
520.29 187.42 -103.46
520.29 187.42 -103.46
520.29 187.42 -103.46
520.29 187.42 -103.46
520.29 187.42 -103.46
520.29 187.42 -103.46
520.29 187.42 -103.46
520.29 187.42 -103.46
520.29 187.42 -103.46
520.29 187.42 -103.46
520.29 187.42 -103.46
520.29 187.42 -103.46
539.78 206.92 -101.96
539.78 206.92 -101.96
539.78 206.92 -101.96
539.78 206.92 -101.96
539.78 206.92 -101.96
539.78 206.92 -101.96
539.78 206.92 -101.96
539.78 206.92 -101.96
539.78 206.92 -101.96
539.78 206.92 -101.96
539.78 206.92 -101.96
539.78 206.92 -101.96
539.78 206.92 -101.96
530.78 197.92 -95.96
530.78 197.92 -95.96
530.78 197.92 -95.96
530.78 197.92 -95.96
530.78 197.92 -95.96
530.78 197.92 -95.96
530.78 197.92 -95.96
530.78 197.92 -95.96
530.78 197.92 -95.96
530.78 197.92 -95.96
530.78 197.92 -95.96
530.78 197.92 -95.96
535.28 226.41 -85.47
535.28 226.41 -85.47
535.28 226.41 -85.47
535.28 226.41 -85.47
535.28 226.41 -85.47
535.28 226.41 -85.47
535.28 226.41 -85.47
535.28 226.41 -85.47
535.28 226.41 -85.47
535.28 226.41 -85.47
535.28 226.41 -85.47
535.28 226.41 -85.47
535.28 226.41 -85.47
553.27 235.40 -85.47
553.27 235.40 -85.47
553.27 235.40 -85.47
553.27 235.40 -85.47
553.27 235.40 -85.47
553.27 235.40 -85.47
553.27 235.40 -85.47
553.27 235.40 -85.47
553.27 235.40 -85.47
553.27 235.40 -85.47
553.27 235.40 -85.47
553.27 235.40 -85.47
539.78 266.89 -68.97
539.78 266.89 -68.97
539.78 266.89 -68.97
539.78 266.89 -68.97
539.78 266.89 -68.97
539.78 266.89 -68.97
539.78 266.89 -68.97
539.78 266.89 -68.97
539.78 266.89 -68.97
539.78 266.89 -68.97
539.78 266.89 -68.97
539.78 266.89 -68.97
539.78 266.89 -68.97
544.28 289.38 -70.47
544.28 289.38 -70.47
544.28 289.38 -70.47
544.28 289.38 -70.47
544.28 289.38 -70.47
544.28 289.38 -70.47
544.28 289.38 -70.47
544.28 289.38 -70.47
544.28 289.38 -70.47
544.28 289.38 -70.47
544.28 289.38 -70.47
544.28 289.38 -70.47
539.78 320.87 -74.97
539.78 320.87 -74.97
539.78 320.87 -74.97
539.78 320.87 -74.97
539.78 320.87 -74.97
539.78 320.87 -74.97
539.78 320.87 -74.97
539.78 320.87 -74.97
539.78 320.87 -74.97
539.78 320.87 -74.97
539.78 320.87 -74.97
539.78 320.87 -74.97
539.78 320.87 -74.97
541.28 322.37 -82.47
541.28 322.37 -82.47
541.28 322.37 -82.47
541.28 322.37 -82.47
541.28 322.37 -82.47
541.28 322.37 -82.47
541.28 322.37 -82.47
541.28 322.37 -82.47
541.28 322.37 -82.47
541.28 322.37 -82.47
541.28 322.37 -82.47
541.28 322.37 -82.47
541.28 322.37 -82.47
538.28 340.36 -103.46
538.28 340.36 -103.46
538.28 340.36 -103.46
538.28 340.36 -103.46
538.28 340.36 -103.46
538.28 340.36 -103.46
538.28 340.36 -103.46
538.28 340.36 -103.46
538.28 340.36 -103.46
538.28 340.36 -103.46
538.28 340.36 -103.46
538.28 340.36 -103.46
530.78 365.85 -104.96
530.78 365.85 -104.96
530.78 365.85 -104.96
530.78 365.85 -104.96
530.78 365.85 -104.96
530.78 365.85 -104.96
530.78 365.85 -104.96
530.78 365.85 -104.96
530.78 365.85 -104.96
530.78 365.85 -104.96
530.78 365.85 -104.96
530.78 365.85 -104.96
530.78 365.85 -104.96
517.29 376.35 -112.45
517.29 376.35 -112.45
517.29 376.35 -112.45
517.29 376.35 -112.45
517.29 376.35 -112.45
517.29 376.35 -112.45
517.29 376.35 -112.45
517.29 376.35 -112.45
517.29 376.35 -112.45
517.29 376.35 -112.45
517.29 376.35 -112.45
517.29 376.35 -112.45
511.29 394.34 -115.45
511.29 394.34 -115.45
511.29 394.34 -115.45
511.29 394.34 -115.45
511.29 394.34 -115.45
511.29 394.34 -115.45
511.29 394.34 -115.45
511.29 394.34 -115.45
511.29 394.34 -115.45
511.29 394.34 -115.45
511.29 394.34 -115.45
511.29 394.34 -115.45
511.29 394.34 -115.45
500.80 404.84 -119.95
500.80 404.84 -119.95
500.80 404.84 -119.95
500.80 404.84 -119.95
500.80 404.84 -119.95
500.80 404.84 -119.95
500.80 404.84 -119.95
500.80 404.84 -119.95
500.80 404.84 -119.95
500.80 404.84 -119.95
500.80 404.84 -119.95
500.80 404.84 -119.95
494.80 419.83 -122.95
494.80 419.83 -122.95
494.80 419.83 -122.95
494.80 419.83 -122.95
494.80 419.83 -122.95
494.80 419.83 -122.95
494.80 419.83 -122.95
494.80 419.83 -122.95
494.80 419.83 -122.95
494.80 419.83 -122.95
494.80 419.83 -122.95
494.80 419.83 -122.95
494.80 419.83 -122.95
487.30 436.32 -139.44
487.30 436.32 -139.44
487.30 436.32 -139.44
487.30 436.32 -139.44
487.30 436.32 -139.44
487.30 436.32 -139.44
487.30 436.32 -139.44
487.30 436.32 -139.44
487.30 436.32 -139.44
487.30 436.32 -139.44
487.30 436.32 -139.44
487.30 436.32 -139.44
487.30 436.32 -139.44
470.81 449.82 -131.95
470.81 449.82 -131.95
470.81 449.82 -131.95
470.81 449.82 -131.95
470.81 449.82 -131.95
470.81 449.82 -131.95
470.81 449.82 -131.95
470.81 449.82 -131.95
470.81 449.82 -131.95
470.81 449.82 -131.95
470.81 449.82 -131.95
470.81 449.82 -131.95
466.31 478.31 -127.45
466.31 478.31 -127.45
466.31 478.31 -127.45
466.31 478.31 -127.45
466.31 478.31 -127.45
466.31 478.31 -127.45
466.31 478.31 -127.45
466.31 478.31 -127.45
466.31 478.31 -127.45
466.31 478.31 -127.45
466.31 478.31 -127.45
466.31 478.31 -127.45
466.31 478.31 -127.45
460.31 460.31 -151.44
460.31 460.31 -151.44
460.31 460.31 -151.44
460.31 460.31 -151.44
460.31 460.31 -151.44
460.31 460.31 -151.44
460.31 460.31 -151.44
460.31 460.31 -151.44
460.31 460.31 -151.44
460.31 460.31 -151.44
460.31 460.31 -151.44
460.31 460.31 -151.44
446.82 473.81 -164.93
446.82 473.81 -164.93
446.82 473.81 -164.93
446.82 473.81 -164.93
446.82 473.81 -164.93
446.82 473.81 -164.93
446.82 473.81 -164.93
446.82 473.81 -164.93
446.82 473.81 -164.93
446.82 473.81 -164.93
446.82 473.81 -164.93
446.82 473.81 -164.93
446.82 473.81 -164.93
442.32 484.30 -157.44
442.32 484.30 -157.44
442.32 484.30 -157.44
442.32 484.30 -157.44
442.32 484.30 -157.44
442.32 484.30 -157.44
442.32 484.30 -157.44
442.32 484.30 -157.44
442.32 484.30 -157.44
442.32 484.30 -157.44
442.32 484.30 -157.44
442.32 484.30 -157.44
443.82 482.80 -155.94
443.82 482.80 -155.94
443.82 482.80 -155.94
443.82 482.80 -155.94
443.82 482.80 -155.94
443.82 482.80 -155.94
443.82 482.80 -155.94
443.82 482.80 -155.94
443.82 482.80 -155.94
443.82 482.80 -155.94
443.82 482.80 -155.94
443.82 482.80 -155.94
443.82 482.80 -155.94
440.82 497.80 -167.93
440.82 497.80 -167.93
440.82 497.80 -167.93
440.82 497.80 -167.93
440.82 497.80 -167.93
440.82 497.80 -167.93
440.82 497.80 -167.93
440.82 497.80 -167.93
440.82 497.80 -167.93
440.82 497.80 -167.93
440.82 497.80 -167.93
440.82 497.80 -167.93
421.33 493.30 -169.43
421.33 493.30 -169.43
421.33 493.30 -169.43
421.33 493.30 -169.43
421.33 493.30 -169.43
421.33 493.30 -169.43
421.33 493.30 -169.43
421.33 493.30 -169.43
421.33 493.30 -169.43
421.33 493.30 -169.43
421.33 493.30 -169.43
421.33 493.30 -169.43
421.33 493.30 -169.43
406.33 490.30 -178.43
406.33 490.30 -178.43
406.33 490.30 -178.43
406.33 490.30 -178.43
406.33 490.30 -178.43
406.33 490.30 -178.43
406.33 490.30 -178.43
406.33 490.30 -178.43
406.33 490.30 -178.43
406.33 490.30 -178.43
406.33 490.30 -178.43
406.33 490.30 -178.43
406.33 490.30 -178.43
403.34 487.30 -166.43
403.34 487.30 -166.43
403.34 487.30 -166.43
403.34 487.30 -166.43
403.34 487.30 -166.43
403.34 487.30 -166.43
403.34 487.30 -166.43
403.34 487.30 -166.43
403.34 487.30 -166.43
403.34 487.30 -166.43
403.34 487.30 -166.43
403.34 487.30 -166.43
376.35 505.29 -166.43
376.35 505.29 -166.43
376.35 505.29 -166.43
376.35 505.29 -166.43
376.35 505.29 -166.43
376.35 505.29 -166.43
376.35 505.29 -166.43
376.35 505.29 -166.43
376.35 505.29 -166.43
376.35 505.29 -166.43
376.35 505.29 -166.43
376.35 505.29 -166.43
376.35 505.29 -166.43
368.85 506.79 -173.93
368.85 506.79 -173.93
368.85 506.79 -173.93
368.85 506.79 -173.93
368.85 506.79 -173.93
368.85 506.79 -173.93
368.85 506.79 -173.93
368.85 506.79 -173.93
368.85 506.79 -173.93
368.85 506.79 -173.93
368.85 506.79 -173.93
368.85 506.79 -173.93
359.85 515.79 -179.93
359.85 515.79 -179.93
359.85 515.79 -179.93
359.85 515.79 -179.93
359.85 515.79 -179.93
359.85 515.79 -179.93
359.85 515.79 -179.93
359.85 515.79 -179.93
359.85 515.79 -179.93
359.85 515.79 -179.93
359.85 515.79 -179.93
359.85 515.79 -179.93
359.85 515.79 -179.93
353.86 530.78 -167.93
353.86 530.78 -167.93
353.86 530.78 -167.93
353.86 530.78 -167.93
353.86 530.78 -167.93
353.86 530.78 -167.93
353.86 530.78 -167.93
353.86 530.78 -167.93
353.86 530.78 -167.93
353.86 530.78 -167.93
353.86 530.78 -167.93
353.86 530.78 -167.93
340.36 526.29 -166.43
340.36 526.29 -166.43
340.36 526.29 -166.43
340.36 526.29 -166.43
340.36 526.29 -166.43
340.36 526.29 -166.43
340.36 526.29 -166.43
340.36 526.29 -166.43
340.36 526.29 -166.43
340.36 526.29 -166.43
340.36 526.29 -166.43
340.36 526.29 -166.43
340.36 526.29 -166.43
308.87 533.78 -155.94
308.87 533.78 -155.94
308.87 533.78 -155.94
308.87 533.78 -155.94
308.87 533.78 -155.94
308.87 533.78 -155.94
308.87 533.78 -155.94
308.87 533.78 -155.94
308.87 533.78 -155.94
308.87 533.78 -155.94
308.87 533.78 -155.94
308.87 533.78 -155.94
308.87 533.78 -155.94
307.37 535.28 -166.43
307.37 535.28 -166.43
307.37 535.28 -166.43
307.37 535.28 -166.43
307.37 535.28 -166.43
307.37 535.28 -166.43
307.37 535.28 -166.43
307.37 535.28 -166.43
307.37 535.28 -166.43
307.37 535.28 -166.43
307.37 535.28 -166.43
307.37 535.28 -166.43
292.38 544.28 -160.43
292.38 544.28 -160.43
292.38 544.28 -160.43
292.38 544.28 -160.43
292.38 544.28 -160.43
292.38 544.28 -160.43
292.38 544.28 -160.43
292.38 544.28 -160.43
292.38 544.28 -160.43
292.38 544.28 -160.43
292.38 544.28 -160.43
292.38 544.28 -160.43
292.38 544.28 -160.43
272.89 533.78 -149.94
272.89 533.78 -149.94
272.89 533.78 -149.94
272.89 533.78 -149.94
272.89 533.78 -149.94
272.89 533.78 -149.94
272.89 533.78 -149.94
272.89 533.78 -149.94
272.89 533.78 -149.94
272.89 533.78 -149.94
272.89 533.78 -149.94
272.89 533.78 -149.94
271.39 532.28 -151.44
271.39 532.28 -151.44
271.39 532.28 -151.44
271.39 532.28 -151.44
271.39 532.28 -151.44
271.39 532.28 -151.44
271.39 532.28 -151.44
271.39 532.28 -151.44
271.39 532.28 -151.44
271.39 532.28 -151.44
271.39 532.28 -151.44
271.39 532.28 -151.44
271.39 532.28 -151.44
253.40 529.28 -145.44
253.40 529.28 -145.44
253.40 529.28 -145.44
253.40 529.28 -145.44
253.40 529.28 -145.44
253.40 529.28 -145.44
253.40 529.28 -145.44
253.40 529.28 -145.44
253.40 529.28 -145.44
253.40 529.28 -145.44
253.40 529.28 -145.44
253.40 529.28 -145.44
227.91 536.78 -137.94
227.91 536.78 -137.94
227.91 536.78 -137.94
227.91 536.78 -137.94
227.91 536.78 -137.94
227.91 536.78 -137.94
227.91 536.78 -137.94
227.91 536.78 -137.94
227.91 536.78 -137.94
227.91 536.78 -137.94
227.91 536.78 -137.94
227.91 536.78 -137.94
227.91 536.78 -137.94
224.91 530.78 -125.95
224.91 530.78 -125.95
224.91 530.78 -125.95
224.91 530.78 -125.95
224.91 530.78 -125.95
224.91 530.78 -125.95
224.91 530.78 -125.95
224.91 530.78 -125.95
224.91 530.78 -125.95
224.91 530.78 -125.95
224.91 530.78 -125.95
224.91 530.78 -125.95
199.42 553.27 -133.45
199.42 553.27 -133.45
199.42 553.27 -133.45
199.42 553.27 -133.45
199.42 553.27 -133.45
199.42 553.27 -133.45
199.42 553.27 -133.45
199.42 553.27 -133.45
199.42 553.27 -133.45
199.42 553.27 -133.45
199.42 553.27 -133.45
199.42 553.27 -133.45
199.42 553.27 -133.45
200.92 551.78 -149.94
200.92 551.78 -149.94
200.92 551.78 -149.94
200.92 551.78 -149.94
200.92 551.78 -149.94
200.92 551.78 -149.94
200.92 551.78 -149.94
200.92 551.78 -149.94
200.92 551.78 -149.94
200.92 551.78 -149.94
200.92 551.78 -149.94
200.92 551.78 -149.94
200.92 551.78 -149.94
182.93 554.77 -146.94
182.93 554.77 -146.94
182.93 554.77 -146.94
182.93 554.77 -146.94
182.93 554.77 -146.94
182.93 554.77 -146.94
182.93 554.77 -146.94
182.93 554.77 -146.94
182.93 554.77 -146.94
182.93 554.77 -146.94
182.93 554.77 -146.94
182.93 554.77 -146.94
161.93 560.77 -149.94
161.93 560.77 -149.94
161.93 560.77 -149.94
161.93 560.77 -149.94
161.93 560.77 -149.94
161.93 560.77 -149.94
161.93 560.77 -149.94
161.93 560.77 -149.94
161.93 560.77 -149.94
161.93 560.77 -149.94
161.93 560.77 -149.94
161.93 560.77 -149.94
161.93 560.77 -149.94
155.94 545.78 -152.94
155.94 545.78 -152.94
155.94 545.78 -152.94
155.94 545.78 -152.94
155.94 545.78 -152.94
155.94 545.78 -152.94
155.94 545.78 -152.94
155.94 545.78 -152.94
155.94 545.78 -152.94
155.94 545.78 -152.94
155.94 545.78 -152.94
155.94 545.78 -152.94
125.95 539.78 -155.94
125.95 539.78 -155.94
125.95 539.78 -155.94
125.95 539.78 -155.94
125.95 539.78 -155.94
125.95 539.78 -155.94
125.95 539.78 -155.94
125.95 539.78 -155.94
125.95 539.78 -155.94
125.95 539.78 -155.94
125.95 539.78 -155.94
125.95 539.78 -155.94
125.95 539.78 -155.94
121.45 532.28 -166.43
121.45 532.28 -166.43
121.45 532.28 -166.43
121.45 532.28 -166.43
121.45 532.28 -166.43
121.45 532.28 -166.43
121.45 532.28 -166.43
121.45 532.28 -166.43
121.45 532.28 -166.43
121.45 532.28 -166.43
121.45 532.28 -166.43
121.45 532.28 -166.43
106.46 520.29 -190.42
106.46 520.29 -190.42
106.46 520.29 -190.42
106.46 520.29 -190.42
106.46 520.29 -190.42
106.46 520.29 -190.42
106.46 520.29 -190.42
106.46 520.29 -190.42
106.46 520.29 -190.42
106.46 520.29 -190.42
106.46 520.29 -190.42
106.46 520.29 -190.42
106.46 520.29 -190.42
95.96 509.79 -164.93
95.96 509.79 -164.93
95.96 509.79 -164.93
95.96 509.79 -164.93
95.96 509.79 -164.93
95.96 509.79 -164.93
95.96 509.79 -164.93
95.96 509.79 -164.93
95.96 509.79 -164.93
95.96 509.79 -164.93
95.96 509.79 -164.93
95.96 509.79 -164.93
76.47 511.29 -157.44
76.47 511.29 -157.44
76.47 511.29 -157.44
76.47 511.29 -157.44
76.47 511.29 -157.44
76.47 511.29 -157.44
76.47 511.29 -157.44
76.47 511.29 -157.44
76.47 511.29 -157.44
76.47 511.29 -157.44
76.47 511.29 -157.44
76.47 511.29 -157.44
76.47 511.29 -157.44
86.96 497.80 -152.94
86.96 497.80 -152.94
86.96 497.80 -152.94
86.96 497.80 -152.94
86.96 497.80 -152.94
86.96 497.80 -152.94
86.96 497.80 -152.94
86.96 497.80 -152.94
86.96 497.80 -152.94
86.96 497.80 -152.94
86.96 497.80 -152.94
86.96 497.80 -152.94
86.96 497.80 -152.94
62.97 497.80 -155.94
62.97 497.80 -155.94
62.97 497.80 -155.94
62.97 497.80 -155.94
62.97 497.80 -155.94
62.97 497.80 -155.94
62.97 497.80 -155.94
62.97 497.80 -155.94
62.97 497.80 -155.94
62.97 497.80 -155.94
62.97 497.80 -155.94
62.97 497.80 -155.94
43.48 490.30 -163.43
43.48 490.30 -163.43
43.48 490.30 -163.43
43.48 490.30 -163.43
43.48 490.30 -163.43
43.48 490.30 -163.43
43.48 490.30 -163.43
43.48 490.30 -163.43
43.48 490.30 -163.43
43.48 490.30 -163.43
43.48 490.30 -163.43
43.48 490.30 -163.43
43.48 490.30 -163.43
32.99 470.81 -155.94
32.99 470.81 -155.94
32.99 470.81 -155.94
32.99 470.81 -155.94
32.99 470.81 -155.94
32.99 470.81 -155.94
32.99 470.81 -155.94
32.99 470.81 -155.94
32.99 470.81 -155.94
32.99 470.81 -155.94
32.99 470.81 -155.94
32.99 470.81 -155.94
38.98 461.81 -149.94
38.98 461.81 -149.94
38.98 461.81 -149.94
38.98 461.81 -149.94
38.98 461.81 -149.94
38.98 461.81 -149.94
38.98 461.81 -149.94
38.98 461.81 -149.94
38.98 461.81 -149.94
38.98 461.81 -149.94
38.98 461.81 -149.94
38.98 461.81 -149.94
38.98 461.81 -149.94
23.99 449.82 -140.94
23.99 449.82 -140.94
23.99 449.82 -140.94
23.99 449.82 -140.94
23.99 449.82 -140.94
23.99 449.82 -140.94
23.99 449.82 -140.94
23.99 449.82 -140.94
23.99 449.82 -140.94
23.99 449.82 -140.94
23.99 449.82 -140.94
23.99 449.82 -140.94
-3.00 437.82 -149.94
-3.00 437.82 -149.94
-3.00 437.82 -149.94
-3.00 437.82 -149.94
-3.00 437.82 -149.94
-3.00 437.82 -149.94
-3.00 437.82 -149.94
-3.00 437.82 -149.94
-3.00 437.82 -149.94
-3.00 437.82 -149.94
-3.00 437.82 -149.94
-3.00 437.82 -149.94
-3.00 437.82 -149.94
10.50 427.33 -148.44
10.50 427.33 -148.44
10.50 427.33 -148.44
10.50 427.33 -148.44
10.50 427.33 -148.44
10.50 427.33 -148.44
10.50 427.33 -148.44
10.50 427.33 -148.44
10.50 427.33 -148.44
10.50 427.33 -148.44
10.50 427.33 -148.44
10.50 427.33 -148.44
10.50 427.33 -148.44
-7.50 424.33 -145.44
-7.50 424.33 -145.44
-7.50 424.33 -145.44
-7.50 424.33 -145.44
-7.50 424.33 -145.44
-7.50 424.33 -145.44
-7.50 424.33 -145.44
-7.50 424.33 -145.44
-7.50 424.33 -145.44
-7.50 424.33 -145.44
-7.50 424.33 -145.44
-7.50 424.33 -145.44
-6.00 410.83 -134.95
-6.00 410.83 -134.95
-6.00 410.83 -134.95
-6.00 410.83 -134.95
-6.00 410.83 -134.95
-6.00 410.83 -134.95
-6.00 410.83 -134.95
-6.00 410.83 -134.95
-6.00 410.83 -134.95
-6.00 410.83 -134.95
-6.00 410.83 -134.95
-6.00 410.83 -134.95
-6.00 410.83 -134.95
-34.49 382.34 -127.45
-34.49 382.34 -127.45
-34.49 382.34 -127.45
-34.49 382.34 -127.45
-34.49 382.34 -127.45
-34.49 382.34 -127.45
-34.49 382.34 -127.45
-34.49 382.34 -127.45
-34.49 382.34 -127.45
-34.49 382.34 -127.45
-34.49 382.34 -127.45
-34.49 382.34 -127.45
-35.99 377.85 -143.94
-35.99 377.85 -143.94
-35.99 377.85 -143.94
-35.99 377.85 -143.94
-35.99 377.85 -143.94
-35.99 377.85 -143.94
-35.99 377.85 -143.94
-35.99 377.85 -143.94
-35.99 377.85 -143.94
-35.99 377.85 -143.94
-35.99 377.85 -143.94
-35.99 377.85 -143.94
-35.99 377.85 -143.94
-47.98 362.85 -125.95
-47.98 362.85 -125.95
-47.98 362.85 -125.95
-47.98 362.85 -125.95
-47.98 362.85 -125.95
-47.98 362.85 -125.95
-47.98 362.85 -125.95
-47.98 362.85 -125.95
-47.98 362.85 -125.95
-47.98 362.85 -125.95
-47.98 362.85 -125.95
-47.98 362.85 -125.95
-35.99 353.86 -137.94
-35.99 353.86 -137.94
-35.99 353.86 -137.94
-35.99 353.86 -137.94
-35.99 353.86 -137.94
-35.99 353.86 -137.94
-35.99 353.86 -137.94
-35.99 353.86 -137.94
-35.99 353.86 -137.94
-35.99 353.86 -137.94
-35.99 353.86 -137.94
-35.99 353.86 -137.94
-35.99 353.86 -137.94
-49.48 352.36 -139.44
-49.48 352.36 -139.44
-49.48 352.36 -139.44
-49.48 352.36 -139.44
-49.48 352.36 -139.44
-49.48 352.36 -139.44
-49.48 352.36 -139.44
-49.48 352.36 -139.44
-49.48 352.36 -139.44
-49.48 352.36 -139.44
-49.48 352.36 -139.44
-49.48 352.36 -139.44
-47.98 329.87 -143.94
-47.98 329.87 -143.94
-47.98 329.87 -143.94
-47.98 329.87 -143.94
-47.98 329.87 -143.94
-47.98 329.87 -143.94
-47.98 329.87 -143.94
-47.98 329.87 -143.94
-47.98 329.87 -143.94
-47.98 329.87 -143.94
-47.98 329.87 -143.94
-47.98 329.87 -143.94
-47.98 329.87 -143.94
-53.98 302.88 -137.94
-53.98 302.88 -137.94
-53.98 302.88 -137.94
-53.98 302.88 -137.94
-53.98 302.88 -137.94
-53.98 302.88 -137.94
-53.98 302.88 -137.94
-53.98 302.88 -137.94
-53.98 302.88 -137.94
-53.98 302.88 -137.94
-53.98 302.88 -137.94
-53.98 302.88 -137.94
-53.98 302.88 -137.94
-46.48 292.38 -139.44
-46.48 292.38 -139.44
-46.48 292.38 -139.44
-46.48 292.38 -139.44
-46.48 292.38 -139.44
-46.48 292.38 -139.44
-46.48 292.38 -139.44
-46.48 292.38 -139.44
-46.48 292.38 -139.44
-46.48 292.38 -139.44
-46.48 292.38 -139.44
-46.48 292.38 -139.44
-53.98 284.88 -146.94
-53.98 284.88 -146.94
-53.98 284.88 -146.94
-53.98 284.88 -146.94
-53.98 284.88 -146.94
-53.98 284.88 -146.94
-53.98 284.88 -146.94
-53.98 284.88 -146.94
-53.98 284.88 -146.94
-53.98 284.88 -146.94
-53.98 284.88 -146.94
-53.98 284.88 -146.94
-53.98 284.88 -146.94
-73.47 265.39 -139.44
-73.47 265.39 -139.44
-73.47 265.39 -139.44
-73.47 265.39 -139.44
-73.47 265.39 -139.44
-73.47 265.39 -139.44
-73.47 265.39 -139.44
-73.47 265.39 -139.44
-73.47 265.39 -139.44
-73.47 265.39 -139.44
-73.47 265.39 -139.44
-73.47 265.39 -139.44
-62.97 254.90 -140.94
-62.97 254.90 -140.94
-62.97 254.90 -140.94
-62.97 254.90 -140.94
-62.97 254.90 -140.94
-62.97 254.90 -140.94
-62.97 254.90 -140.94
-62.97 254.90 -140.94
-62.97 254.90 -140.94
-62.97 254.90 -140.94
-62.97 254.90 -140.94
-62.97 254.90 -140.94
-62.97 254.90 -140.94
-67.47 232.41 -145.44
-67.47 232.41 -145.44
-67.47 232.41 -145.44
-67.47 232.41 -145.44
-67.47 232.41 -145.44
-67.47 232.41 -145.44
-67.47 232.41 -145.44
-67.47 232.41 -145.44
-67.47 232.41 -145.44
-67.47 232.41 -145.44
-67.47 232.41 -145.44
-67.47 232.41 -145.44
-73.47 223.41 -160.43
-73.47 223.41 -160.43
-73.47 223.41 -160.43
-73.47 223.41 -160.43
-73.47 223.41 -160.43
-73.47 223.41 -160.43
-73.47 223.41 -160.43
-73.47 223.41 -160.43
-73.47 223.41 -160.43
-73.47 223.41 -160.43
-73.47 223.41 -160.43
-73.47 223.41 -160.43
-73.47 223.41 -160.43
-80.97 197.92 -143.94
-80.97 197.92 -143.94
-80.97 197.92 -143.94
-80.97 197.92 -143.94
-80.97 197.92 -143.94
-80.97 197.92 -143.94
-80.97 197.92 -143.94
-80.97 197.92 -143.94
-80.97 197.92 -143.94
-80.97 197.92 -143.94
-80.97 197.92 -143.94
-80.97 197.92 -143.94
-83.97 191.92 -158.94
-83.97 191.92 -158.94
-83.97 191.92 -158.94
-83.97 191.92 -158.94
-83.97 191.92 -158.94
-83.97 191.92 -158.94
-83.97 191.92 -158.94
-83.97 191.92 -158.94
-83.97 191.92 -158.94
-83.97 191.92 -158.94
-83.97 191.92 -158.94
-83.97 191.92 -158.94
-83.97 191.92 -158.94
-65.97 164.93 -149.94
-65.97 164.93 -149.94
-65.97 164.93 -149.94
-65.97 164.93 -149.94
-65.97 164.93 -149.94
-65.97 164.93 -149.94
-65.97 164.93 -149.94
-65.97 164.93 -149.94
-65.97 164.93 -149.94
-65.97 164.93 -149.94
-65.97 164.93 -149.94
-65.97 164.93 -149.94
-59.98 131.95 -173.93
-59.98 131.95 -173.93
-59.98 131.95 -173.93
-59.98 131.95 -173.93
-59.98 131.95 -173.93
-59.98 131.95 -173.93
-59.98 131.95 -173.93
-59.98 131.95 -173.93
-59.98 131.95 -173.93
-59.98 131.95 -173.93
-59.98 131.95 -173.93
-59.98 131.95 -173.93
-59.98 131.95 -173.93
-68.97 101.96 -146.94
-68.97 101.96 -146.94
-68.97 101.96 -146.94
-68.97 101.96 -146.94
-68.97 101.96 -146.94
-68.97 101.96 -146.94
-68.97 101.96 -146.94
-68.97 101.96 -146.94
-68.97 101.96 -146.94
-68.97 101.96 -146.94
-68.97 101.96 -146.94
-68.97 101.96 -146.94
-68.97 101.96 -146.94
-74.97 92.96 -143.94
-74.97 92.96 -143.94
-74.97 92.96 -143.94
-74.97 92.96 -143.94
-74.97 92.96 -143.94
-74.97 92.96 -143.94
-74.97 92.96 -143.94
-74.97 92.96 -143.94
-74.97 92.96 -143.94
-74.97 92.96 -143.94
-74.97 92.96 -143.94
-74.97 92.96 -143.94
-65.97 77.97 -140.94
-65.97 77.97 -140.94
-65.97 77.97 -140.94
-65.97 77.97 -140.94
-65.97 77.97 -140.94
-65.97 77.97 -140.94
-65.97 77.97 -140.94
-65.97 77.97 -140.94
-65.97 77.97 -140.94
-65.97 77.97 -140.94
-65.97 77.97 -140.94
-65.97 77.97 -140.94
-65.97 77.97 -140.94
-70.47 61.47 -142.44
-70.47 61.47 -142.44
-70.47 61.47 -142.44
-70.47 61.47 -142.44
-70.47 61.47 -142.44
-70.47 61.47 -142.44
-70.47 61.47 -142.44
-70.47 61.47 -142.44
-70.47 61.47 -142.44
-70.47 61.47 -142.44
-70.47 61.47 -142.44
-70.47 61.47 -142.44
-46.48 43.48 -133.45
-46.48 43.48 -133.45
-46.48 43.48 -133.45
-46.48 43.48 -133.45
-46.48 43.48 -133.45
-46.48 43.48 -133.45
-46.48 43.48 -133.45
-46.48 43.48 -133.45
-46.48 43.48 -133.45
-46.48 43.48 -133.45
-46.48 43.48 -133.45
-46.48 43.48 -133.45
-46.48 43.48 -133.45
-38.98 29.99 -128.95
-38.98 29.99 -128.95
-38.98 29.99 -128.95
-38.98 29.99 -128.95
-38.98 29.99 -128.95
-38.98 29.99 -128.95
-38.98 29.99 -128.95
-38.98 29.99 -128.95
-38.98 29.99 -128.95
-38.98 29.99 -128.95
-38.98 29.99 -128.95
-38.98 29.99 -128.95
-35.99 26.99 -125.95
-35.99 26.99 -125.95
-35.99 26.99 -125.95
-35.99 26.99 -125.95
-35.99 26.99 -125.95
-35.99 26.99 -125.95
-35.99 26.99 -125.95
-35.99 26.99 -125.95
-35.99 26.99 -125.95
-35.99 26.99 -125.95
-35.99 26.99 -125.95
-35.99 26.99 -125.95
-35.99 26.99 -125.95
-23.99 9.00 -137.94
-23.99 9.00 -137.94
-23.99 9.00 -137.94
-23.99 9.00 -137.94
-23.99 9.00 -137.94
-23.99 9.00 -137.94
-23.99 9.00 -137.94
-23.99 9.00 -137.94
-23.99 9.00 -137.94
-23.99 9.00 -137.94
-23.99 9.00 -137.94
-23.99 9.00 -137.94
-12.00 -3.00 -137.94
-12.00 -3.00 -137.94
-12.00 -3.00 -137.94
-12.00 -3.00 -137.94
-12.00 -3.00 -137.94
-12.00 -3.00 -137.94
-12.00 -3.00 -137.94
-12.00 -3.00 -137.94
-12.00 -3.00 -137.94
-12.00 -3.00 -137.94
-12.00 -3.00 -137.94
-12.00 -3.00 -137.94
-12.00 -3.00 -137.94
-9.00 -6.00 -146.94
-9.00 -6.00 -146.94
-9.00 -6.00 -146.94
-9.00 -6.00 -146.94
-9.00 -6.00 -146.94
-9.00 -6.00 -146.94
-9.00 -6.00 -146.94
-9.00 -6.00 -146.94
-9.00 -6.00 -146.94
-9.00 -6.00 -146.94
-9.00 -6.00 -146.94
-9.00 -6.00 -146.94
-9.00 -6.00 -146.94
4.50 -37.48 -142.44
4.50 -37.48 -142.44
4.50 -37.48 -142.44
4.50 -37.48 -142.44
4.50 -37.48 -142.44
4.50 -37.48 -142.44
4.50 -37.48 -142.44
4.50 -37.48 -142.44
4.50 -37.48 -142.44
4.50 -37.48 -142.44
4.50 -37.48 -142.44
4.50 -37.48 -142.44
-1.50 -64.47 -130.45
-1.50 -64.47 -130.45
-1.50 -64.47 -130.45
-1.50 -64.47 -130.45
-1.50 -64.47 -130.45
-1.50 -64.47 -130.45
-1.50 -64.47 -130.45
-1.50 -64.47 -130.45
-1.50 -64.47 -130.45
-1.50 -64.47 -130.45
-1.50 -64.47 -130.45
-1.50 -64.47 -130.45
-1.50 -64.47 -130.45
6.00 -89.96 -125.95
6.00 -89.96 -125.95
6.00 -89.96 -125.95
6.00 -89.96 -125.95
6.00 -89.96 -125.95
6.00 -89.96 -125.95
6.00 -89.96 -125.95
6.00 -89.96 -125.95
6.00 -89.96 -125.95
6.00 -89.96 -125.95
6.00 -89.96 -125.95
6.00 -89.96 -125.95
23.99 -86.96 -128.95
23.99 -86.96 -128.95
23.99 -86.96 -128.95
23.99 -86.96 -128.95
23.99 -86.96 -128.95
23.99 -86.96 -128.95
23.99 -86.96 -128.95
23.99 -86.96 -128.95
23.99 -86.96 -128.95
23.99 -86.96 -128.95
23.99 -86.96 -128.95
23.99 -86.96 -128.95
23.99 -86.96 -128.95
32.99 -89.96 -116.95
32.99 -89.96 -116.95
32.99 -89.96 -116.95
32.99 -89.96 -116.95
32.99 -89.96 -116.95
32.99 -89.96 -116.95
32.99 -89.96 -116.95
32.99 -89.96 -116.95
32.99 -89.96 -116.95
32.99 -89.96 -116.95
32.99 -89.96 -116.95
32.99 -89.96 -116.95
56.98 -101.96 -92.96
56.98 -101.96 -92.96
56.98 -101.96 -92.96
56.98 -101.96 -92.96
56.98 -101.96 -92.96
56.98 -101.96 -92.96
56.98 -101.96 -92.96
56.98 -101.96 -92.96
56.98 -101.96 -92.96
56.98 -101.96 -92.96
56.98 -101.96 -92.96
56.98 -101.96 -92.96
56.98 -101.96 -92.96
58.48 -97.46 -103.46
58.48 -97.46 -103.46
58.48 -97.46 -103.46
58.48 -97.46 -103.46
58.48 -97.46 -103.46
58.48 -97.46 -103.46
58.48 -97.46 -103.46
58.48 -97.46 -103.46
58.48 -97.46 -103.46
58.48 -97.46 -103.46
58.48 -97.46 -103.46
58.48 -97.46 -103.46
70.47 -118.45 -112.45
70.47 -118.45 -112.45
70.47 -118.45 -112.45
70.47 -118.45 -112.45
70.47 -118.45 -112.45
70.47 -118.45 -112.45
70.47 -118.45 -112.45
70.47 -118.45 -112.45
70.47 -118.45 -112.45
70.47 -118.45 -112.45
70.47 -118.45 -112.45
70.47 -118.45 -112.45
70.47 -118.45 -112.45
95.96 -110.95 -104.96
95.96 -110.95 -104.96
95.96 -110.95 -104.96
95.96 -110.95 -104.96
95.96 -110.95 -104.96
95.96 -110.95 -104.96
95.96 -110.95 -104.96
95.96 -110.95 -104.96
95.96 -110.95 -104.96
95.96 -110.95 -104.96
95.96 -110.95 -104.96
95.96 -110.95 -104.96
103.46 -115.45 -97.46
103.46 -115.45 -97.46
103.46 -115.45 -97.46
103.46 -115.45 -97.46
103.46 -115.45 -97.46
103.46 -115.45 -97.46
103.46 -115.45 -97.46
103.46 -115.45 -97.46
103.46 -115.45 -97.46
103.46 -115.45 -97.46
103.46 -115.45 -97.46
103.46 -115.45 -97.46
103.46 -115.45 -97.46
124.45 -121.45 -103.46
124.45 -121.45 -103.46
124.45 -121.45 -103.46
124.45 -121.45 -103.46
124.45 -121.45 -103.46
124.45 -121.45 -103.46
124.45 -121.45 -103.46
124.45 -121.45 -103.46
124.45 -121.45 -103.46
124.45 -121.45 -103.46
124.45 -121.45 -103.46
124.45 -121.45 -103.46
124.45 -121.45 -103.46
146.94 -119.95 -98.96
146.94 -119.95 -98.96
146.94 -119.95 -98.96
146.94 -119.95 -98.96
146.94 -119.95 -98.96
146.94 -119.95 -98.96
146.94 -119.95 -98.96
146.94 -119.95 -98.96
146.94 -119.95 -98.96
146.94 -119.95 -98.96
146.94 -119.95 -98.96
146.94 -119.95 -98.96
124.45 -142.44 -106.46
124.45 -142.44 -106.46
124.45 -142.44 -106.46
124.45 -142.44 -106.46
124.45 -142.44 -106.46
124.45 -142.44 -106.46
124.45 -142.44 -106.46
124.45 -142.44 -106.46
124.45 -142.44 -106.46
124.45 -142.44 -106.46
124.45 -142.44 -106.46
124.45 -142.44 -106.46
124.45 -142.44 -106.46
139.44 -145.44 -94.46
139.44 -145.44 -94.46
139.44 -145.44 -94.46
139.44 -145.44 -94.46
139.44 -145.44 -94.46
139.44 -145.44 -94.46
139.44 -145.44 -94.46
139.44 -145.44 -94.46
139.44 -145.44 -94.46
139.44 -145.44 -94.46
139.44 -145.44 -94.46
139.44 -145.44 -94.46
170.93 -149.94 -92.96
170.93 -149.94 -92.96
170.93 -149.94 -92.96
170.93 -149.94 -92.96
170.93 -149.94 -92.96
170.93 -149.94 -92.96
170.93 -149.94 -92.96
170.93 -149.94 -92.96
170.93 -149.94 -92.96
170.93 -149.94 -92.96
170.93 -149.94 -92.96
170.93 -149.94 -92.96
170.93 -149.94 -92.96
182.93 -137.94 -83.97
182.93 -137.94 -83.97
182.93 -137.94 -83.97
182.93 -137.94 -83.97
182.93 -137.94 -83.97
182.93 -137.94 -83.97
182.93 -137.94 -83.97
182.93 -137.94 -83.97
182.93 -137.94 -83.97
182.93 -137.94 -83.97
182.93 -137.94 -83.97
182.93 -137.94 -83.97
193.42 -139.44 -94.46
193.42 -139.44 -94.46
193.42 -139.44 -94.46
193.42 -139.44 -94.46
193.42 -139.44 -94.46
193.42 -139.44 -94.46
193.42 -139.44 -94.46
193.42 -139.44 -94.46
193.42 -139.44 -94.46
193.42 -139.44 -94.46
193.42 -139.44 -94.46
193.42 -139.44 -94.46
193.42 -139.44 -94.46
224.91 -131.95 -95.96
224.91 -131.95 -95.96
224.91 -131.95 -95.96
224.91 -131.95 -95.96
224.91 -131.95 -95.96
224.91 -131.95 -95.96
224.91 -131.95 -95.96
224.91 -131.95 -95.96
224.91 -131.95 -95.96
224.91 -131.95 -95.96
224.91 -131.95 -95.96
224.91 -131.95 -95.96
247.40 -148.44 -112.45
247.40 -148.44 -112.45
247.40 -148.44 -112.45
247.40 -148.44 -112.45
247.40 -148.44 -112.45
247.40 -148.44 -112.45
247.40 -148.44 -112.45
247.40 -148.44 -112.45
247.40 -148.44 -112.45
247.40 -148.44 -112.45
247.40 -148.44 -112.45
247.40 -148.44 -112.45
247.40 -148.44 -112.45
244.40 -148.44 -79.47
244.40 -148.44 -79.47
244.40 -148.44 -79.47
244.40 -148.44 -79.47
244.40 -148.44 -79.47
244.40 -148.44 -79.47
244.40 -148.44 -79.47
244.40 -148.44 -79.47
244.40 -148.44 -79.47
244.40 -148.44 -79.47
244.40 -148.44 -79.47
244.40 -148.44 -79.47
268.39 -145.44 -91.46
268.39 -145.44 -91.46
268.39 -145.44 -91.46
268.39 -145.44 -91.46
268.39 -145.44 -91.46
268.39 -145.44 -91.46
268.39 -145.44 -91.46
268.39 -145.44 -91.46
268.39 -145.44 -91.46
268.39 -145.44 -91.46
268.39 -145.44 -91.46
268.39 -145.44 -91.46
268.39 -145.44 -91.46
280.39 -136.44 -94.46
280.39 -136.44 -94.46
280.39 -136.44 -94.46
280.39 -136.44 -94.46
280.39 -136.44 -94.46
280.39 -136.44 -94.46
280.39 -136.44 -94.46
280.39 -136.44 -94.46
280.39 -136.44 -94.46
280.39 -136.44 -94.46
280.39 -136.44 -94.46
280.39 -136.44 -94.46
280.39 -136.44 -94.46
293.88 -131.95 -98.96
293.88 -131.95 -98.96
293.88 -131.95 -98.96
293.88 -131.95 -98.96
293.88 -131.95 -98.96
293.88 -131.95 -98.96
293.88 -131.95 -98.96
293.88 -131.95 -98.96
293.88 -131.95 -98.96
293.88 -131.95 -98.96
293.88 -131.95 -98.96
293.88 -131.95 -98.96
316.37 -121.45 -85.47
316.37 -121.45 -85.47
316.37 -121.45 -85.47
316.37 -121.45 -85.47
316.37 -121.45 -85.47
316.37 -121.45 -85.47
316.37 -121.45 -85.47
316.37 -121.45 -85.47
316.37 -121.45 -85.47
316.37 -121.45 -85.47
316.37 -121.45 -85.47
316.37 -121.45 -85.47
316.37 -121.45 -85.47
328.37 -112.45 -88.46
328.37 -112.45 -88.46
328.37 -112.45 -88.46
328.37 -112.45 -88.46
328.37 -112.45 -88.46
328.37 -112.45 -88.46
328.37 -112.45 -88.46
328.37 -112.45 -88.46
328.37 -112.45 -88.46
328.37 -112.45 -88.46
328.37 -112.45 -88.46
328.37 -112.45 -88.46
343.36 -103.46 -79.47
343.36 -103.46 -79.47
343.36 -103.46 -79.47
343.36 -103.46 -79.47
343.36 -103.46 -79.47
343.36 -103.46 -79.47
343.36 -103.46 -79.47
343.36 -103.46 -79.47
343.36 -103.46 -79.47
343.36 -103.46 -79.47
343.36 -103.46 -79.47
343.36 -103.46 -79.47
343.36 -103.46 -79.47
355.36 -100.46 -109.46
355.36 -100.46 -109.46
355.36 -100.46 -109.46
355.36 -100.46 -109.46
355.36 -100.46 -109.46
355.36 -100.46 -109.46
355.36 -100.46 -109.46
355.36 -100.46 -109.46
355.36 -100.46 -109.46
355.36 -100.46 -109.46
355.36 -100.46 -109.46
355.36 -100.46 -109.46
374.85 -98.96 -101.96
374.85 -98.96 -101.96
374.85 -98.96 -101.96
374.85 -98.96 -101.96
374.85 -98.96 -101.96
374.85 -98.96 -101.96
374.85 -98.96 -101.96
374.85 -98.96 -101.96
374.85 -98.96 -101.96
374.85 -98.96 -101.96
374.85 -98.96 -101.96
374.85 -98.96 -101.96
374.85 -98.96 -101.96
386.84 -107.96 -104.96
386.84 -107.96 -104.96
386.84 -107.96 -104.96
386.84 -107.96 -104.96
386.84 -107.96 -104.96
386.84 -107.96 -104.96
386.84 -107.96 -104.96
386.84 -107.96 -104.96
386.84 -107.96 -104.96
386.84 -107.96 -104.96
386.84 -107.96 -104.96
386.84 -107.96 -104.96
398.84 -92.96 -95.96
398.84 -92.96 -95.96
398.84 -92.96 -95.96
398.84 -92.96 -95.96
398.84 -92.96 -95.96
398.84 -92.96 -95.96
398.84 -92.96 -95.96
398.84 -92.96 -95.96
398.84 -92.96 -95.96
398.84 -92.96 -95.96
398.84 -92.96 -95.96
398.84 -92.96 -95.96
398.84 -92.96 -95.96
413.83 -83.97 -89.96
413.83 -83.97 -89.96
413.83 -83.97 -89.96
413.83 -83.97 -89.96
413.83 -83.97 -89.96
413.83 -83.97 -89.96
413.83 -83.97 -89.96
413.83 -83.97 -89.96
413.83 -83.97 -89.96
413.83 -83.97 -89.96
413.83 -83.97 -89.96
413.83 -83.97 -89.96
413.83 -83.97 -89.96
440.82 -89.96 -86.96
440.82 -89.96 -86.96
440.82 -89.96 -86.96
440.82 -89.96 -86.96
440.82 -89.96 -86.96
440.82 -89.96 -86.96
440.82 -89.96 -86.96
440.82 -89.96 -86.96
440.82 -89.96 -86.96
440.82 -89.96 -86.96
440.82 -89.96 -86.96
440.82 -89.96 -86.96
436.32 -64.47 -94.46
436.32 -64.47 -94.46
436.32 -64.47 -94.46
436.32 -64.47 -94.46
436.32 -64.47 -94.46
436.32 -64.47 -94.46
436.32 -64.47 -94.46
436.32 -64.47 -94.46
436.32 -64.47 -94.46
436.32 -64.47 -94.46
436.32 -64.47 -94.46
436.32 -64.47 -94.46
436.32 -64.47 -94.46
449.82 -65.97 -71.97
449.82 -65.97 -71.97
449.82 -65.97 -71.97
449.82 -65.97 -71.97
449.82 -65.97 -71.97
449.82 -65.97 -71.97
449.82 -65.97 -71.97
449.82 -65.97 -71.97
449.82 -65.97 -71.97
449.82 -65.97 -71.97
449.82 -65.97 -71.97
449.82 -65.97 -71.97
464.81 -29.99 -74.97
464.81 -29.99 -74.97
464.81 -29.99 -74.97
464.81 -29.99 -74.97
464.81 -29.99 -74.97
464.81 -29.99 -74.97
464.81 -29.99 -74.97
464.81 -29.99 -74.97
464.81 -29.99 -74.97
464.81 -29.99 -74.97
464.81 -29.99 -74.97
464.81 -29.99 -74.97
464.81 -29.99 -74.97
469.31 -28.49 -76.47
469.31 -28.49 -76.47
469.31 -28.49 -76.47
469.31 -28.49 -76.47
469.31 -28.49 -76.47
469.31 -28.49 -76.47
469.31 -28.49 -76.47
469.31 -28.49 -76.47
469.31 -28.49 -76.47
469.31 -28.49 -76.47
469.31 -28.49 -76.47
469.31 -28.49 -76.47
481.30 -7.50 -91.46
481.30 -7.50 -91.46
481.30 -7.50 -91.46
481.30 -7.50 -91.46
481.30 -7.50 -91.46
481.30 -7.50 -91.46
481.30 -7.50 -91.46
481.30 -7.50 -91.46
481.30 -7.50 -91.46
481.30 -7.50 -91.46
481.30 -7.50 -91.46
481.30 -7.50 -91.46
481.30 -7.50 -91.46
487.30 16.49 -94.46
487.30 16.49 -94.46
487.30 16.49 -94.46
487.30 16.49 -94.46
487.30 16.49 -94.46
487.30 16.49 -94.46
487.30 16.49 -94.46
487.30 16.49 -94.46
487.30 16.49 -94.46
487.30 16.49 -94.46
487.30 16.49 -94.46
487.30 16.49 -94.46
494.80 14.99 -92.96
494.80 14.99 -92.96
494.80 14.99 -92.96
494.80 14.99 -92.96
494.80 14.99 -92.96
494.80 14.99 -92.96
494.80 14.99 -92.96
494.80 14.99 -92.96
494.80 14.99 -92.96
494.80 14.99 -92.96
494.80 14.99 -92.96
494.80 14.99 -92.96
494.80 14.99 -92.96
497.80 32.99 -92.96
497.80 32.99 -92.96
497.80 32.99 -92.96
497.80 32.99 -92.96
497.80 32.99 -92.96
497.80 32.99 -92.96
497.80 32.99 -92.96
497.80 32.99 -92.96
497.80 32.99 -92.96
497.80 32.99 -92.96
497.80 32.99 -92.96
497.80 32.99 -92.96
515.79 50.98 -92.96
515.79 50.98 -92.96
515.79 50.98 -92.96
515.79 50.98 -92.96
515.79 50.98 -92.96
515.79 50.98 -92.96
515.79 50.98 -92.96
515.79 50.98 -92.96
515.79 50.98 -92.96
515.79 50.98 -92.96
515.79 50.98 -92.96
515.79 50.98 -92.96
515.79 50.98 -92.96
526.29 79.47 -85.47
526.29 79.47 -85.47
526.29 79.47 -85.47
526.29 79.47 -85.47
526.29 79.47 -85.47
526.29 79.47 -85.47
526.29 79.47 -85.47
526.29 79.47 -85.47
526.29 79.47 -85.47
526.29 79.47 -85.47
526.29 79.47 -85.47
526.29 79.47 -85.47
526.29 79.47 -85.47
524.79 80.97 -89.96
524.79 80.97 -89.96
524.79 80.97 -89.96
524.79 80.97 -89.96
524.79 80.97 -89.96
524.79 80.97 -89.96
524.79 80.97 -89.96
524.79 80.97 -89.96
524.79 80.97 -89.96
524.79 80.97 -89.96
524.79 80.97 -89.96
524.79 80.97 -89.96
538.28 118.45 -91.46
538.28 118.45 -91.46
538.28 118.45 -91.46
538.28 118.45 -91.46
538.28 118.45 -91.46
538.28 118.45 -91.46
538.28 118.45 -91.46
538.28 118.45 -91.46
538.28 118.45 -91.46
538.28 118.45 -91.46
538.28 118.45 -91.46
538.28 118.45 -91.46
538.28 118.45 -91.46
521.79 125.95 -86.96
521.79 125.95 -86.96
521.79 125.95 -86.96
521.79 125.95 -86.96
521.79 125.95 -86.96
521.79 125.95 -86.96
521.79 125.95 -86.96
521.79 125.95 -86.96
521.79 125.95 -86.96
521.79 125.95 -86.96
521.79 125.95 -86.96
521.79 125.95 -86.96
535.28 121.45 -103.46
535.28 121.45 -103.46
535.28 121.45 -103.46
535.28 121.45 -103.46
535.28 121.45 -103.46
535.28 121.45 -103.46
535.28 121.45 -103.46
535.28 121.45 -103.46
535.28 121.45 -103.46
535.28 121.45 -103.46
535.28 121.45 -103.46
535.28 121.45 -103.46
535.28 121.45 -103.46
541.28 151.44 -85.47
541.28 151.44 -85.47
541.28 151.44 -85.47
541.28 151.44 -85.47
541.28 151.44 -85.47
541.28 151.44 -85.47
541.28 151.44 -85.47
541.28 151.44 -85.47
541.28 151.44 -85.47
541.28 151.44 -85.47
541.28 151.44 -85.47
541.28 151.44 -85.47
532.28 163.43 -97.46
532.28 163.43 -97.46
532.28 163.43 -97.46
532.28 163.43 -97.46
532.28 163.43 -97.46
532.28 163.43 -97.46
532.28 163.43 -97.46
532.28 163.43 -97.46
532.28 163.43 -97.46
532.28 163.43 -97.46
532.28 163.43 -97.46
532.28 163.43 -97.46
532.28 163.43 -97.46
530.78 149.94 -104.96
530.78 149.94 -104.96
530.78 149.94 -104.96
530.78 149.94 -104.96
530.78 149.94 -104.96
530.78 149.94 -104.96
530.78 149.94 -104.96
530.78 149.94 -104.96
530.78 149.94 -104.96
530.78 149.94 -104.96
530.78 149.94 -104.96
530.78 149.94 -104.96
538.28 160.43 -106.46
538.28 160.43 -106.46
538.28 160.43 -106.46
538.28 160.43 -106.46
538.28 160.43 -106.46
538.28 160.43 -106.46
538.28 160.43 -106.46
538.28 160.43 -106.46
538.28 160.43 -106.46
538.28 160.43 -106.46
538.28 160.43 -106.46
538.28 160.43 -106.46
538.28 160.43 -106.46
521.79 182.93 -98.96
521.79 182.93 -98.96
521.79 182.93 -98.96
521.79 182.93 -98.96
521.79 182.93 -98.96
521.79 182.93 -98.96
521.79 182.93 -98.96
521.79 182.93 -98.96
521.79 182.93 -98.96
521.79 182.93 -98.96
521.79 182.93 -98.96
521.79 182.93 -98.96
545.78 170.93 -92.96
545.78 170.93 -92.96
545.78 170.93 -92.96
545.78 170.93 -92.96
545.78 170.93 -92.96
545.78 170.93 -92.96
545.78 170.93 -92.96
545.78 170.93 -92.96
545.78 170.93 -92.96
545.78 170.93 -92.96
545.78 170.93 -92.96
545.78 170.93 -92.96
545.78 170.93 -92.96
530.78 197.92 -83.97
530.78 197.92 -83.97
530.78 197.92 -83.97
530.78 197.92 -83.97
530.78 197.92 -83.97
530.78 197.92 -83.97
530.78 197.92 -83.97
530.78 197.92 -83.97
530.78 197.92 -83.97
530.78 197.92 -83.97
530.78 197.92 -83.97
530.78 197.92 -83.97
530.78 197.92 -83.97
533.78 206.92 -92.96
533.78 206.92 -92.96
533.78 206.92 -92.96
533.78 206.92 -92.96
533.78 206.92 -92.96
533.78 206.92 -92.96
533.78 206.92 -92.96
533.78 206.92 -92.96
533.78 206.92 -92.96
533.78 206.92 -92.96
533.78 206.92 -92.96
533.78 206.92 -92.96
545.78 227.91 -89.96
545.78 227.91 -89.96
545.78 227.91 -89.96
545.78 227.91 -89.96
545.78 227.91 -89.96
545.78 227.91 -89.96
545.78 227.91 -89.96
545.78 227.91 -89.96
545.78 227.91 -89.96
545.78 227.91 -89.96
545.78 227.91 -89.96
545.78 227.91 -89.96
545.78 227.91 -89.96
544.28 220.41 -79.47
544.28 220.41 -79.47
544.28 220.41 -79.47
544.28 220.41 -79.47
544.28 220.41 -79.47
544.28 220.41 -79.47
544.28 220.41 -79.47
544.28 220.41 -79.47
544.28 220.41 -79.47
544.28 220.41 -79.47
544.28 220.41 -79.47
544.28 220.41 -79.47
547.28 247.40 -88.46
547.28 247.40 -88.46
547.28 247.40 -88.46
547.28 247.40 -88.46
547.28 247.40 -88.46
547.28 247.40 -88.46
547.28 247.40 -88.46
547.28 247.40 -88.46
547.28 247.40 -88.46
547.28 247.40 -88.46
547.28 247.40 -88.46
547.28 247.40 -88.46
547.28 247.40 -88.46
541.28 268.39 -76.47
541.28 268.39 -76.47
541.28 268.39 -76.47
541.28 268.39 -76.47
541.28 268.39 -76.47
541.28 268.39 -76.47
541.28 268.39 -76.47
541.28 268.39 -76.47
541.28 268.39 -76.47
541.28 268.39 -76.47
541.28 268.39 -76.47
541.28 268.39 -76.47
553.27 316.37 -91.46
553.27 316.37 -91.46
553.27 316.37 -91.46
553.27 316.37 -91.46
553.27 316.37 -91.46
553.27 316.37 -91.46
553.27 316.37 -91.46
553.27 316.37 -91.46
553.27 316.37 -91.46
553.27 316.37 -91.46
553.27 316.37 -91.46
553.27 316.37 -91.46
553.27 316.37 -91.46
560.77 308.87 -98.96
560.77 308.87 -98.96
560.77 308.87 -98.96
560.77 308.87 -98.96
560.77 308.87 -98.96
560.77 308.87 -98.96
560.77 308.87 -98.96
560.77 308.87 -98.96
560.77 308.87 -98.96
560.77 308.87 -98.96
560.77 308.87 -98.96
560.77 308.87 -98.96
551.78 335.86 -95.96
551.78 335.86 -95.96
551.78 335.86 -95.96
551.78 335.86 -95.96
551.78 335.86 -95.96
551.78 335.86 -95.96
551.78 335.86 -95.96
551.78 335.86 -95.96
551.78 335.86 -95.96
551.78 335.86 -95.96
551.78 335.86 -95.96
551.78 335.86 -95.96
551.78 335.86 -95.96
526.29 346.36 -118.45
526.29 346.36 -118.45
526.29 346.36 -118.45
526.29 346.36 -118.45
526.29 346.36 -118.45
526.29 346.36 -118.45
526.29 346.36 -118.45
526.29 346.36 -118.45
526.29 346.36 -118.45
526.29 346.36 -118.45
526.29 346.36 -118.45
526.29 346.36 -118.45
526.29 346.36 -118.45
524.79 353.86 -101.96
524.79 353.86 -101.96
524.79 353.86 -101.96
524.79 353.86 -101.96
524.79 353.86 -101.96
524.79 353.86 -101.96
524.79 353.86 -101.96
524.79 353.86 -101.96
524.79 353.86 -101.96
524.79 353.86 -101.96
524.79 353.86 -101.96
524.79 353.86 -101.96
518.79 383.84 -101.96
518.79 383.84 -101.96
518.79 383.84 -101.96
518.79 383.84 -101.96
518.79 383.84 -101.96
518.79 383.84 -101.96
518.79 383.84 -101.96
518.79 383.84 -101.96
518.79 383.84 -101.96
518.79 383.84 -101.96
518.79 383.84 -101.96
518.79 383.84 -101.96
518.79 383.84 -101.96
499.30 379.35 -109.46
499.30 379.35 -109.46
499.30 379.35 -109.46
499.30 379.35 -109.46
499.30 379.35 -109.46
499.30 379.35 -109.46
499.30 379.35 -109.46
499.30 379.35 -109.46
499.30 379.35 -109.46
499.30 379.35 -109.46
499.30 379.35 -109.46
499.30 379.35 -109.46
502.30 412.33 -121.45
502.30 412.33 -121.45
502.30 412.33 -121.45
502.30 412.33 -121.45
502.30 412.33 -121.45
502.30 412.33 -121.45
502.30 412.33 -121.45
502.30 412.33 -121.45
502.30 412.33 -121.45
502.30 412.33 -121.45
502.30 412.33 -121.45
502.30 412.33 -121.45
502.30 412.33 -121.45
484.30 430.32 -136.44
484.30 430.32 -136.44
484.30 430.32 -136.44
484.30 430.32 -136.44
484.30 430.32 -136.44
484.30 430.32 -136.44
484.30 430.32 -136.44
484.30 430.32 -136.44
484.30 430.32 -136.44
484.30 430.32 -136.44
484.30 430.32 -136.44
484.30 430.32 -136.44
481.30 451.32 -133.45
481.30 451.32 -133.45
481.30 451.32 -133.45
481.30 451.32 -133.45
481.30 451.32 -133.45
481.30 451.32 -133.45
481.30 451.32 -133.45
481.30 451.32 -133.45
481.30 451.32 -133.45
481.30 451.32 -133.45
481.30 451.32 -133.45
481.30 451.32 -133.45
481.30 451.32 -133.45
467.81 449.82 -131.95
467.81 449.82 -131.95
467.81 449.82 -131.95
467.81 449.82 -131.95
467.81 449.82 -131.95
467.81 449.82 -131.95
467.81 449.82 -131.95
467.81 449.82 -131.95
467.81 449.82 -131.95
467.81 449.82 -131.95
467.81 449.82 -131.95
467.81 449.82 -131.95
463.31 478.31 -151.44
463.31 478.31 -151.44
463.31 478.31 -151.44
463.31 478.31 -151.44
463.31 478.31 -151.44
463.31 478.31 -151.44
463.31 478.31 -151.44
463.31 478.31 -151.44
463.31 478.31 -151.44
463.31 478.31 -151.44
463.31 478.31 -151.44
463.31 478.31 -151.44
463.31 478.31 -151.44
448.32 472.31 -154.44
448.32 472.31 -154.44
448.32 472.31 -154.44
448.32 472.31 -154.44
448.32 472.31 -154.44
448.32 472.31 -154.44
448.32 472.31 -154.44
448.32 472.31 -154.44
448.32 472.31 -154.44
448.32 472.31 -154.44
448.32 472.31 -154.44
448.32 472.31 -154.44
448.32 472.31 -154.44
448.32 496.30 -166.43
448.32 496.30 -166.43
448.32 496.30 -166.43
448.32 496.30 -166.43
448.32 496.30 -166.43
448.32 496.30 -166.43
448.32 496.30 -166.43
448.32 496.30 -166.43
448.32 496.30 -166.43
448.32 496.30 -166.43
448.32 496.30 -166.43
448.32 496.30 -166.43
443.82 491.80 -155.94
443.82 491.80 -155.94
443.82 491.80 -155.94
443.82 491.80 -155.94
443.82 491.80 -155.94
443.82 491.80 -155.94
443.82 491.80 -155.94
443.82 491.80 -155.94
443.82 491.80 -155.94
443.82 491.80 -155.94
443.82 491.80 -155.94
443.82 491.80 -155.94
443.82 491.80 -155.94
431.82 491.80 -164.93
431.82 491.80 -164.93
431.82 491.80 -164.93
431.82 491.80 -164.93
431.82 491.80 -164.93
431.82 491.80 -164.93
431.82 491.80 -164.93
431.82 491.80 -164.93
431.82 491.80 -164.93
431.82 491.80 -164.93
431.82 491.80 -164.93
431.82 491.80 -164.93
428.83 500.80 -164.93
428.83 500.80 -164.93
428.83 500.80 -164.93
428.83 500.80 -164.93
428.83 500.80 -164.93
428.83 500.80 -164.93
428.83 500.80 -164.93
428.83 500.80 -164.93
428.83 500.80 -164.93
428.83 500.80 -164.93
428.83 500.80 -164.93
428.83 500.80 -164.93
428.83 500.80 -164.93
413.83 497.80 -176.93
413.83 497.80 -176.93
413.83 497.80 -176.93
413.83 497.80 -176.93
413.83 497.80 -176.93
413.83 497.80 -176.93
413.83 497.80 -176.93
413.83 497.80 -176.93
413.83 497.80 -176.93
413.83 497.80 -176.93
413.83 497.80 -176.93
413.83 497.80 -176.93
395.84 494.80 -176.93
395.84 494.80 -176.93
395.84 494.80 -176.93
395.84 494.80 -176.93
395.84 494.80 -176.93
395.84 494.80 -176.93
395.84 494.80 -176.93
395.84 494.80 -176.93
395.84 494.80 -176.93
395.84 494.80 -176.93
395.84 494.80 -176.93
395.84 494.80 -176.93
395.84 494.80 -176.93
395.84 506.79 -179.93
395.84 506.79 -179.93
395.84 506.79 -179.93
395.84 506.79 -179.93
395.84 506.79 -179.93
395.84 506.79 -179.93
395.84 506.79 -179.93
395.84 506.79 -179.93
395.84 506.79 -179.93
395.84 506.79 -179.93
395.84 506.79 -179.93
395.84 506.79 -179.93
395.84 506.79 -179.93
391.34 514.29 -166.43
391.34 514.29 -166.43
391.34 514.29 -166.43
391.34 514.29 -166.43
391.34 514.29 -166.43
391.34 514.29 -166.43
391.34 514.29 -166.43
391.34 514.29 -166.43
391.34 514.29 -166.43
391.34 514.29 -166.43
391.34 514.29 -166.43
391.34 514.29 -166.43
362.85 521.79 -173.93
362.85 521.79 -173.93
362.85 521.79 -173.93
362.85 521.79 -173.93
362.85 521.79 -173.93
362.85 521.79 -173.93
362.85 521.79 -173.93
362.85 521.79 -173.93
362.85 521.79 -173.93
362.85 521.79 -173.93
362.85 521.79 -173.93
362.85 521.79 -173.93
362.85 521.79 -173.93
359.85 527.79 -176.93
359.85 527.79 -176.93
359.85 527.79 -176.93
359.85 527.79 -176.93
359.85 527.79 -176.93
359.85 527.79 -176.93
359.85 527.79 -176.93
359.85 527.79 -176.93
359.85 527.79 -176.93
359.85 527.79 -176.93
359.85 527.79 -176.93
359.85 527.79 -176.93
347.86 524.79 -173.93
347.86 524.79 -173.93
347.86 524.79 -173.93
347.86 524.79 -173.93
347.86 524.79 -173.93
347.86 524.79 -173.93
347.86 524.79 -173.93
347.86 524.79 -173.93
347.86 524.79 -173.93
347.86 524.79 -173.93
347.86 524.79 -173.93
347.86 524.79 -173.93
347.86 524.79 -173.93
323.87 521.79 -173.93
323.87 521.79 -173.93
323.87 521.79 -173.93
323.87 521.79 -173.93
323.87 521.79 -173.93
323.87 521.79 -173.93
323.87 521.79 -173.93
323.87 521.79 -173.93
323.87 521.79 -173.93
323.87 521.79 -173.93
323.87 521.79 -173.93
323.87 521.79 -173.93
307.37 523.29 -157.44
307.37 523.29 -157.44
307.37 523.29 -157.44
307.37 523.29 -157.44
307.37 523.29 -157.44
307.37 523.29 -157.44
307.37 523.29 -157.44
307.37 523.29 -157.44
307.37 523.29 -157.44
307.37 523.29 -157.44
307.37 523.29 -157.44
307.37 523.29 -157.44
307.37 523.29 -157.44
292.38 526.29 -166.43
292.38 526.29 -166.43
292.38 526.29 -166.43
292.38 526.29 -166.43
292.38 526.29 -166.43
292.38 526.29 -166.43
292.38 526.29 -166.43
292.38 526.29 -166.43
292.38 526.29 -166.43
292.38 526.29 -166.43
292.38 526.29 -166.43
292.38 526.29 -166.43
284.88 536.78 -158.94
284.88 536.78 -158.94
284.88 536.78 -158.94
284.88 536.78 -158.94
284.88 536.78 -158.94
284.88 536.78 -158.94
284.88 536.78 -158.94
284.88 536.78 -158.94
284.88 536.78 -158.94
284.88 536.78 -158.94
284.88 536.78 -158.94
284.88 536.78 -158.94
284.88 536.78 -158.94
256.40 523.29 -142.44
256.40 523.29 -142.44
256.40 523.29 -142.44
256.40 523.29 -142.44
256.40 523.29 -142.44
256.40 523.29 -142.44
256.40 523.29 -142.44
256.40 523.29 -142.44
256.40 523.29 -142.44
256.40 523.29 -142.44
256.40 523.29 -142.44
256.40 523.29 -142.44
256.40 523.29 -142.44
259.39 523.29 -151.44
259.39 523.29 -151.44
259.39 523.29 -151.44
259.39 523.29 -151.44
259.39 523.29 -151.44
259.39 523.29 -151.44
259.39 523.29 -151.44
259.39 523.29 -151.44
259.39 523.29 -151.44
259.39 523.29 -151.44
259.39 523.29 -151.44
259.39 523.29 -151.44
232.41 538.28 -136.44
232.41 538.28 -136.44
232.41 538.28 -136.44
232.41 538.28 -136.44
232.41 538.28 -136.44
232.41 538.28 -136.44
232.41 538.28 -136.44
232.41 538.28 -136.44
232.41 538.28 -136.44
232.41 538.28 -136.44
232.41 538.28 -136.44
232.41 538.28 -136.44
232.41 538.28 -136.44
221.91 542.78 -131.95
221.91 542.78 -131.95
221.91 542.78 -131.95
221.91 542.78 -131.95
221.91 542.78 -131.95
221.91 542.78 -131.95
221.91 542.78 -131.95
221.91 542.78 -131.95
221.91 542.78 -131.95
221.91 542.78 -131.95
221.91 542.78 -131.95
221.91 542.78 -131.95
211.41 547.28 -148.44
211.41 547.28 -148.44
211.41 547.28 -148.44
211.41 547.28 -148.44
211.41 547.28 -148.44
211.41 547.28 -148.44
211.41 547.28 -148.44
211.41 547.28 -148.44
211.41 547.28 -148.44
211.41 547.28 -148.44
211.41 547.28 -148.44
211.41 547.28 -148.44
211.41 547.28 -148.44
197.92 548.78 -149.94
197.92 548.78 -149.94
197.92 548.78 -149.94
197.92 548.78 -149.94
197.92 548.78 -149.94
197.92 548.78 -149.94
197.92 548.78 -149.94
197.92 548.78 -149.94
197.92 548.78 -149.94
197.92 548.78 -149.94
197.92 548.78 -149.94
197.92 548.78 -149.94
191.92 557.77 -143.94
191.92 557.77 -143.94
191.92 557.77 -143.94
191.92 557.77 -143.94
191.92 557.77 -143.94
191.92 557.77 -143.94
191.92 557.77 -143.94
191.92 557.77 -143.94
191.92 557.77 -143.94
191.92 557.77 -143.94
191.92 557.77 -143.94
191.92 557.77 -143.94
191.92 557.77 -143.94
173.93 548.78 -140.94
173.93 548.78 -140.94
173.93 548.78 -140.94
173.93 548.78 -140.94
173.93 548.78 -140.94
173.93 548.78 -140.94
173.93 548.78 -140.94
173.93 548.78 -140.94
173.93 548.78 -140.94
173.93 548.78 -140.94
173.93 548.78 -140.94
173.93 548.78 -140.94
152.94 557.77 -158.94
152.94 557.77 -158.94
152.94 557.77 -158.94
152.94 557.77 -158.94
152.94 557.77 -158.94
152.94 557.77 -158.94
152.94 557.77 -158.94
152.94 557.77 -158.94
152.94 557.77 -158.94
152.94 557.77 -158.94
152.94 557.77 -158.94
152.94 557.77 -158.94
152.94 557.77 -158.94
137.94 539.78 -164.93
137.94 539.78 -164.93
137.94 539.78 -164.93
137.94 539.78 -164.93
137.94 539.78 -164.93
137.94 539.78 -164.93
137.94 539.78 -164.93
137.94 539.78 -164.93
137.94 539.78 -164.93
137.94 539.78 -164.93
137.94 539.78 -164.93
137.94 539.78 -164.93
137.94 539.78 -164.93
130.45 538.28 -160.43
130.45 538.28 -160.43
130.45 538.28 -160.43
130.45 538.28 -160.43
130.45 538.28 -160.43
130.45 538.28 -160.43
130.45 538.28 -160.43
130.45 538.28 -160.43
130.45 538.28 -160.43
130.45 538.28 -160.43
130.45 538.28 -160.43
130.45 538.28 -160.43
103.46 529.28 -163.43
103.46 529.28 -163.43
103.46 529.28 -163.43
103.46 529.28 -163.43
103.46 529.28 -163.43
103.46 529.28 -163.43
103.46 529.28 -163.43
103.46 529.28 -163.43
103.46 529.28 -163.43
103.46 529.28 -163.43
103.46 529.28 -163.43
103.46 529.28 -163.43
103.46 529.28 -163.43
95.96 515.79 -149.94
95.96 515.79 -149.94
95.96 515.79 -149.94
95.96 515.79 -149.94
95.96 515.79 -149.94
95.96 515.79 -149.94
95.96 515.79 -149.94
95.96 515.79 -149.94
95.96 515.79 -149.94
95.96 515.79 -149.94
95.96 515.79 -149.94
95.96 515.79 -149.94
89.96 509.79 -158.94
89.96 509.79 -158.94
89.96 509.79 -158.94
89.96 509.79 -158.94
89.96 509.79 -158.94
89.96 509.79 -158.94
89.96 509.79 -158.94
89.96 509.79 -158.94
89.96 509.79 -158.94
89.96 509.79 -158.94
89.96 509.79 -158.94
89.96 509.79 -158.94
89.96 509.79 -158.94
73.47 502.30 -169.43
73.47 502.30 -169.43
73.47 502.30 -169.43
73.47 502.30 -169.43
73.47 502.30 -169.43
73.47 502.30 -169.43
73.47 502.30 -169.43
73.47 502.30 -169.43
73.47 502.30 -169.43
73.47 502.30 -169.43
73.47 502.30 -169.43
73.47 502.30 -169.43
62.97 488.80 -173.93
62.97 488.80 -173.93
62.97 488.80 -173.93
62.97 488.80 -173.93
62.97 488.80 -173.93
62.97 488.80 -173.93
62.97 488.80 -173.93
62.97 488.80 -173.93
62.97 488.80 -173.93
62.97 488.80 -173.93
62.97 488.80 -173.93
62.97 488.80 -173.93
62.97 488.80 -173.93
64.47 472.31 -157.44
64.47 472.31 -157.44
64.47 472.31 -157.44
64.47 472.31 -157.44
64.47 472.31 -157.44
64.47 472.31 -157.44
64.47 472.31 -157.44
64.47 472.31 -157.44
64.47 472.31 -157.44
64.47 472.31 -157.44
64.47 472.31 -157.44
64.47 472.31 -157.44
64.47 472.31 -157.44
56.98 470.81 -158.94
56.98 470.81 -158.94
56.98 470.81 -158.94
56.98 470.81 -158.94
56.98 470.81 -158.94
56.98 470.81 -158.94
56.98 470.81 -158.94
56.98 470.81 -158.94
56.98 470.81 -158.94
56.98 470.81 -158.94
56.98 470.81 -158.94
56.98 470.81 -158.94
43.48 463.31 -151.44
43.48 463.31 -151.44
43.48 463.31 -151.44
43.48 463.31 -151.44
43.48 463.31 -151.44
43.48 463.31 -151.44
43.48 463.31 -151.44
43.48 463.31 -151.44
43.48 463.31 -151.44
43.48 463.31 -151.44
43.48 463.31 -151.44
43.48 463.31 -151.44
43.48 463.31 -151.44
26.99 458.81 -149.94
26.99 458.81 -149.94
26.99 458.81 -149.94
26.99 458.81 -149.94
26.99 458.81 -149.94
26.99 458.81 -149.94
26.99 458.81 -149.94
26.99 458.81 -149.94
26.99 458.81 -149.94
26.99 458.81 -149.94
26.99 458.81 -149.94
26.99 458.81 -149.94
7.50 436.32 -145.44
7.50 436.32 -145.44
7.50 436.32 -145.44
7.50 436.32 -145.44
7.50 436.32 -145.44
7.50 436.32 -145.44
7.50 436.32 -145.44
7.50 436.32 -145.44
7.50 436.32 -145.44
7.50 436.32 -145.44
7.50 436.32 -145.44
7.50 436.32 -145.44
7.50 436.32 -145.44
3.00 437.82 -140.94
3.00 437.82 -140.94
3.00 437.82 -140.94
3.00 437.82 -140.94
3.00 437.82 -140.94
3.00 437.82 -140.94
3.00 437.82 -140.94
3.00 437.82 -140.94
3.00 437.82 -140.94
3.00 437.82 -140.94
3.00 437.82 -140.94
3.00 437.82 -140.94
-1.50 433.32 -139.44
-1.50 433.32 -139.44
-1.50 433.32 -139.44
-1.50 433.32 -139.44
-1.50 433.32 -139.44
-1.50 433.32 -139.44
-1.50 433.32 -139.44
-1.50 433.32 -139.44
-1.50 433.32 -139.44
-1.50 433.32 -139.44
-1.50 433.32 -139.44
-1.50 433.32 -139.44
-1.50 433.32 -139.44
-10.50 418.33 -130.45
-10.50 418.33 -130.45
-10.50 418.33 -130.45
-10.50 418.33 -130.45
-10.50 418.33 -130.45
-10.50 418.33 -130.45
-10.50 418.33 -130.45
-10.50 418.33 -130.45
-10.50 418.33 -130.45
-10.50 418.33 -130.45
-10.50 418.33 -130.45
-10.50 418.33 -130.45
-14.99 398.84 -155.94
-14.99 398.84 -155.94
-14.99 398.84 -155.94
-14.99 398.84 -155.94
-14.99 398.84 -155.94
-14.99 398.84 -155.94
-14.99 398.84 -155.94
-14.99 398.84 -155.94
-14.99 398.84 -155.94
-14.99 398.84 -155.94
-14.99 398.84 -155.94
-14.99 398.84 -155.94
-14.99 398.84 -155.94
-26.99 392.84 -155.94
-26.99 392.84 -155.94
-26.99 392.84 -155.94
-26.99 392.84 -155.94
-26.99 392.84 -155.94
-26.99 392.84 -155.94
-26.99 392.84 -155.94
-26.99 392.84 -155.94
-26.99 392.84 -155.94
-26.99 392.84 -155.94
-26.99 392.84 -155.94
-26.99 392.84 -155.94
-26.99 392.84 -155.94
-17.99 374.85 -131.95
-17.99 374.85 -131.95
-17.99 374.85 -131.95
-17.99 374.85 -131.95
-17.99 374.85 -131.95
-17.99 374.85 -131.95
-17.99 374.85 -131.95
-17.99 374.85 -131.95
-17.99 374.85 -131.95
-17.99 374.85 -131.95
-17.99 374.85 -131.95
-17.99 374.85 -131.95
-34.49 370.35 -139.44
-34.49 370.35 -139.44
-34.49 370.35 -139.44
-34.49 370.35 -139.44
-34.49 370.35 -139.44
-34.49 370.35 -139.44
-34.49 370.35 -139.44
-34.49 370.35 -139.44
-34.49 370.35 -139.44
-34.49 370.35 -139.44
-34.49 370.35 -139.44
-34.49 370.35 -139.44
-34.49 370.35 -139.44
-35.99 377.85 -140.94
-35.99 377.85 -140.94
-35.99 377.85 -140.94
-35.99 377.85 -140.94
-35.99 377.85 -140.94
-35.99 377.85 -140.94
-35.99 377.85 -140.94
-35.99 377.85 -140.94
-35.99 377.85 -140.94
-35.99 377.85 -140.94
-35.99 377.85 -140.94
-35.99 377.85 -140.94
-38.98 359.85 -137.94
-38.98 359.85 -137.94
-38.98 359.85 -137.94
-38.98 359.85 -137.94
-38.98 359.85 -137.94
-38.98 359.85 -137.94
-38.98 359.85 -137.94
-38.98 359.85 -137.94
-38.98 359.85 -137.94
-38.98 359.85 -137.94
-38.98 359.85 -137.94
-38.98 359.85 -137.94
-38.98 359.85 -137.94
-41.98 347.86 -146.94
-41.98 347.86 -146.94
-41.98 347.86 -146.94
-41.98 347.86 -146.94
-41.98 347.86 -146.94
-41.98 347.86 -146.94
-41.98 347.86 -146.94
-41.98 347.86 -146.94
-41.98 347.86 -146.94
-41.98 347.86 -146.94
-41.98 347.86 -146.94
-41.98 347.86 -146.94
-31.49 325.37 -142.44
-31.49 325.37 -142.44
-31.49 325.37 -142.44
-31.49 325.37 -142.44
-31.49 325.37 -142.44
-31.49 325.37 -142.44
-31.49 325.37 -142.44
-31.49 325.37 -142.44
-31.49 325.37 -142.44
-31.49 325.37 -142.44
-31.49 325.37 -142.44
-31.49 325.37 -142.44
-31.49 325.37 -142.44
-47.98 317.87 -140.94
-47.98 317.87 -140.94
-47.98 317.87 -140.94
-47.98 317.87 -140.94
-47.98 317.87 -140.94
-47.98 317.87 -140.94
-47.98 317.87 -140.94
-47.98 317.87 -140.94
-47.98 317.87 -140.94
-47.98 317.87 -140.94
-47.98 317.87 -140.94
-47.98 317.87 -140.94
-47.98 317.87 -140.94
-58.48 301.38 -142.44
-58.48 301.38 -142.44
-58.48 301.38 -142.44
-58.48 301.38 -142.44
-58.48 301.38 -142.44
-58.48 301.38 -142.44
-58.48 301.38 -142.44
-58.48 301.38 -142.44
-58.48 301.38 -142.44
-58.48 301.38 -142.44
-58.48 301.38 -142.44
-58.48 301.38 -142.44
-71.97 296.88 -143.94
-71.97 296.88 -143.94
-71.97 296.88 -143.94
-71.97 296.88 -143.94
-71.97 296.88 -143.94
-71.97 296.88 -143.94
-71.97 296.88 -143.94
-71.97 296.88 -143.94
-71.97 296.88 -143.94
-71.97 296.88 -143.94
-71.97 296.88 -143.94
-71.97 296.88 -143.94
-71.97 296.88 -143.94
-62.97 260.89 -131.95
-62.97 260.89 -131.95
-62.97 260.89 -131.95
-62.97 260.89 -131.95
-62.97 260.89 -131.95
-62.97 260.89 -131.95
-62.97 260.89 -131.95
-62.97 260.89 -131.95
-62.97 260.89 -131.95
-62.97 260.89 -131.95
-62.97 260.89 -131.95
-62.97 260.89 -131.95
-71.97 254.90 -164.93
-71.97 254.90 -164.93
-71.97 254.90 -164.93
-71.97 254.90 -164.93
-71.97 254.90 -164.93
-71.97 254.90 -164.93
-71.97 254.90 -164.93
-71.97 254.90 -164.93
-71.97 254.90 -164.93
-71.97 254.90 -164.93
-71.97 254.90 -164.93
-71.97 254.90 -164.93
-71.97 254.90 -164.93
-73.47 235.40 -133.45
-73.47 235.40 -133.45
-73.47 235.40 -133.45
-73.47 235.40 -133.45
-73.47 235.40 -133.45
-73.47 235.40 -133.45
-73.47 235.40 -133.45
-73.47 235.40 -133.45
-73.47 235.40 -133.45
-73.47 235.40 -133.45
-73.47 235.40 -133.45
-73.47 235.40 -133.45
-67.47 223.41 -145.44
-67.47 223.41 -145.44
-67.47 223.41 -145.44
-67.47 223.41 -145.44
-67.47 223.41 -145.44
-67.47 223.41 -145.44
-67.47 223.41 -145.44
-67.47 223.41 -145.44
-67.47 223.41 -145.44
-67.47 223.41 -145.44
-67.47 223.41 -145.44
-67.47 223.41 -145.44
-67.47 223.41 -145.44
-79.47 199.42 -142.44
-79.47 199.42 -142.44
-79.47 199.42 -142.44
-79.47 199.42 -142.44
-79.47 199.42 -142.44
-79.47 199.42 -142.44
-79.47 199.42 -142.44
-79.47 199.42 -142.44
-79.47 199.42 -142.44
-79.47 199.42 -142.44
-79.47 199.42 -142.44
-79.47 199.42 -142.44
-74.97 188.92 -149.94
-74.97 188.92 -149.94
-74.97 188.92 -149.94
-74.97 188.92 -149.94
-74.97 188.92 -149.94
-74.97 188.92 -149.94
-74.97 188.92 -149.94
-74.97 188.92 -149.94
-74.97 188.92 -149.94
-74.97 188.92 -149.94
-74.97 188.92 -149.94
-74.97 188.92 -149.94
-74.97 188.92 -149.94
-71.97 155.94 -152.94
-71.97 155.94 -152.94
-71.97 155.94 -152.94
-71.97 155.94 -152.94
-71.97 155.94 -152.94
-71.97 155.94 -152.94
-71.97 155.94 -152.94
-71.97 155.94 -152.94
-71.97 155.94 -152.94
-71.97 155.94 -152.94
-71.97 155.94 -152.94
-71.97 155.94 -152.94
-71.97 155.94 -152.94
-74.97 137.94 -155.94
-74.97 137.94 -155.94
-74.97 137.94 -155.94
-74.97 137.94 -155.94
-74.97 137.94 -155.94
-74.97 137.94 -155.94
-74.97 137.94 -155.94
-74.97 137.94 -155.94
-74.97 137.94 -155.94
-74.97 137.94 -155.94
-74.97 137.94 -155.94
-74.97 137.94 -155.94
-50.98 140.94 -152.94
-50.98 140.94 -152.94
-50.98 140.94 -152.94
-50.98 140.94 -152.94
-50.98 140.94 -152.94
-50.98 140.94 -152.94
-50.98 140.94 -152.94
-50.98 140.94 -152.94
-50.98 140.94 -152.94
-50.98 140.94 -152.94
-50.98 140.94 -152.94
-50.98 140.94 -152.94
-50.98 140.94 -152.94
-61.47 97.46 -160.43
-61.47 97.46 -160.43
-61.47 97.46 -160.43
-61.47 97.46 -160.43
-61.47 97.46 -160.43
-61.47 97.46 -160.43
-61.47 97.46 -160.43
-61.47 97.46 -160.43
-61.47 97.46 -160.43
-61.47 97.46 -160.43
-61.47 97.46 -160.43
-61.47 97.46 -160.43
-62.97 89.96 -140.94
-62.97 89.96 -140.94
-62.97 89.96 -140.94
-62.97 89.96 -140.94
-62.97 89.96 -140.94
-62.97 89.96 -140.94
-62.97 89.96 -140.94
-62.97 89.96 -140.94
-62.97 89.96 -140.94
-62.97 89.96 -140.94
-62.97 89.96 -140.94
-62.97 89.96 -140.94
-62.97 89.96 -140.94
-61.47 76.47 -139.44
-61.47 76.47 -139.44
-61.47 76.47 -139.44
-61.47 76.47 -139.44
-61.47 76.47 -139.44
-61.47 76.47 -139.44
-61.47 76.47 -139.44
-61.47 76.47 -139.44
-61.47 76.47 -139.44
-61.47 76.47 -139.44
-61.47 76.47 -139.44
-61.47 76.47 -139.44
-43.48 70.47 -136.44
-43.48 70.47 -136.44
-43.48 70.47 -136.44
-43.48 70.47 -136.44
-43.48 70.47 -136.44
-43.48 70.47 -136.44
-43.48 70.47 -136.44
-43.48 70.47 -136.44
-43.48 70.47 -136.44
-43.48 70.47 -136.44
-43.48 70.47 -136.44
-43.48 70.47 -136.44
-43.48 70.47 -136.44
-61.47 55.48 -133.45
-61.47 55.48 -133.45
-61.47 55.48 -133.45
-61.47 55.48 -133.45
-61.47 55.48 -133.45
-61.47 55.48 -133.45
-61.47 55.48 -133.45
-61.47 55.48 -133.45
-61.47 55.48 -133.45
-61.47 55.48 -133.45
-61.47 55.48 -133.45
-61.47 55.48 -133.45
-61.47 55.48 -133.45
-43.48 43.48 -127.45
-43.48 43.48 -127.45
-43.48 43.48 -127.45
-43.48 43.48 -127.45
-43.48 43.48 -127.45
-43.48 43.48 -127.45
-43.48 43.48 -127.45
-43.48 43.48 -127.45
-43.48 43.48 -127.45
-43.48 43.48 -127.45
-43.48 43.48 -127.45
-43.48 43.48 -127.45
-50.98 35.99 -137.94
-50.98 35.99 -137.94
-50.98 35.99 -137.94
-50.98 35.99 -137.94
-50.98 35.99 -137.94
-50.98 35.99 -137.94
-50.98 35.99 -137.94
-50.98 35.99 -137.94
-50.98 35.99 -137.94
-50.98 35.99 -137.94
-50.98 35.99 -137.94
-50.98 35.99 -137.94
-50.98 35.99 -137.94
-28.49 40.48 -136.44
-28.49 40.48 -136.44
-28.49 40.48 -136.44
-28.49 40.48 -136.44
-28.49 40.48 -136.44
-28.49 40.48 -136.44
-28.49 40.48 -136.44
-28.49 40.48 -136.44
-28.49 40.48 -136.44
-28.49 40.48 -136.44
-28.49 40.48 -136.44
-28.49 40.48 -136.44
-10.50 19.49 -133.45
-10.50 19.49 -133.45
-10.50 19.49 -133.45
-10.50 19.49 -133.45
-10.50 19.49 -133.45
-10.50 19.49 -133.45
-10.50 19.49 -133.45
-10.50 19.49 -133.45
-10.50 19.49 -133.45
-10.50 19.49 -133.45
-10.50 19.49 -133.45
-10.50 19.49 -133.45
-10.50 19.49 -133.45
-22.49 -1.50 -127.45
-22.49 -1.50 -127.45
-22.49 -1.50 -127.45
-22.49 -1.50 -127.45
-22.49 -1.50 -127.45
-22.49 -1.50 -127.45
-22.49 -1.50 -127.45
-22.49 -1.50 -127.45
-22.49 -1.50 -127.45
-22.49 -1.50 -127.45
-22.49 -1.50 -127.45
-22.49 -1.50 -127.45
-7.50 -13.49 -145.44
-7.50 -13.49 -145.44
-7.50 -13.49 -145.44
-7.50 -13.49 -145.44
-7.50 -13.49 -145.44
-7.50 -13.49 -145.44
-7.50 -13.49 -145.44
-7.50 -13.49 -145.44
-7.50 -13.49 -145.44
-7.50 -13.49 -145.44
-7.50 -13.49 -145.44
-7.50 -13.49 -145.44
-7.50 -13.49 -145.44
-1.50 -31.49 -148.44
-1.50 -31.49 -148.44
-1.50 -31.49 -148.44
-1.50 -31.49 -148.44
-1.50 -31.49 -148.44
-1.50 -31.49 -148.44
-1.50 -31.49 -148.44
-1.50 -31.49 -148.44
-1.50 -31.49 -148.44
-1.50 -31.49 -148.44
-1.50 -31.49 -148.44
-1.50 -31.49 -148.44
22.49 -61.47 -127.45
22.49 -61.47 -127.45
22.49 -61.47 -127.45
22.49 -61.47 -127.45
22.49 -61.47 -127.45
22.49 -61.47 -127.45
22.49 -61.47 -127.45
22.49 -61.47 -127.45
22.49 -61.47 -127.45
22.49 -61.47 -127.45
22.49 -61.47 -127.45
22.49 -61.47 -127.45
22.49 -61.47 -127.45
23.99 -74.97 -125.95
23.99 -74.97 -125.95
23.99 -74.97 -125.95
23.99 -74.97 -125.95
23.99 -74.97 -125.95
23.99 -74.97 -125.95
23.99 -74.97 -125.95
23.99 -74.97 -125.95
23.99 -74.97 -125.95
23.99 -74.97 -125.95
23.99 -74.97 -125.95
23.99 -74.97 -125.95
23.99 -74.97 -125.95
25.49 -88.46 -112.45
25.49 -88.46 -112.45
25.49 -88.46 -112.45
25.49 -88.46 -112.45
25.49 -88.46 -112.45
25.49 -88.46 -112.45
25.49 -88.46 -112.45
25.49 -88.46 -112.45
25.49 -88.46 -112.45
25.49 -88.46 -112.45
25.49 -88.46 -112.45
25.49 -88.46 -112.45
58.48 -88.46 -109.46
58.48 -88.46 -109.46
58.48 -88.46 -109.46
58.48 -88.46 -109.46
58.48 -88.46 -109.46
58.48 -88.46 -109.46
58.48 -88.46 -109.46
58.48 -88.46 -109.46
58.48 -88.46 -109.46
58.48 -88.46 -109.46
58.48 -88.46 -109.46
58.48 -88.46 -109.46
58.48 -88.46 -109.46
64.47 -112.45 -112.45
64.47 -112.45 -112.45
64.47 -112.45 -112.45
64.47 -112.45 -112.45
64.47 -112.45 -112.45
64.47 -112.45 -112.45
64.47 -112.45 -112.45
64.47 -112.45 -112.45
64.47 -112.45 -112.45
64.47 -112.45 -112.45
64.47 -112.45 -112.45
64.47 -112.45 -112.45
79.47 -118.45 -109.46
79.47 -118.45 -109.46
79.47 -118.45 -109.46
79.47 -118.45 -109.46
79.47 -118.45 -109.46
79.47 -118.45 -109.46
79.47 -118.45 -109.46
79.47 -118.45 -109.46
79.47 -118.45 -109.46
79.47 -118.45 -109.46
79.47 -118.45 -109.46
79.47 -118.45 -109.46
79.47 -118.45 -109.46
92.96 -119.95 -113.95
92.96 -119.95 -113.95
92.96 -119.95 -113.95
92.96 -119.95 -113.95
92.96 -119.95 -113.95
92.96 -119.95 -113.95
92.96 -119.95 -113.95
92.96 -119.95 -113.95
92.96 -119.95 -113.95
92.96 -119.95 -113.95
92.96 -119.95 -113.95
92.96 -119.95 -113.95
82.47 -118.45 -97.46
82.47 -118.45 -97.46
82.47 -118.45 -97.46
82.47 -118.45 -97.46
82.47 -118.45 -97.46
82.47 -118.45 -97.46
82.47 -118.45 -97.46
82.47 -118.45 -97.46
82.47 -118.45 -97.46
82.47 -118.45 -97.46
82.47 -118.45 -97.46
82.47 -118.45 -97.46
82.47 -118.45 -97.46
100.46 -121.45 -88.46
100.46 -121.45 -88.46
100.46 -121.45 -88.46
100.46 -121.45 -88.46
100.46 -121.45 -88.46
100.46 -121.45 -88.46
100.46 -121.45 -88.46
100.46 -121.45 -88.46
100.46 -121.45 -88.46
100.46 -121.45 -88.46
100.46 -121.45 -88.46
100.46 -121.45 -88.46
118.45 -139.44 -97.46
118.45 -139.44 -97.46
118.45 -139.44 -97.46
118.45 -139.44 -97.46
118.45 -139.44 -97.46
118.45 -139.44 -97.46
118.45 -139.44 -97.46
